[1,["8fN0bHPa1Ad6eKbUVWtlkx@6c48a"],["_textureSource"],["cc.SpriteFrame"],0,[{"name":"h08","rect":{"x":0,"y":0,"width":107,"height":63},"offset":{"x":0,"y":0},"originalSize":{"width":107,"height":63},"rotated":false,"capInsets":[0,0,0,0],"vertices":{"rawPosition":[-53.5,-31.5,0,53.5,-31.5,0,-53.5,31.5,0,53.5,31.5,0],"indexes":[0,1,2,2,1,3],"uv":[0,63,107,63,0,0,107,0],"nuv":[0,0,1,0,0,1,1,1],"minPos":{"x":-53.5,"y":-31.5,"z":0},"maxPos":{"x":53.5,"y":31.5,"z":0}},"packable":true,"pixelsToUnit":100,"pivot":{"x":0.5,"y":0.5},"meshType":0}],[0],0,[0],[0],[0]]
