[1,["1f13254f2@6c48a"],["_textureSource"],["cc.SpriteFrame"],0,[[[{"name":"loseImgFace","rect":{"x":196,"y":529,"width":209,"height":209},"offset":{"x":0,"y":0},"originalSize":{"width":209,"height":209},"rotated":false,"capInsets":[0,0,0,0],"packable":true,"pixelsToUnit":100,"pivot":{"x":0.5,"y":0.5},"meshType":0}],[0],0,[0],[0],[0]],[[{"name":"loseImgHeart01","rect":{"x":166,"y":3,"width":315,"height":272},"offset":{"x":0,"y":0},"originalSize":{"width":315,"height":272},"rotated":false,"capInsets":[0,0,0,0],"packable":true,"pixelsToUnit":100,"pivot":{"x":0.5,"y":0.5},"meshType":0}],[0],0,[0],[0],[0]],[[{"name":"loseImgEye","rect":{"x":108,"y":569,"width":158,"height":82},"offset":{"x":0,"y":0},"originalSize":{"width":158,"height":82},"rotated":true,"capInsets":[0,0,0,0],"packable":true,"pixelsToUnit":100,"pivot":{"x":0.5,"y":0.5},"meshType":0}],[0],0,[0],[0],[0]],[[{"name":"loseTitle","rect":{"x":3,"y":3,"width":560,"height":157},"offset":{"x":0,"y":0},"originalSize":{"width":560,"height":157},"rotated":true,"capInsets":[0,0,0,0],"packable":true,"pixelsToUnit":100,"pivot":{"x":0.5,"y":0.5},"meshType":0}],[0],0,[0],[0],[0]],[[{"name":"loseImgHeart02","rect":{"x":166,"y":281,"width":285,"height":242},"offset":{"x":0,"y":0},"originalSize":{"width":285,"height":242},"rotated":false,"capInsets":[0,0,0,0],"packable":true,"pixelsToUnit":100,"pivot":{"x":0.5,"y":0.5},"meshType":0}],[0],0,[0],[0],[0]],[[{"name":"loseImgTear","rect":{"x":3,"y":569,"width":144,"height":99},"offset":{"x":-0.5,"y":-53},"originalSize":{"width":209,"height":209},"rotated":true,"capInsets":[0,0,0,0],"packable":true,"pixelsToUnit":100,"pivot":{"x":0.5,"y":0.5},"meshType":0}],[0],0,[0],[0],[0]]]]
