[1,["f5IlXHcIRBG51CJpyCg1JP","92VmI5lBFD7LiF52AE0uls@6c48a","1brw/JvvpFnIvdrxpFCgMZ","65t1L/KuNGyZHHa5aZjQQO","1cNmXA1lRDRbdVOnQTVCo+@a2ae3"],["node","mainTexture","_effectAsset","root","data","_mesh","_defaultClip"],[["cc.Node",["_name","_prefab","_children","_components","_euler","_parent","_lrot","_lscale"],2,4,2,9,5,1,5,5],["cc.Mesh",["_native","_hash","_struct"],1,11],["cc.Material",["_name","_states","_defines","_props"],0,12],["cc.Prefab",["_name"],2],["cc.Animation",["playOnLoad","node","__prefab","_clips","_defaultClip"],2,1,4,3,6],["cc.CompPrefabInfo",["fileId"],2],["cc.RigidBody",["_type","node","__prefab"],2,1,4],["52708yzRJRNKKmsD4pqaco/",["colliderName","node","__prefab"],2,1,4],["cc.BoxCollider",["_isTrigger","node","__prefab","_size"],2,1,4,5],["cc.PrefabInfo",["fileId","instance","targetOverrides","nestedPrefabInstanceRoots","root","asset"],-1,1,1],["cc.MeshRenderer",["_shadowCastingMode","node","__prefab","_materials","bakeSettings","_mesh"],2,1,4,3,4,6],["cc.ModelBakeSettings",[],3]],[[5,0,2],[9,0,1,2,3,4,5,5],[1,0,1,2,3],[2,0,1,2,3,4],[3,0,2],[0,0,2,3,1,4,2],[0,0,5,2,1,2],[0,0,5,3,1,6,7,4,2],[4,0,1,2,3,4,2],[6,0,1,2,2],[7,0,1,2,2],[8,0,1,2,3,2],[10,0,1,2,3,4,5,2],[11,1]],[[[[2,".bin",2578357743,[{"primitives":[{"primitiveMode":7,"vertexBundelIndices":[0],"indexView":{"offset":38208,"length":3600,"count":1800,"stride":2}}],"vertexBundles":[{"view":{"offset":0,"length":38208,"count":796,"stride":48},"attributes":[{"name":"a_position","format":32,"isNormalized":false},{"name":"a_normal","format":32,"isNormalized":false},{"name":"a_texCoord","format":21,"isNormalized":false},{"name":"a_tangent","format":44,"isNormalized":false}]}]},"minPosition",8,[1,-0.06237412244081497,-0.01176187489181757,-0.06535432487726212],"maxPosition",8,[1,0.06237412244081497,0.011761872097849846,0.06535432487726212]]],-1],0,0,[],[],[]],[[[3,"rotatingBlade",[{"rasterizerState":{},"depthStencilState":{},"blendState":{"targets":[{}]}},{},{}],[{"USE_INSTANCING":true,"USE_ALBEDO_MAP":true},{},{}],[[[{"roughness":0.70710676908493,"metallic":0},"albedoScale",8,[1,0.588235318660736,0.588235318660736,0.588235318660736],"mainTexture",6,0],{},{}],11,0,0]]],0,0,[0,0],[1,2],[1,2]],[[[4,"rotatingBlade"],[5,"rotatingBlade",[-6],[[8,true,-2,[0,"96hv7o5t5H4KmIR/Tusa+Y"],[2],3],[9,2,-3,[0,"33m8SJghBL1qiNVcaRJgF5"]],[10,27,-4,[0,"5153dVB3dO8qbDisDHnxRA"]],[11,true,-5,[0,"e3g/A3aj1F0Zhj20IQ3B15"],[1,0.25,0.25,0.08]]],[1,"7fHuCCZEJKGaVJSEp+k4B0",null,null,null,-1,0],[1,180,180,39.4032700054813]],[6,"RootNode",1,[-7],[1,"4cbBaOWqxOD7Tce8Mpvi9q",null,null,null,1,0]],[7,"rotatingBlade",2,[[12,1,-8,[0,"4bK8cfAiZeI5RX1xw3PSDt"],[0],[13],1]],[1,"5bwotY7BxJ2J6n0Co3p7VG",null,null,null,1,0],[3,-0.7071067811865476,0,0,0.7071067811865476],[1,2.53999996185303,2.53999996185303,2.53999996185303],[1,-90.00000000000003,0,0]]],0,[0,3,1,0,0,1,0,0,1,0,0,1,0,0,1,0,-1,2,0,-1,3,0,0,3,0,4,1,8],[0,0,0,0],[-1,5,-1,6],[3,4,0,0]]]]
