[1,["a4aticAz9IiJFp7qqWgdZE","cf+qiulHZPGp4BgXMrXEhH","c8qnZEyLpFea058+ok38Tb@1727c","da+9jPZvZMA51e6gw8V3mE@6c48a","a3zQCfCrBCDZJ4uf2rk5u8"],["node","root","data","_mesh","_defaultClip","mainTexture","_effectAsset"],[["cc.Node",["_name","_prefab","_children","_components","_lscale","_parent","_lpos","_lrot","_euler"],2,4,2,9,5,1,5,5,5],["cc.Prefab",["_name"],2],["cc.Animation",["node","__prefab","_clips","_defaultClip"],3,1,4,3,6],["cc.CompPrefabInfo",["fileId"],2],["cc.RigidBody",["_group","_type","node","__prefab"],1,1,4],["cc.BoxCollider",["_isTrigger","node","__prefab","_center","_size"],2,1,4,5,5],["52708yzRJRNKKmsD4pqaco/",["colliderName","node","__prefab"],2,1,4],["cc.PrefabInfo",["fileId","instance","targetOverrides","nestedPrefabInstanceRoots","root","asset"],-1,1,1],["cc.MeshRenderer",["_shadowCastingMode","node","__prefab","_materials","bakeSettings","_mesh"],2,1,4,3,4,6],["cc.ModelBakeSettings",[],3],["cc.Mesh",["_native","_hash","_struct"],1,11],["cc.Material",["_name","_states","_defines","_props"],0,12]],[[3,0,2],[7,0,1,2,3,4,5,5],[1,0,2],[0,0,2,3,1,4,2],[0,0,5,2,1,2],[0,0,5,3,1,6,7,4,8,2],[2,0,1,2,3,1],[4,0,1,2,3,3],[5,0,1,2,3,4,2],[6,0,1,2,2],[8,0,1,2,3,4,5,2],[9,1],[10,0,1,2,3],[11,0,1,2,3,4]],[[[[2,"diamond"],[3,"diamond",[-6],[[6,-2,[0,"472iHDALpFipGp1y7qdGuq"],[2],3],[7,4,2,-3,[0,"eb7zTfUzlJU6rGkAnRetq3"]],[8,true,-4,[0,"b8I/dD+H5PP4UTn5o9b68K"],[1,0,0.08,0],[1,0.1,0.18,0.1]],[9,9,-5,[0,"25KCJjM01Ok6fcJFMGhY6Y"]]],[1,"0aZUCNyAFCVaeKk2bS+CSG",null,null,null,-1,0],[1,2,2,2]],[4,"RootNode",1,[-7],[1,"7aWxQxsbtBDIvJdXSZXi+z",null,null,null,1,0]],[5,"diamond",2,[[10,1,-8,[0,"ecseUluJtTuIr+ixIxF4R8"],[0],[11],1]],[1,"efmH5IjmRHg77ek4XNlAuT",null,null,null,1,0],[1,0,0.061,0],[3,-0.7071067811865476,0,0,0.7071067811865476],[1,0.03,0.03,0.03],[1,-90.00000000000003,0,0]]],0,[0,1,1,0,0,1,0,0,1,0,0,1,0,0,1,0,-1,2,0,-1,3,0,0,3,0,2,1,8],[0,0,0,0],[-1,3,-1,4],[1,2,0,0]],[[[12,".bin",6351775,[{"primitives":[{"primitiveMode":7,"vertexBundelIndices":[0],"indexView":{"offset":64512,"length":4476,"count":2238,"stride":2}}],"vertexBundles":[{"view":{"offset":0,"length":64512,"count":1344,"stride":48},"attributes":[{"name":"a_position","format":32,"isNormalized":false},{"name":"a_normal","format":32,"isNormalized":false},{"name":"a_texCoord","format":21,"isNormalized":false},{"name":"a_tangent","format":44,"isNormalized":false}]}]},"minPosition",8,[1,-2.2684922218322754,-1.6316819190979004,-2.2684922218322754],"maxPosition",8,[1,2.2684922218322754,2.9055287837982178,2.2684922218322754]]],-1],0,0,[],[],[]],[[[13,"diamond",[{"rasterizerState":{},"depthStencilState":{},"blendState":{"targets":[{}]}},{"rasterizerState":{},"depthStencilState":{},"blendState":{"targets":[{}]}},{"rasterizerState":{},"depthStencilState":{},"blendState":{"targets":[{}]}}],[{"USE_INSTANCING":true},{},{}],[[[{},"mainColor",8,[4,4288371849],"mainTexture",6,0],{},{}],11,0,0]]],0,0,[0,0],[5,6],[3,4]]]]
