[1,["3d05H1nJRNCa20T2uPvYMu","0ac/NXmOlAy4EjV7VL6gwz","31x9rhkpdIcI5T4TmaKtM4@6c48a","55KyVNW0tICbHYPk4WZaDX@6c48a","d4SGYVMsBOKYT24gf/Sy8P","27g/QIk3tJ97v5cJfx1do6","12Y9dMgWdJKJGmTiZyQR9H@2e76e","daJoZof/BIQqH/zwa3J6p+","d1NGQ2rJZCcbhjH0/erZWw","42ZkgZPjZJMaou8fU45HLg@6c48a","a3zQCfCrBCDZJ4uf2rk5u8"],["node","_particleSystem","_mainTexture","asset","mainTexture","_effectAsset","root","data","_mesh","_defaultClip"],[["cc.CurveRange",["mode","constantMax","constantMin","constant","multiplier","spline"],-2,4],["cc.RealKeyframeValue",["interpolationMode","leftTangent","value","rightTangent"],-1],["cc.GradientRange",["_mode","colorMin","colorMax","gradient","color"],2,5,5,4,5],["cc.Material",["_name","_states","_defines","_techIdx","_props"],-1,12],["cc.Node",["_name","_prefab","_children","_parent","_components","_lpos","_lscale"],2,4,2,1,9,5,5],["cc.Node",["_name","_parent","_components","_prefab","_lrot","_euler","_lscale"],2,1,2,4,5,5,5],["cc.ParticleSystem",["duration","loop","_capacity","scaleSpace","_simulationSpace","node","__prefab","_materials","startColor","startSizeX","startSizeY","startSizeZ","startSpeed","startRotationX","startRotationY","startRotationZ","startDelay","startLifetime","gravityModifier","rateOverTime","rateOverDistance","_colorOverLifetimeModule","_shapeModule","_sizeOvertimeModule","_velocityOvertimeModule","_forceOvertimeModule","_limitVelocityOvertimeModule","_rotationOvertimeModule","_textureAnimationModule","_trailModule","renderer"],-2,1,4,3,4,4,4,4,4,4,4,4,4,4,4,4,4,4,4,4,4,4,4,4,4,4,4],["cc.ShapeModule",["_enable","radius","length","_angle","emitFrom","radiusThickness","arcSpeed","_scale"],-3,4,5],["cc.TextureAnimationModule",["_enable","_numTilesX","_numTilesY","cycleCount","frameOverTime","startFrame"],-1,4,4],["cc.ParticleSystemRenderer",["_renderMode","_velocityScale","_lengthScale","_mainTexture"],0,6],["cc.ColorKey",["time","color"],2,5],["cc.AlphaKey",["alpha","time"],1],["cc.Prefab",["_name"],2],["cc.PrefabInfo",["fileId","instance","targetOverrides","nestedPrefabInstanceRoots","root","asset"],-1,1,6],["cc.PrefabInfo",["fileId","instance","targetOverrides","nestedPrefabInstanceRoots","root","asset"],-1,1,1],["cc.MeshRenderer",["_name","node","__prefab","_materials","bakeSettings","_mesh"],2,1,4,3,4,6],["cc.CompPrefabInfo",["fileId"],2],["cc.ModelBakeSettings",[],3],["cc.Animation",["playOnLoad","node","__prefab","_clips","_defaultClip"],2,1,4,3,6],["cc.ColorOvertimeModule",["_enable","color"],2,4],["cc.SizeOvertimeModule",["_enable","size","x","y","z"],2,4,4,4,4],["cc.RealCurve",["preExtrapolation","_times","_values"],1,9],["cc.VelocityOvertimeModule",["x","y","z","speedModifier"],3,4,4,4,4],["cc.ForceOvertimeModule",["x","y","z"],3,4,4,4],["cc.LimitVelocityOvertimeModule",["limitX","limitY","limitZ","limit"],3,4,4,4,4],["cc.RotationOvertimeModule",["x","y","z"],3,4,4,4],["cc.TrailModule",["lifeTime","widthRatio","colorOverTrail","colorOvertime","_particleSystem"],3,4,4,4,4,1],["cc.Gradient",["colorKeys","alphaKeys"],3,9,9]],[[0,1],[0,3,2],[16,0,2],[21,0,1,2,3],[2,0,1,2,2],[0,0,2,1,4],[0,0,5,2],[1,0,2,3,1,5],[13,0,1,2,3,4,5,5],[14,0,1,2,3,4,5,5],[2,1],[2,4,1],[19,0,1,2],[20,0,1,2,3,4,2],[1,0,2,1,4],[22,0,1,2,3,1],[23,0,1,2,1],[24,0,1,2,3,1],[25,0,1,2,1],[26,0,1,2,3,4,1],[3,0,3,1,2,4,5],[12,0,2],[4,0,2,1,2],[4,0,3,4,1,5,6,2],[5,0,1,2,3,4,5,2],[5,0,1,2,3,4,6,5,2],[15,0,1,2,3,4,5,2],[17,1],[18,0,1,2,3,4,2],[6,3,0,1,2,4,5,6,7,8,9,10,11,12,13,14,15,16,17,18,19,20,21,22,23,24,25,26,27,28,29,30,6],[6,0,1,2,5,6,7,8,9,10,11,12,13,14,15,16,17,18,19,20,21,22,23,24,25,26,27,28,29,30,4],[2,0,3,2],[0,0,1,3],[0,0,4,5,3],[7,0,4,1,2,3,6,6],[7,0,1,5,2,3,6,7,6],[1,0,1,3],[1,0,3,1,4],[1,0,2,3,4],[8,0,1,2,3,4,5,5],[8,4,5,1],[9,3,1],[9,0,1,2,3,4],[27,0,1,1],[10,1,1],[10,0,1,2],[11,0,2],[11,0,1,3],[3,0,1,2,4,4]],[[[[20,"lightQ",1,[{"blendState":{"targets":[{}]},"depthStencilState":{},"rasterizerState":{}}],[{"USE_TEXTURE":true}],[[[{},"mainTexture",6,0]],11]]],0,0,[0,0],[4,5],[9,10]],[[[21,"levelUp"],[22,"levelUp",[-2,-3,-4],[8,"615o3HQCRHa7YOQzK1KtO6",null,null,null,-1,11]],[23,"lightQ",1,[[26,"Plane<ModelComponent>",-5,[2,"15G8JSoE5Bd4qLuQAiSuQy"],[3],[27],4],[28,true,-6,[2,"95k+NdhFVF16UBhXqwx4Q0"],[5],6]],[8,"36aqDp6DJNFJkdgi+6mMxr",null,null,null,1,7],[1,0,0.05,0],[1,0.09,0.09,0.09]],[24,"lightUp02",1,[-7],[8,"1120tYDUZNaK4s2ORRNupA",null,null,null,1,2],[3,0.7071067811865475,0,0,0.7071067811865476],[1,89.99999999999999,0,0]],[29,0,0.5,false,80,0,3,[2,"161bhoP8RKFp30flDZIqLZ"],[0],[4,2,[4,4286642943],[4,4283686399]],[5,3,0.02,0.08],[0],[0],[5,3,0.7,1.6],[0],[0],[32,3,6.283185307179586],[0],[1,0.5],[1,0.1],[1,100],[0],[12,true,[4,2,[4,4281401319],[4,4285005309]]],[34,true,0,0.2,0.5,0.22689280275926285,[1,1]],[13,true,[6,1,[3,2,[0,1],[[7,2,0.22,3.1,2],[36,2,-2.37]]]],[0],[0],[0]],[15,[0],[0],[0],[1,1]],[16,[0],[0],[0]],[17,[0],[0],[0],[0]],[18,[0],[0],[0]],[39,true,4,2,1,[6,1,[3,2,[0,1],[[37,2,1,1],[7,2,1,1,1]]]],[0]],[19,[1,1],[0],[10],[10],-8],[41,1]],[25,"lightUp01",1,[-9],[8,"2e/++9al5IGpYfoYUs5Txy",null,null,null,1,10],[3,0.7071067811865475,0,0,0.7071067811865476],[1,1.872,1.343,1],[1,90,0,0]],[30,0.5,false,70,5,[2,"554xIv5IdBcq2iiOYTEgzm"],[8],[31,4,[43,[[44,[4,28897791]],[45,1,[4,28441087]]],[[46,200],[47,200,1]]]],[1,0.04],[0],[0],[33,1,2,[3,2,[0,1],[[38,2,0.6,0.4],[14,2,0.23,-0.62]]]],[0],[0],[0],[0],[5,3,0.4,0.2],[0],[1,70],[0],[12,true,[4,2,[4,4289526013],[4,4286834940]]],[35,true,0.3,0.5,0.3,0.008726646259971648,[1,1],[1,0.333,0.428,0.668]],[13,true,[6,1,[3,2,[0,1],[[7,2,0.57,0.75,2],[14,2,0.14,-1.52]]]],[0],[0],[0]],[15,[0],[0],[0],[1,1]],[16,[0],[0],[0]],[17,[0],[0],[0],[0]],[18,[0],[0],[0]],[40,[0],[0]],[19,[1,1],[1,1],[11,[4,4283737885]],[11,[4,4283159944]],-10],[42,1,0.05,5,9]]],0,[0,6,1,0,-1,3,0,-2,2,0,-3,5,0,0,2,0,0,2,0,-1,4,0,1,4,0,-1,6,0,1,6,0,7,1,10],[0,0,0,0,0,0,0,0,0,0,0,0],[-1,2,3,-1,8,-1,9,3,-1,2,3,3],[4,2,0,5,6,1,1,0,7,3,0,0]],[[[21,"levelUp"],[22,"levelUp",[-2,-3,-4],[9,"615o3HQCRHa7YOQzK1KtO6",null,null,null,-1,0]],[23,"lightQ",1,[[26,"Plane<ModelComponent>",-5,[2,"15G8JSoE5Bd4qLuQAiSuQy"],[2],[27],3],[28,true,-6,[2,"95k+NdhFVF16UBhXqwx4Q0"],[4],5]],[9,"36aqDp6DJNFJkdgi+6mMxr",null,null,null,1,0],[1,0,0.05,0],[1,0.09,0.09,0.09]],[24,"lightUp02",1,[-7],[9,"1120tYDUZNaK4s2ORRNupA",null,null,null,1,0],[3,0.7071067811865475,0,0,0.7071067811865476],[1,89.99999999999999,0,0]],[29,0,0.5,false,80,0,3,[2,"161bhoP8RKFp30flDZIqLZ"],[0],[4,2,[4,4286642943],[4,4283686399]],[5,3,0.02,0.08],[0],[0],[5,3,0.7,1.6],[0],[0],[32,3,6.283185307179586],[0],[1,0.5],[1,0.1],[1,100],[0],[12,true,[4,2,[4,4281401319],[4,4285005309]]],[34,true,0,0.2,0.5,0.22689280275926285,[1,1]],[13,true,[6,1,[3,2,[0,1],[[7,2,0.22,3.1,2],[36,2,-2.37]]]],[0],[0],[0]],[15,[0],[0],[0],[1,1]],[16,[0],[0],[0]],[17,[0],[0],[0],[0]],[18,[0],[0],[0]],[39,true,4,2,1,[6,1,[3,2,[0,1],[[37,2,1,1],[7,2,1,1,1]]]],[0]],[19,[1,1],[0],[10],[10],-8],[41,1]],[25,"lightUp01",1,[-9],[9,"2e/++9al5IGpYfoYUs5Txy",null,null,null,1,0],[3,0.7071067811865475,0,0,0.7071067811865476],[1,1.872,1.343,1],[1,90,0,0]],[30,0.5,false,70,5,[2,"554xIv5IdBcq2iiOYTEgzm"],[6],[31,4,[43,[[44,[4,28897791]],[45,1,[4,28441087]]],[[46,200],[47,200,1]]]],[1,0.04],[0],[0],[33,1,2,[3,2,[0,1],[[38,2,0.6,0.4],[14,2,0.23,-0.62]]]],[0],[0],[0],[0],[5,3,0.4,0.2],[0],[1,70],[0],[12,true,[4,2,[4,4289526013],[4,4286834940]]],[35,true,0.3,0.5,0.3,0.008726646259971648,[1,1],[1,0.333,0.428,0.668]],[13,true,[6,1,[3,2,[0,1],[[7,2,0.57,0.75,2],[14,2,0.14,-1.52]]]],[0],[0],[0]],[15,[0],[0],[0],[1,1]],[16,[0],[0],[0]],[17,[0],[0],[0],[0]],[18,[0],[0],[0]],[40,[0],[0]],[19,[1,1],[1,1],[11,[4,4283737885]],[11,[4,4283159944]],-10],[42,1,0.05,5,7]]],0,[0,6,1,0,-1,3,0,-2,2,0,-3,5,0,0,2,0,0,2,0,-1,4,0,1,4,0,-1,6,0,1,6,0,7,1,10],[0,0,0,0,0,0,0,0],[-1,2,-1,8,-1,9,-1,2],[4,2,5,6,1,1,7,3]],[[[20,"lightUp02",1,[{"rasterizerState":{},"depthStencilState":{},"blendState":{"targets":[{}]}}],[{}],[[[{},"tintColor",8,[4,4294967295],"mainTexture",6,0]],11]]],0,0,[0,0],[4,5],[2,8]],[[[48,"lightUp",[{"rasterizerState":{},"depthStencilState":{},"blendState":{"targets":[{}]}}],[{}],[[[{},"tintColor",8,[4,4278218649],"mainTexture",6,0]],11]]],0,0,[0,0],[4,5],[3,8]]]]
