[1,["7aArK5TL5FloFQOQcFqph1","66H1aJl9ZO2KXZpRiSdW8B@370c1","732E3ovLpNTK/KYQDfT4mU@1acd8","c1or3xQn9OUZplI1gUN3ep@6c48a","1brw/JvvpFnIvdrxpFCgMZ"],["node","_mesh","mainTexture","_effectAsset","root","data"],[["cc.Node",["_name","_prefab","_components","_parent","_children","_lpos","_lscale","_lrot","_euler"],2,4,9,1,2,5,5,5,5],["cc.BoxCollider",["_isTrigger","node","__prefab","_center","_size"],2,1,4,5,5],["cc.RigidBody",["_group","_type","_mass","node","__prefab"],0,1,4],["52708yzRJRNKKmsD4pqaco/",["colliderName","node","__prefab"],2,1,4],["cc.MeshRenderer",["_shadowCastingMode","node","__prefab","_materials","bakeSettings","_mesh"],2,1,4,3,4,6],["cc.Mesh",["_native","_hash","_struct"],1,11],["cc.Material",["_name","_states","_defines","_props"],0,12],["cc.Prefab",["_name"],2],["cc.CompPrefabInfo",["fileId"],2],["cc.PrefabInfo",["fileId","instance","targetOverrides","nestedPrefabInstanceRoots","root","asset"],-1,1,1],["cc.ModelBakeSettings",[],3]],[[8,0,2],[9,0,1,2,3,4,5,5],[0,0,3,4,1,2],[3,0,1,2,2],[0,0,3,2,1,7,6,8,2],[1,1,2,3,4,1],[2,0,2,3,4,3],[10,1],[0,0,3,4,2,1,5,2],[4,1,2,3,4,5,1],[5,0,1,2,3],[1,0,1,2,3,4,2],[2,0,1,3,4,3],[4,0,1,2,3,4,5,2],[6,0,1,2,3,4],[7,0,2],[0,0,4,2,1,5,6,2],[0,0,3,4,2,1,2],[0,0,3,2,1,2],[3,1,2,1]],[[[[10,".bin",1948253214,[{"primitives":[{"primitiveMode":7,"vertexBundelIndices":[0],"indexView":{"offset":1152,"length":72,"count":36,"stride":2}}],"vertexBundles":[{"view":{"offset":0,"length":1152,"count":24,"stride":48},"attributes":[{"name":"a_position","format":32,"isNormalized":false},{"name":"a_normal","format":32,"isNormalized":false},{"name":"a_texCoord","format":21,"isNormalized":false},{"name":"a_tangent","format":44,"isNormalized":false}]}]},"minPosition",8,[1,-0.03937007859349251,-0.019685041159391403,-0.015748031437397003],"maxPosition",8,[1,0.03937007859349251,0.019685037434101105,0.015748031437397003]]],-1],0,0,[],[],[]],[[[10,".bin",2550964089,[{"primitives":[{"primitiveMode":7,"vertexBundelIndices":[0],"indexView":{"offset":1152,"length":72,"count":36,"stride":2}}],"vertexBundles":[{"view":{"offset":0,"length":1152,"count":24,"stride":48},"attributes":[{"name":"a_position","format":32,"isNormalized":false},{"name":"a_normal","format":32,"isNormalized":false},{"name":"a_texCoord","format":21,"isNormalized":false},{"name":"a_tangent","format":44,"isNormalized":false}]}]},"minPosition",8,[1,-0.03937007859349251,-0.019685041159391403,-0.015748031437397003],"maxPosition",8,[1,0.03937007859349251,0.019685037434101105,0.015748031437397003]]],-1],0,0,[],[],[]],[[[14,"brick",[{"rasterizerState":{},"depthStencilState":{},"blendState":{"targets":[{}]}},{},{}],[{"USE_INSTANCING":true,"USE_ALBEDO_MAP":true},{},{}],[[[{"occlusion":-1,"roughness":0.7,"metallic":0.1},"mainTexture",6,0],{},{}],11,0,0]]],0,0,[0,0],[2,3],[3,4]],[[[15,"wall"],[16,"wall",[-5,-6,-7],[[11,true,-2,[0,"2bYSD6U51D0oTn51FFYNAi"],[1,0,0.5,0],[1,1.5,1,0.1]],[12,4,2,-3,[0,"f9igl/DvpEZo2pt9IuVz7N"]],[19,-4,[0,"7bLaslt0tMvo7t77ka8RhS"]]],[1,"81GWfX07VNiZLE5s5evuEX",null,null,null,-1,0],[1,0,1.884,0],[1,0.5,0.6,0.6]],[2,"brick02Group",1,[-8,-9,-10,-11,-12,-13,-14,-15,-16,-17,-18,-19,-20,-21,-22,-23,-24,-25,-26,-27,-28,-29,-30,-31,-32,-33,-34,-35,-36,-37,-38,-39,-40,-41,-42,-43,-44,-45,-46,-47,-48,-49,-50,-51,-52,-53,-54,-55,-56],[1,"dcrEzscdBFHqnGWqWxwyqH",null,null,null,1,0]],[2,"brick01Group",1,[-57,-58,-59,-60,-61,-62,-63,-64,-65,-66,-67,-68,-69,-70,-71,-72,-73,-74,-75,-76,-77,-78,-79,-80,-81,-82,-83,-84,-85,-86,-87,-88,-89,-90,-91,-92,-93,-94,-95,-96,-97,-98,-99,-100,-101,-102,-103,-104],[1,"41UDgzfvFHg4EEPnD5O0je",null,null,null,1,0]],[17,"brick01",3,[-108],[[5,-105,[0,"d3lSM9QN5B9oo58bA+YqNX"],[1,0,0,-0.05],[1,0.2,0.08,0.1]],[6,4,20,-106,[0,"71uPGUmLVAv71uLpil00Le"]],[3,29,-107,[0,"b0B7cNJPBPrLEC1UP7yvVB"]]],[1,"3d1P/8bEVHHYSDH+ww8JBo",null,null,null,1,0]],[8,"brick01",3,[-112],[[5,-109,[0,"d3lSM9QN5B9oo58bA+YqNX"],[1,0,0,-0.05],[1,0.2,0.08,0.1]],[6,4,20,-110,[0,"5b7Zv4k5tGWql4SLOkrbgV"]],[3,29,-111,[0,"ff86+UAdJNs6qlhwTpF6l9"]]],[1,"ce6DYq20VNkoJSXysXYZz4",null,null,null,1,0],[1,0.4,0,0]],[8,"brick01",3,[-116],[[5,-113,[0,"d3lSM9QN5B9oo58bA+YqNX"],[1,0,0,-0.05],[1,0.2,0.08,0.1]],[6,4,20,-114,[0,"aezqwdwyZHnZEbpHq6iQYP"]],[3,29,-115,[0,"bdcDa/aIpP5KioO69u8Wo5"]]],[1,"36HwaVkYBOoKlLs+Q1yD4z",null,null,null,1,0],[1,-0.4,0,0]],[8,"brick01",3,[-120],[[5,-117,[0,"d3lSM9QN5B9oo58bA+YqNX"],[1,0,0,-0.05],[1,0.2,0.08,0.1]],[6,4,20,-118,[0,"76/sUO8btIW4KNWXvdUe/I"]],[3,29,-119,[0,"7375DbqxlDu6YwbxcEsjmI"]]],[1,"82GDyJRG1EAq99943YYu14",null,null,null,1,0],[1,0.1,0.08,0]],[8,"brick01",3,[-124],[[5,-121,[0,"d3lSM9QN5B9oo58bA+YqNX"],[1,0,0,-0.05],[1,0.2,0.08,0.1]],[6,4,20,-122,[0,"c9RUcotK9OBKaCORCtGo4h"]],[3,29,-123,[0,"4eR4IurpZLH4IPUWEEym5B"]]],[1,"42YE0m60ZGJqqjAmJDIdYz",null,null,null,1,0],[1,0.5,0.08,0]],[8,"brick01",3,[-128],[[5,-125,[0,"d3lSM9QN5B9oo58bA+YqNX"],[1,0,0,-0.05],[1,0.2,0.08,0.1]],[6,4,20,-126,[0,"162KZfdFlF36BnHpOApSyx"]],[3,29,-127,[0,"01RAo0dMNK6olc/F4IJqne"]]],[1,"2f/WHblMVNX4mFP2+GUvu9",null,null,null,1,0],[1,-0.3,0.08,0]],[8,"brick01",3,[-132],[[5,-129,[0,"d3lSM9QN5B9oo58bA+YqNX"],[1,0,0,-0.05],[1,0.2,0.08,0.1]],[6,4,20,-130,[0,"3ahTB1vkRLHLPVG+lyqcyk"]],[3,29,-131,[0,"54cSuEauNIdLvsLGtnAPrU"]]],[1,"17J8vNHKlEiasnHlcCawI/",null,null,null,1,0],[1,-0.7,0.08,0]],[8,"brick01",3,[-136],[[5,-133,[0,"d3lSM9QN5B9oo58bA+YqNX"],[1,0,0,-0.05],[1,0.2,0.08,0.1]],[6,4,20,-134,[0,"3dtuq/0hhBVo97rlGhw3qe"]],[3,29,-135,[0,"6dm0Kio81CG4OCphoBYl/L"]]],[1,"bfZDvQUChIqJyGRA6Xbp4x",null,null,null,1,0],[1,-0.6,0.16,0]],[8,"brick01",3,[-140],[[5,-137,[0,"d3lSM9QN5B9oo58bA+YqNX"],[1,0,0,-0.05],[1,0.2,0.08,0.1]],[6,4,20,-138,[0,"bdK99dXxdNSq8ENn9sApjU"]],[3,29,-139,[0,"edyWR6FvpCPagTywF/XDs3"]]],[1,"d5CQ5X8H1B+ICzxXmf21qQ",null,null,null,1,0],[1,-0.2,0.16,0]],[8,"brick01",3,[-144],[[5,-141,[0,"d3lSM9QN5B9oo58bA+YqNX"],[1,0,0,-0.05],[1,0.2,0.08,0.1]],[6,4,20,-142,[0,"0178ucM9FA8LOsqneWh55o"]],[3,29,-143,[0,"8bahgGTSNAGpeEjYO8uiI8"]]],[1,"14smbLiLZOAprc5Kgzm8vy",null,null,null,1,0],[1,0.2,0.16,0]],[8,"brick01",3,[-148],[[5,-145,[0,"d3lSM9QN5B9oo58bA+YqNX"],[1,0,0,-0.05],[1,0.2,0.08,0.1]],[6,4,20,-146,[0,"5bJ/2iSIBC8pUyDATaN794"]],[3,29,-147,[0,"7boXZCWUtIEJc062RNawA1"]]],[1,"11UNV7J0NMfKVrUdf9bmN8",null,null,null,1,0],[1,0.3,0.24,0]],[8,"brick01",3,[-152],[[5,-149,[0,"d3lSM9QN5B9oo58bA+YqNX"],[1,0,0,-0.05],[1,0.2,0.08,0.1]],[6,4,20,-150,[0,"9f8Le2MPRF5pYogHuiJ0BQ"]],[3,29,-151,[0,"a9CbfOjmFP1LlUUELdOMqi"]]],[1,"16plgkuPZM7pfXznxhnWE2",null,null,null,1,0],[1,-0.1,0.24,0]],[8,"brick01",3,[-156],[[5,-153,[0,"d3lSM9QN5B9oo58bA+YqNX"],[1,0,0,-0.05],[1,0.2,0.08,0.1]],[6,4,20,-154,[0,"a7IgV5s+RNhJlR6zYB93F3"]],[3,29,-155,[0,"09w487JwRJwYAbc4zA27EC"]]],[1,"6fMWXj0ndCrZtv7+ZJQMfD",null,null,null,1,0],[1,-0.5,0.24,0]],[8,"brick01",3,[-160],[[5,-157,[0,"d3lSM9QN5B9oo58bA+YqNX"],[1,0,0,-0.05],[1,0.2,0.08,0.1]],[6,4,20,-158,[0,"904B0HK7VPRqu/NT9vOysO"]],[3,29,-159,[0,"58FqklmAZArJPqL6lpm0Zf"]]],[1,"37G6MpdFJHe4pmlVPQBcBU",null,null,null,1,0],[1,0.7,0.24,0]],[8,"brick01",3,[-164],[[5,-161,[0,"d3lSM9QN5B9oo58bA+YqNX"],[1,0,0,-0.05],[1,0.2,0.08,0.1]],[6,4,20,-162,[0,"1cvEDJ9ABByIYTgferksKJ"]],[3,29,-163,[0,"8f4TTHyF5NS4r5ve2fCZkd"]]],[1,"34pEZkcfhLLJZjeRWyxBPT",null,null,null,1,0],[1,0.4,0.32,0]],[8,"brick01",3,[-168],[[5,-165,[0,"d3lSM9QN5B9oo58bA+YqNX"],[1,0,0,-0.05],[1,0.2,0.08,0.1]],[6,4,20,-166,[0,"1dUio/EKJLWJJglA7NrNAX"]],[3,29,-167,[0,"8f+TZiXHFGKaiqAttctYNc"]]],[1,"172DUHH5xNd4um6/x8VGaC",null,null,null,1,0],[1,0,0.32,0]],[8,"brick01",3,[-172],[[5,-169,[0,"d3lSM9QN5B9oo58bA+YqNX"],[1,0,0,-0.05],[1,0.2,0.08,0.1]],[6,4,20,-170,[0,"cejQ5t7WBDNqxA5kN+XMy3"]],[3,29,-171,[0,"df/vkMkUJO/JqtQBEus1ZR"]]],[1,"65VLSwmGFIzJrXUNqVMfSk",null,null,null,1,0],[1,-0.4,0.32,0]],[8,"brick01",3,[-176],[[5,-173,[0,"d3lSM9QN5B9oo58bA+YqNX"],[1,0,0,-0.05],[1,0.2,0.08,0.1]],[6,4,20,-174,[0,"88eg1FEDRGQpP++0cKrV8B"]],[3,29,-175,[0,"55BcOxzcZJAJ4NFqfbTkjq"]]],[1,"5drlMIAdRAsoBcGSfeJCgv",null,null,null,1,0],[1,-0.7,0.4,0]],[8,"brick01",3,[-180],[[5,-177,[0,"d3lSM9QN5B9oo58bA+YqNX"],[1,0,0,-0.05],[1,0.2,0.08,0.1]],[6,4,20,-178,[0,"11ULP+PxxETY9s638hCTDl"]],[3,29,-179,[0,"11x+n3oRpDW4+qh3qKWVaI"]]],[1,"94AC3ExKpCGIIB5CwMBmOB",null,null,null,1,0],[1,-0.3,0.4,0]],[8,"brick01",3,[-184],[[5,-181,[0,"d3lSM9QN5B9oo58bA+YqNX"],[1,0,0,-0.05],[1,0.2,0.08,0.1]],[6,4,20,-182,[0,"b0nykjgkBI/ImFI0LjTPeC"]],[3,29,-183,[0,"e5qjpclOVLdI6lnfebWQqL"]]],[1,"39e7wf/ptNgofzGVdRsynw",null,null,null,1,0],[1,0.1,0.4,0]],[8,"brick01",3,[-188],[[5,-185,[0,"d3lSM9QN5B9oo58bA+YqNX"],[1,0,0,-0.05],[1,0.2,0.08,0.1]],[6,4,20,-186,[0,"fb9U74VVlHyKTx5QNsh+u4"]],[3,29,-187,[0,"85j5AUCbJCj5wyxBA+68Ig"]]],[1,"45XIj5rfFA8pVHqUaL4zEo",null,null,null,1,0],[1,0.5,0.4,0]],[8,"brick01",3,[-192],[[5,-189,[0,"d3lSM9QN5B9oo58bA+YqNX"],[1,0,0,-0.05],[1,0.2,0.08,0.1]],[6,4,20,-190,[0,"0cKUH4LBhN54Ur/Iz+oduQ"]],[3,29,-191,[0,"7eh3lFzAJNbr4IHEEhbT2A"]]],[1,"99s1h4SGhEk6eVvRgS+rNA",null,null,null,1,0],[1,0.6,0.48,0]],[8,"brick01",3,[-196],[[5,-193,[0,"d3lSM9QN5B9oo58bA+YqNX"],[1,0,0,-0.05],[1,0.2,0.08,0.1]],[6,4,20,-194,[0,"f9rJ7RDZZHTJFKsZDPyxcf"]],[3,29,-195,[0,"12hKh8SyRGzrYAvICmgUNV"]]],[1,"e5ky65TtFCfpRp4OvNp66q",null,null,null,1,0],[1,0.2,0.48,0]],[8,"brick01",3,[-200],[[5,-197,[0,"d3lSM9QN5B9oo58bA+YqNX"],[1,0,0,-0.05],[1,0.2,0.08,0.1]],[6,4,20,-198,[0,"5bztCIBR5O/aKNCh3tro36"]],[3,29,-199,[0,"41MDqcc2ZFP4xUR72eBVlW"]]],[1,"91igkkk/FIO7rUTJ5BsZOw",null,null,null,1,0],[1,-0.2,0.48,0]],[8,"brick01",3,[-204],[[5,-201,[0,"d3lSM9QN5B9oo58bA+YqNX"],[1,0,0,-0.05],[1,0.2,0.08,0.1]],[6,4,20,-202,[0,"8apzIiDPZKUY5jtCQSyOkx"]],[3,29,-203,[0,"a77HvhR8tFY4HL3ABp0HxR"]]],[1,"91aP6vjx5AzZWt2Wi+04Fv",null,null,null,1,0],[1,-0.6,0.48,0]],[8,"brick01",3,[-208],[[5,-205,[0,"d3lSM9QN5B9oo58bA+YqNX"],[1,0,0,-0.05],[1,0.2,0.08,0.1]],[6,4,20,-206,[0,"ddbIaEiLpPr4VEzcFfNPF1"]],[3,29,-207,[0,"3frXrA3M1I6IvD/HyUz43j"]]],[1,"4awbNDe8NJBpedQbtxYo3Y",null,null,null,1,0],[1,-0.5,0.56,0]],[8,"brick01",3,[-212],[[5,-209,[0,"d3lSM9QN5B9oo58bA+YqNX"],[1,0,0,-0.05],[1,0.2,0.08,0.1]],[6,4,20,-210,[0,"ee2yTb0HRHRo1fn/nVxvKE"]],[3,29,-211,[0,"04jKVIanVHnJcuiF8IMDWm"]]],[1,"75APR9I8NOcbjCdcI/KQYI",null,null,null,1,0],[1,-0.1,0.56,0]],[8,"brick01",3,[-216],[[5,-213,[0,"d3lSM9QN5B9oo58bA+YqNX"],[1,0,0,-0.05],[1,0.2,0.08,0.1]],[6,4,20,-214,[0,"297JUjMwhJE6hCoIIh+Yux"]],[3,29,-215,[0,"05OY2vtwtIY4vWsxVuoTOq"]]],[1,"4czNxwoQNLNJNDgtZixdxc",null,null,null,1,0],[1,0.3,0.56,0]],[8,"brick01",3,[-220],[[5,-217,[0,"d3lSM9QN5B9oo58bA+YqNX"],[1,0,0,-0.05],[1,0.2,0.08,0.1]],[6,4,20,-218,[0,"55MTc22RdBlIAmDiESmy/j"]],[3,29,-219,[0,"19NVPlPG5I4rxbsC90FuDB"]]],[1,"22KOvC2CtNjoyeKTgS+ONy",null,null,null,1,0],[1,0.7,0.56,0]],[8,"brick01",3,[-224],[[5,-221,[0,"d3lSM9QN5B9oo58bA+YqNX"],[1,0,0,-0.05],[1,0.2,0.08,0.1]],[6,4,20,-222,[0,"88V+pp2kpDuroF0TSYmm/f"]],[3,29,-223,[0,"21IzOg3nNFXa2iuvRmzQan"]]],[1,"91bT+0VAxBlpuTZ/bSKWwh",null,null,null,1,0],[1,0.4,0.64,0]],[8,"brick01",3,[-228],[[5,-225,[0,"d3lSM9QN5B9oo58bA+YqNX"],[1,0,0,-0.05],[1,0.2,0.08,0.1]],[6,4,20,-226,[0,"b2QeXNiURBJLx7dHwl+M7b"]],[3,29,-227,[0,"e5Pg4TgGFO7Y5qVB9WdoC4"]]],[1,"d96SCNiAZIh5ZK793OpOga",null,null,null,1,0],[1,0,0.64,0]],[8,"brick01",3,[-232],[[5,-229,[0,"d3lSM9QN5B9oo58bA+YqNX"],[1,0,0,-0.05],[1,0.2,0.08,0.1]],[6,4,20,-230,[0,"04ecCiN6NNFqPK0pBKGp3v"]],[3,29,-231,[0,"667/SMcwlOKYVZSwPRXo3G"]]],[1,"e2MkoPAb9KT59i1819s1wM",null,null,null,1,0],[1,-0.4,0.64,0]],[8,"brick01",3,[-236],[[5,-233,[0,"d3lSM9QN5B9oo58bA+YqNX"],[1,0,0,-0.05],[1,0.2,0.08,0.1]],[6,4,20,-234,[0,"94MZyX0ZBBnbuBSMdBw/z3"]],[3,29,-235,[0,"23p8GXc45GNKaPiiNvgAOo"]]],[1,"a5rzfvj4ZDOpPYITb8xNaL",null,null,null,1,0],[1,0.6,0.16,0]],[8,"brick01",3,[-240],[[5,-237,[0,"d3lSM9QN5B9oo58bA+YqNX"],[1,0,0,-0.05],[1,0.2,0.08,0.1]],[6,4,20,-238,[0,"c7YURD3nRCZLc5NSdKiwmx"]],[3,29,-239,[0,"a4oMg15g5K56LKSMfZmdHU"]]],[1,"ddUGAUmwND7oAqe3mIxL+U",null,null,null,1,0],[1,-0.7,0.72,0]],[8,"brick01",3,[-244],[[5,-241,[0,"d3lSM9QN5B9oo58bA+YqNX"],[1,0,0,-0.05],[1,0.2,0.08,0.1]],[6,4,20,-242,[0,"02Rb1gULdKKp19vnl+/K+x"]],[3,29,-243,[0,"f87Xg1bv5EV7LiSSsrwMbY"]]],[1,"08WiJQ5dpEobssi5Qq+30g",null,null,null,1,0],[1,-0.3,0.72,0]],[8,"brick01",3,[-248],[[5,-245,[0,"d3lSM9QN5B9oo58bA+YqNX"],[1,0,0,-0.05],[1,0.2,0.08,0.1]],[6,4,20,-246,[0,"86SRbADZlMSYMFpXjRZasK"]],[3,29,-247,[0,"cfPN3XzaFDOp7ZC55q1Yo7"]]],[1,"21JcRw7DhAJ59hHlr+Genq",null,null,null,1,0],[1,0.1,0.72,0]],[8,"brick01",3,[-252],[[5,-249,[0,"d3lSM9QN5B9oo58bA+YqNX"],[1,0,0,-0.05],[1,0.2,0.08,0.1]],[6,4,20,-250,[0,"a7vcGd8w5G0LuBCCOpqx+e"]],[3,29,-251,[0,"3aYD+knWNLj4At5xY2OkFV"]]],[1,"7cKqK5q9pBd7RHVzwRkgp6",null,null,null,1,0],[1,0.5,0.72,0]],[8,"brick01",3,[-256],[[5,-253,[0,"d3lSM9QN5B9oo58bA+YqNX"],[1,0,0,-0.05],[1,0.2,0.08,0.1]],[6,4,20,-254,[0,"53+EVBYMFLKJ6Ixg/eyvw7"]],[3,29,-255,[0,"96u00cYUVOHISOsojrBqXQ"]]],[1,"b4hZ5z/R5ICopWPsKRHovI",null,null,null,1,0],[1,0.6,0.8,0]],[8,"brick01",3,[-260],[[5,-257,[0,"d3lSM9QN5B9oo58bA+YqNX"],[1,0,0,-0.05],[1,0.2,0.08,0.1]],[6,4,20,-258,[0,"22Z9OBmy1DZJFUIN5VxxE5"]],[3,29,-259,[0,"98H5Yyv65GAqoSrOAL0zIu"]]],[1,"d7CbWTvnBIpLR1J7w0l04v",null,null,null,1,0],[1,0.2,0.8,0]],[8,"brick01",3,[-264],[[5,-261,[0,"d3lSM9QN5B9oo58bA+YqNX"],[1,0,0,-0.05],[1,0.2,0.08,0.1]],[6,4,20,-262,[0,"15UKpGCllAEJPMeQgWAr/Q"]],[3,29,-263,[0,"cb4FLzYEJIrJ5fq2dEw/xK"]]],[1,"bdkDNjkJ5KKb6xIoby0uYM",null,null,null,1,0],[1,-0.2,0.8,0]],[8,"brick01",3,[-268],[[5,-265,[0,"d3lSM9QN5B9oo58bA+YqNX"],[1,0,0,-0.05],[1,0.2,0.08,0.1]],[6,4,20,-266,[0,"ce/xLpgdtGSpWOvNqJ/kzW"]],[3,29,-267,[0,"45mLAzRQNEVrEolsL/huDX"]]],[1,"48UbeLQJJJU6B/uLmeeC08",null,null,null,1,0],[1,-0.6,0.8,0]],[8,"brick01",3,[-272],[[5,-269,[0,"d3lSM9QN5B9oo58bA+YqNX"],[1,0,0,-0.05],[1,0.2,0.08,0.1]],[6,4,20,-270,[0,"b6Q/msWzdIP56nN3gHyAy4"]],[3,29,-271,[0,"35lM1Ub2NB06wRy5og+dYD"]]],[1,"43c8OhpHtJQohH2aa+uhr1",null,null,null,1,0],[1,-0.5,0.88,0]],[8,"brick01",3,[-276],[[5,-273,[0,"d3lSM9QN5B9oo58bA+YqNX"],[1,0,0,-0.05],[1,0.2,0.08,0.1]],[6,4,20,-274,[0,"03y0dapxtNFoYV7JfvovhJ"]],[3,29,-275,[0,"c3Akml/4ZKRb5SRXBvPJ+P"]]],[1,"b2qBH5MvVA7orvwx0au7Yt",null,null,null,1,0],[1,-0.1,0.88,0]],[8,"brick01",3,[-280],[[5,-277,[0,"d3lSM9QN5B9oo58bA+YqNX"],[1,0,0,-0.05],[1,0.2,0.08,0.1]],[6,4,20,-278,[0,"22UbBOzOVBwbdy04IkaeyZ"]],[3,29,-279,[0,"37tLtXsbdN8Z3FD2mr19JD"]]],[1,"d8wZWg5h9Lprxpo9r/TqnL",null,null,null,1,0],[1,0.3,0.88,0]],[8,"brick01",3,[-284],[[5,-281,[0,"d3lSM9QN5B9oo58bA+YqNX"],[1,0,0,-0.05],[1,0.2,0.08,0.1]],[6,4,20,-282,[0,"01xfdEvb1D+Kb49eM1uLl6"]],[3,29,-283,[0,"ea+Gn9JHRKVY3qbN3dK3bZ"]]],[1,"48OUsLY5tEtJxDrhTK2phQ",null,null,null,1,0],[1,0.7,0.88,0]],[8,"brick01",3,[-288],[[5,-285,[0,"d3lSM9QN5B9oo58bA+YqNX"],[1,0,0,-0.05],[1,0.2,0.08,0.1]],[6,4,20,-286,[0,"19A2WWVdpPlqy1two/n6az"]],[3,29,-287,[0,"adtkIzhuNPWraMF+2zGHeJ"]]],[1,"1bM1zEyXdP4bkNjAjimhAw",null,null,null,1,0],[1,0.4,0.96,0]],[8,"brick01",3,[-292],[[5,-289,[0,"d3lSM9QN5B9oo58bA+YqNX"],[1,0,0,-0.05],[1,0.2,0.08,0.1]],[6,4,20,-290,[0,"83qq6jpXhDQqLRk4jXIQGp"]],[3,29,-291,[0,"19BhE/7I1BVpd3MoUX3xiS"]]],[1,"97zGZPb8lIvKluhFjOl6L4",null,null,null,1,0],[1,0,0.96,0]],[8,"brick01",3,[-296],[[5,-293,[0,"d3lSM9QN5B9oo58bA+YqNX"],[1,0,0,-0.05],[1,0.2,0.08,0.1]],[6,4,20,-294,[0,"f4Pt3hpMRMIYBPAJgog3AJ"]],[3,29,-295,[0,"9d1RBqURJFpr2YDVFoK69i"]]],[1,"e1WCbtAt9Hda5C0ti+zj0w",null,null,null,1,0],[1,-0.4,0.96,0]],[8,"brick02",2,[-300],[[5,-297,[0,"d3lSM9QN5B9oo58bA+YqNX"],[1,0,0,-0.05],[1,0.2,0.08,0.1]],[6,4,20,-298,[0,"a7vcGd8w5G0LuBCCOpqx+e"]],[3,29,-299,[0,"e4sit8WEdNZptoe9MIRiFs"]]],[1,"6aog31Q55M3Yegr8by1I81",null,null,null,1,0],[1,0.2,0,0]],[8,"brick02",2,[-304],[[5,-301,[0,"d3lSM9QN5B9oo58bA+YqNX"],[1,0,0,-0.05],[1,0.2,0.08,0.1]],[6,4,20,-302,[0,"a7vcGd8w5G0LuBCCOpqx+e"]],[3,29,-303,[0,"8e5mZaym1Jn6C81HXM/pzx"]]],[1,"18SsVBPY1ALL8V7LYFC+iV",null,null,null,1,0],[1,0.6,0,0]],[8,"brick02",2,[-308],[[5,-305,[0,"d3lSM9QN5B9oo58bA+YqNX"],[1,0,0,-0.05],[1,0.2,0.08,0.1]],[6,4,20,-306,[0,"a7vcGd8w5G0LuBCCOpqx+e"]],[3,29,-307,[0,"a7o9lF41pAgLCgsxPgKCit"]]],[1,"e1FYlTJsVB9IOnGR8PtEXS",null,null,null,1,0],[1,-0.2,0,0]],[8,"brick02",2,[-312],[[5,-309,[0,"d3lSM9QN5B9oo58bA+YqNX"],[1,0,0,-0.05],[1,0.2,0.08,0.1]],[6,4,20,-310,[0,"a7vcGd8w5G0LuBCCOpqx+e"]],[3,29,-311,[0,"973Xr8dhtOeb818isCC4MI"]]],[1,"88J0aXhllPopLofCYzbDZJ",null,null,null,1,0],[1,-0.6,0,0]],[8,"brick02",2,[-316],[[5,-313,[0,"d3lSM9QN5B9oo58bA+YqNX"],[1,0,0,-0.05],[1,0.2,0.08,0.1]],[6,4,20,-314,[0,"a7vcGd8w5G0LuBCCOpqx+e"]],[3,29,-315,[0,"48dZiwNg1JtaIGhC34/nNd"]]],[1,"c4P8BqwspFI4guhAyihoxX",null,null,null,1,0],[1,-0.1,0.08,0]],[8,"brick02",2,[-320],[[5,-317,[0,"d3lSM9QN5B9oo58bA+YqNX"],[1,0,0,-0.05],[1,0.2,0.08,0.1]],[6,4,20,-318,[0,"a7vcGd8w5G0LuBCCOpqx+e"]],[3,29,-319,[0,"25whNnklZM5qiDU/8nhwJV"]]],[1,"f2ZLaek81JFq6qadw4F/zu",null,null,null,1,0],[1,-0.5,0.08,0]],[8,"brick02",2,[-324],[[5,-321,[0,"d3lSM9QN5B9oo58bA+YqNX"],[1,0,0,-0.05],[1,0.2,0.08,0.1]],[6,4,20,-322,[0,"a7vcGd8w5G0LuBCCOpqx+e"]],[3,29,-323,[0,"ffgqTRZHJOLaQWlBEcXXFJ"]]],[1,"c85PA8LA1HGYZjpoBNi8Hy",null,null,null,1,0],[1,0.3,0.08,0]],[8,"brick02",2,[-328],[[5,-325,[0,"d3lSM9QN5B9oo58bA+YqNX"],[1,0,0,-0.05],[1,0.2,0.08,0.1]],[6,4,20,-326,[0,"a7vcGd8w5G0LuBCCOpqx+e"]],[3,29,-327,[0,"50szXnIG1P45kMcflJ5cIL"]]],[1,"0bc1RHccFMZLejg81npcLE",null,null,null,1,0],[1,0.7,0.08,0]],[8,"brick02",2,[-332],[[5,-329,[0,"d3lSM9QN5B9oo58bA+YqNX"],[1,0,0,-0.05],[1,0.2,0.08,0.1]],[6,4,20,-330,[0,"a7vcGd8w5G0LuBCCOpqx+e"]],[3,29,-331,[0,"20fDuvdoZIiqshHcOLfDsa"]]],[1,"6dcpW7+gJOSrqJrzsEFnRO",null,null,null,1,0],[1,0,0.16,0]],[8,"brick02",2,[-336],[[5,-333,[0,"d3lSM9QN5B9oo58bA+YqNX"],[1,0,0,-0.05],[1,0.2,0.08,0.1]],[6,4,20,-334,[0,"a7vcGd8w5G0LuBCCOpqx+e"]],[3,29,-335,[0,"c2VczFAYJD0LpP746ihl0c"]]],[1,"e5hGajZ/1F85Ig1NynvbUR",null,null,null,1,0],[1,-0.4,0.16,0]],[8,"brick02",2,[-340],[[5,-337,[0,"d3lSM9QN5B9oo58bA+YqNX"],[1,0,0,-0.05],[1,0.2,0.08,0.1]],[6,4,20,-338,[0,"a7vcGd8w5G0LuBCCOpqx+e"]],[3,29,-339,[0,"5eR7SMKCZMF7vzIc66BBaq"]]],[1,"66y0Vu+jZNVbkuon4H/8CF",null,null,null,1,0],[1,0.1,0.24,0]],[8,"brick02",2,[-344],[[5,-341,[0,"d3lSM9QN5B9oo58bA+YqNX"],[1,0,0,-0.05],[1,0.2,0.08,0.1]],[6,4,20,-342,[0,"a7vcGd8w5G0LuBCCOpqx+e"]],[3,29,-343,[0,"15oFRbMA9CfJi02jcx2c7O"]]],[1,"16qj4VlFhA7YYhbrzXXo2w",null,null,null,1,0],[1,-0.3,0.24,0]],[8,"brick02",2,[-348],[[5,-345,[0,"d3lSM9QN5B9oo58bA+YqNX"],[1,0,0,-0.05],[1,0.2,0.08,0.1]],[6,4,20,-346,[0,"a7vcGd8w5G0LuBCCOpqx+e"]],[3,29,-347,[0,"75RPZAHjZCmow9CGbDo7tt"]]],[1,"eend96ZVdJhoeaI6+HTiRp",null,null,null,1,0],[1,-0.7,0.24,0]],[8,"brick02",2,[-352],[[5,-349,[0,"d3lSM9QN5B9oo58bA+YqNX"],[1,0,0,-0.05],[1,0.2,0.08,0.1]],[6,4,20,-350,[0,"a7vcGd8w5G0LuBCCOpqx+e"]],[3,29,-351,[0,"501//a6jZOaYKrIoleM8ze"]]],[1,"84A+X6agVEErEXgCuSXjNc",null,null,null,1,0],[1,0.5,0.24,0]],[8,"brick02",2,[-356],[[5,-353,[0,"d3lSM9QN5B9oo58bA+YqNX"],[1,0,0,-0.05],[1,0.2,0.08,0.1]],[6,4,20,-354,[0,"a7vcGd8w5G0LuBCCOpqx+e"]],[3,29,-355,[0,"bbIJh9VRtLtZYbY5PAQpee"]]],[1,"cbd35w2LxDkZLW8/7TkTiw",null,null,null,1,0],[1,0.4,0.16,0]],[8,"brick02",2,[-360],[[5,-357,[0,"d3lSM9QN5B9oo58bA+YqNX"],[1,0,0,-0.05],[1,0.2,0.08,0.1]],[6,4,20,-358,[0,"a7vcGd8w5G0LuBCCOpqx+e"]],[3,29,-359,[0,"87ZkoBymFIjJZV1hAELszW"]]],[1,"0csilK1YFD67hjcE4mxLuS",null,null,null,1,0],[1,0.6,0.32,0]],[8,"brick02",2,[-364],[[5,-361,[0,"d3lSM9QN5B9oo58bA+YqNX"],[1,0,0,-0.05],[1,0.2,0.08,0.1]],[6,4,20,-362,[0,"a7vcGd8w5G0LuBCCOpqx+e"]],[3,29,-363,[0,"33i05nAnJOJpx+ZQP/V8yo"]]],[1,"58By+1WHlLF76Vqw4QOxwJ",null,null,null,1,0],[1,0.2,0.32,0]],[8,"brick02",2,[-368],[[5,-365,[0,"d3lSM9QN5B9oo58bA+YqNX"],[1,0,0,-0.05],[1,0.2,0.08,0.1]],[6,4,20,-366,[0,"a7vcGd8w5G0LuBCCOpqx+e"]],[3,29,-367,[0,"efcXkNpRNHAr/JI0gmNMYI"]]],[1,"4bkHg2JaxPJ43WH1iwUdWz",null,null,null,1,0],[1,-0.2,0.32,0]],[8,"brick02",2,[-372],[[5,-369,[0,"d3lSM9QN5B9oo58bA+YqNX"],[1,0,0,-0.05],[1,0.2,0.08,0.1]],[6,4,20,-370,[0,"a7vcGd8w5G0LuBCCOpqx+e"]],[3,29,-371,[0,"9djW24im9IZKsd9zuNuJUT"]]],[1,"8b8gYPiSJMhpK+MiFM7ASH",null,null,null,1,0],[1,-0.6,0.32,0]],[8,"brick02",2,[-376],[[5,-373,[0,"d3lSM9QN5B9oo58bA+YqNX"],[1,0,0,-0.05],[1,0.2,0.08,0.1]],[6,4,20,-374,[0,"a7vcGd8w5G0LuBCCOpqx+e"]],[3,29,-375,[0,"cbuGlvKWJL/4VZ6NiDm+wQ"]]],[1,"40yVLq5c9JDrN2e+lnT00k",null,null,null,1,0],[1,-0.5,0.4,0]],[8,"brick02",2,[-380],[[5,-377,[0,"d3lSM9QN5B9oo58bA+YqNX"],[1,0,0,-0.05],[1,0.2,0.08,0.1]],[6,4,20,-378,[0,"a7vcGd8w5G0LuBCCOpqx+e"]],[3,29,-379,[0,"47M1UqsllDOq3upSfecfck"]]],[1,"d4PzUhhvpJdqK0i631djBC",null,null,null,1,0],[1,-0.1,0.4,0]],[8,"brick02",2,[-384],[[5,-381,[0,"d3lSM9QN5B9oo58bA+YqNX"],[1,0,0,-0.05],[1,0.2,0.08,0.1]],[6,4,20,-382,[0,"a7vcGd8w5G0LuBCCOpqx+e"]],[3,29,-383,[0,"c3H8MeT0lHr5MjL5En9cq7"]]],[1,"790Hc4lZZCILeBmnZCIT+J",null,null,null,1,0],[1,0.3,0.4,0]],[8,"brick02",2,[-388],[[5,-385,[0,"d3lSM9QN5B9oo58bA+YqNX"],[1,0,0,-0.05],[1,0.2,0.08,0.1]],[6,4,20,-386,[0,"a7vcGd8w5G0LuBCCOpqx+e"]],[3,29,-387,[0,"a26Gtqn4xJQ5SunT2Sl7wH"]]],[1,"e9wyQDEqJCgobrl0QkxBWr",null,null,null,1,0],[1,0.7,0.4,0]],[8,"brick02",2,[-392],[[5,-389,[0,"d3lSM9QN5B9oo58bA+YqNX"],[1,0,0,-0.05],[1,0.2,0.08,0.1]],[6,4,20,-390,[0,"a7vcGd8w5G0LuBCCOpqx+e"]],[3,29,-391,[0,"e6gWSSqvlNxqCzUtzPHmb9"]]],[1,"e0SxFSR29FOIG99doDjb4z",null,null,null,1,0],[1,0.4,0.48,0]],[8,"brick02",2,[-396],[[5,-393,[0,"d3lSM9QN5B9oo58bA+YqNX"],[1,0,0,-0.05],[1,0.2,0.08,0.1]],[6,4,20,-394,[0,"a7vcGd8w5G0LuBCCOpqx+e"]],[3,29,-395,[0,"dapekNSh1DWqOkioXBcYPf"]]],[1,"d2OLLr4ghMGb8loI/9H98q",null,null,null,1,0],[1,0,0.48,0]],[8,"brick02",2,[-400],[[5,-397,[0,"d3lSM9QN5B9oo58bA+YqNX"],[1,0,0,-0.05],[1,0.2,0.08,0.1]],[6,4,20,-398,[0,"a7vcGd8w5G0LuBCCOpqx+e"]],[3,29,-399,[0,"2c6xDbfDNK/LrmdN0s2vus"]]],[1,"748eZ5Mi9FrLdNHvPWCsXS",null,null,null,1,0],[1,-0.4,0.48,0]],[8,"brick02",2,[-404],[[5,-401,[0,"d3lSM9QN5B9oo58bA+YqNX"],[1,0,0,-0.05],[1,0.2,0.08,0.1]],[6,4,20,-402,[0,"a7vcGd8w5G0LuBCCOpqx+e"]],[3,29,-403,[0,"d00gSmxf9Fnq+dxZkTuoKI"]]],[1,"846AE5VVlFm5kBLV/kx7D6",null,null,null,1,0],[1,-0.7,0.56,0]],[8,"brick02",2,[-408],[[5,-405,[0,"d3lSM9QN5B9oo58bA+YqNX"],[1,0,0,-0.05],[1,0.2,0.08,0.1]],[6,4,20,-406,[0,"a7vcGd8w5G0LuBCCOpqx+e"]],[3,29,-407,[0,"dcyBOXvHhFPLUyXYogxlNz"]]],[1,"1fapI2mINF5LEzNLcfodfd",null,null,null,1,0],[1,-0.3,0.56,0]],[8,"brick02",2,[-412],[[5,-409,[0,"d3lSM9QN5B9oo58bA+YqNX"],[1,0,0,-0.05],[1,0.2,0.08,0.1]],[6,4,20,-410,[0,"a7vcGd8w5G0LuBCCOpqx+e"]],[3,29,-411,[0,"39J8mO2Q1LsYWda5B1VU0k"]]],[1,"3cGChwxOBAGa2vCxa1g0tZ",null,null,null,1,0],[1,0.1,0.56,0]],[8,"brick02",2,[-416],[[5,-413,[0,"d3lSM9QN5B9oo58bA+YqNX"],[1,0,0,-0.05],[1,0.2,0.08,0.1]],[6,4,20,-414,[0,"a7vcGd8w5G0LuBCCOpqx+e"]],[3,29,-415,[0,"65zlYjyQlN4rIJxGPXnnzK"]]],[1,"40iGDuWqRHBbL4DCuynOyd",null,null,null,1,0],[1,0.5,0.56,0]],[8,"brick02",2,[-420],[[5,-417,[0,"d3lSM9QN5B9oo58bA+YqNX"],[1,0,0,-0.05],[1,0.2,0.08,0.1]],[6,4,20,-418,[0,"a7vcGd8w5G0LuBCCOpqx+e"]],[3,29,-419,[0,"c5r1MbYbVAq6tqQ8fmfUD2"]]],[1,"019W7P5IpAq7gzCFNerHGo",null,null,null,1,0],[1,0.6,0.64,0]],[8,"brick02",2,[-424],[[5,-421,[0,"d3lSM9QN5B9oo58bA+YqNX"],[1,0,0,-0.05],[1,0.2,0.08,0.1]],[6,4,20,-422,[0,"a7vcGd8w5G0LuBCCOpqx+e"]],[3,29,-423,[0,"ccaMc47CNNBKNzDi3WqFva"]]],[1,"6dSN3B6xVBdJTntHJh6x6m",null,null,null,1,0],[1,0.2,0.64,0]],[8,"brick02",2,[-428],[[5,-425,[0,"d3lSM9QN5B9oo58bA+YqNX"],[1,0,0,-0.05],[1,0.2,0.08,0.1]],[6,4,20,-426,[0,"a7vcGd8w5G0LuBCCOpqx+e"]],[3,29,-427,[0,"c6sVGXfMlPVb2q1pRP09xw"]]],[1,"96Nw5LUgBKmannarjFs+Hs",null,null,null,1,0],[1,-0.2,0.64,0]],[8,"brick02",2,[-432],[[5,-429,[0,"d3lSM9QN5B9oo58bA+YqNX"],[1,0,0,-0.05],[1,0.2,0.08,0.1]],[6,4,20,-430,[0,"a7vcGd8w5G0LuBCCOpqx+e"]],[3,29,-431,[0,"abSc8rRbpOcpWecmaHycHX"]]],[1,"7fY5D94TtCCp6+BYex4/RY",null,null,null,1,0],[1,-0.6,0.64,0]],[8,"brick02",2,[-436],[[5,-433,[0,"d3lSM9QN5B9oo58bA+YqNX"],[1,0,0,-0.05],[1,0.2,0.08,0.1]],[6,4,20,-434,[0,"a7vcGd8w5G0LuBCCOpqx+e"]],[3,29,-435,[0,"73gD4xNZ9AbZArBgDM9mui"]]],[1,"460RB0X3hCpZFM7r0h6lMz",null,null,null,1,0],[1,0.7,0.72,0]],[8,"brick02",2,[-440],[[5,-437,[0,"d3lSM9QN5B9oo58bA+YqNX"],[1,0,0,-0.05],[1,0.2,0.08,0.1]],[6,4,20,-438,[0,"a7vcGd8w5G0LuBCCOpqx+e"]],[3,29,-439,[0,"3dXN+3/xxDW6/YAo1QJ1SG"]]],[1,"77t5mLLJBFtamzbGigIycO",null,null,null,1,0],[1,0.3,0.72,0]],[8,"brick02",2,[-444],[[5,-441,[0,"d3lSM9QN5B9oo58bA+YqNX"],[1,0,0,-0.05],[1,0.2,0.08,0.1]],[6,4,20,-442,[0,"a7vcGd8w5G0LuBCCOpqx+e"]],[3,29,-443,[0,"27rtnjiUxB+oeeKgSA4Vdq"]]],[1,"0bT8VnZV5LeZNvV+bAGfzx",null,null,null,1,0],[1,-0.1,0.72,0]],[8,"brick02",2,[-448],[[5,-445,[0,"d3lSM9QN5B9oo58bA+YqNX"],[1,0,0,-0.05],[1,0.2,0.08,0.1]],[6,4,20,-446,[0,"a7vcGd8w5G0LuBCCOpqx+e"]],[3,29,-447,[0,"9bXEOvH4hC2amBUmw2f2jv"]]],[1,"24PQ0zbgFLJ4Z2OWFGHV/L",null,null,null,1,0],[1,-0.5,0.72,0]],[8,"brick02",2,[-452],[[5,-449,[0,"d3lSM9QN5B9oo58bA+YqNX"],[1,0,0,-0.05],[1,0.2,0.08,0.1]],[6,4,20,-450,[0,"a7vcGd8w5G0LuBCCOpqx+e"]],[3,29,-451,[0,"55SZYsgU9EXKCegh10xmkc"]]],[1,"17TQgf6yxKKY0xzayrBikd",null,null,null,1,0],[1,-0.4,0.8,0]],[8,"brick02",2,[-456],[[5,-453,[0,"d3lSM9QN5B9oo58bA+YqNX"],[1,0,0,-0.05],[1,0.2,0.08,0.1]],[6,4,20,-454,[0,"a7vcGd8w5G0LuBCCOpqx+e"]],[3,29,-455,[0,"19AumlglFMs64wpHXJjopN"]]],[1,"85iZ0J6+dGmoV4Zy8ajtsC",null,null,null,1,0],[1,0,0.8,0]],[8,"brick02",2,[-460],[[5,-457,[0,"d3lSM9QN5B9oo58bA+YqNX"],[1,0,0,-0.05],[1,0.2,0.08,0.1]],[6,4,20,-458,[0,"a7vcGd8w5G0LuBCCOpqx+e"]],[3,29,-459,[0,"6bTOXqrMVCDoo89uoUWnAU"]]],[1,"a8+283Ur1EnacGZVAEdDwl",null,null,null,1,0],[1,0.4,0.8,0]],[8,"brick02",2,[-464],[[5,-461,[0,"d3lSM9QN5B9oo58bA+YqNX"],[1,0,0,-0.05],[1,0.2,0.08,0.1]],[6,4,20,-462,[0,"a7vcGd8w5G0LuBCCOpqx+e"]],[3,29,-463,[0,"bbjQYna6lLFq7yH7c4vwkb"]]],[1,"0bSIh4nLFA/7WoRkscOOsH",null,null,null,1,0],[1,0.5,0.88,0]],[8,"brick02",2,[-468],[[5,-465,[0,"d3lSM9QN5B9oo58bA+YqNX"],[1,0,0,-0.05],[1,0.2,0.08,0.1]],[6,4,20,-466,[0,"a7vcGd8w5G0LuBCCOpqx+e"]],[3,29,-467,[0,"5abPOIXgJHtJXbWST7dXf5"]]],[1,"159qdzLgdBBJzY6pqVw2qh",null,null,null,1,0],[1,0.1,0.88,0]],[8,"brick02",2,[-472],[[5,-469,[0,"d3lSM9QN5B9oo58bA+YqNX"],[1,0,0,-0.05],[1,0.2,0.08,0.1]],[6,4,20,-470,[0,"a7vcGd8w5G0LuBCCOpqx+e"]],[3,29,-471,[0,"cb6BPxDbZDt5GttVDVFt17"]]],[1,"e0BS179EpIybCsURZyNJo8",null,null,null,1,0],[1,-0.3,0.88,0]],[8,"brick02",2,[-476],[[5,-473,[0,"d3lSM9QN5B9oo58bA+YqNX"],[1,0,0,-0.05],[1,0.2,0.08,0.1]],[6,4,20,-474,[0,"a7vcGd8w5G0LuBCCOpqx+e"]],[3,29,-475,[0,"b9tc2hHOxHYInIUTe28dX5"]]],[1,"195XFJoodEeKv2bJKfOkEB",null,null,null,1,0],[1,-0.7,0.88,0]],[8,"brick02",2,[-480],[[5,-477,[0,"d3lSM9QN5B9oo58bA+YqNX"],[1,0,0,-0.05],[1,0.2,0.08,0.1]],[6,4,20,-478,[0,"a7vcGd8w5G0LuBCCOpqx+e"]],[3,29,-479,[0,"77+e4bTKNH5bf0NWOv/Cq/"]]],[1,"fe9do1QxBBPZhGoGytLMt0",null,null,null,1,0],[1,-0.6,0.96,0]],[8,"brick02",2,[-484],[[5,-481,[0,"d3lSM9QN5B9oo58bA+YqNX"],[1,0,0,-0.05],[1,0.2,0.08,0.1]],[6,4,20,-482,[0,"a7vcGd8w5G0LuBCCOpqx+e"]],[3,29,-483,[0,"afmYkV/yRN972BHxoXOPcI"]]],[1,"5f9lAn4g9JAb+ZnJJQDnZN",null,null,null,1,0],[1,-0.2,0.96,0]],[8,"brick02",2,[-488],[[5,-485,[0,"d3lSM9QN5B9oo58bA+YqNX"],[1,0,0,-0.05],[1,0.2,0.08,0.1]],[6,4,20,-486,[0,"a7vcGd8w5G0LuBCCOpqx+e"]],[3,29,-487,[0,"8c2kpI3LVBY7GUU25bH8Zd"]]],[1,"d8PlNg/G5HaoH0ArF7A/yD",null,null,null,1,0],[1,0.2,0.96,0]],[8,"brick02",2,[-492],[[5,-489,[0,"d3lSM9QN5B9oo58bA+YqNX"],[1,0,0,-0.05],[1,0.2,0.08,0.1]],[6,4,20,-490,[0,"a7vcGd8w5G0LuBCCOpqx+e"]],[3,29,-491,[0,"e5flmP7FNEHr01Tj+xZbFM"]]],[1,"a5PTWwKLJN5pmTrCtM4cNH",null,null,null,1,0],[1,0.6,0.96,0]],[18,"runHitWallEffect",1,[[12,4,2,-493,[0,"c8AORgJ6JCHockPgH7adVf"]],[11,true,-494,[0,"2bYSD6U51D0oTn51FFYNAi"],[1,0,0.5,1.2],[1,1.5,1,0.1]],[3,30,-495,[0,"e5r82ewfVDioS024r3fHFb"]]],[1,"68uc9njftDrrIr5Z7dFUDP",null,null,null,1,0]],[2,"RootNode",4,[-496],[1,"c9yOP8909G24nzDxeuFsrn",null,null,null,1,0]],[4,"brick01",102,[[13,1,-497,[0,"4dPB8tPrNGc6OfYwZB4tbW"],[0],[7],1]],[1,"6c6MQlUQRD/7o6k5ewXgl2",null,null,null,1,0],[3,-0.7071067811865476,0,0,0.7071067811865476],[1,2.53999996185303,2.53999996185303,2.53999996185303],[1,-90.00000000000003,0,0]],[2,"RootNode",5,[-498],[1,"9f3/RUwr5OB7SM32VNGh0t",null,null,null,1,0]],[4,"brick01",104,[[13,1,-499,[0,"4dPB8tPrNGc6OfYwZB4tbW"],[2],[7],3]],[1,"0b2CZmZcJPWoZlKgv6SAB1",null,null,null,1,0],[3,-0.7071067811865476,0,0,0.7071067811865476],[1,2.53999996185303,2.53999996185303,2.53999996185303],[1,-90.00000000000003,0,0]],[2,"RootNode",6,[-500],[1,"1bX+CKPkZJJIKrjT5peSHy",null,null,null,1,0]],[4,"brick01",106,[[9,-501,[0,"4dPB8tPrNGc6OfYwZB4tbW"],[4],[7],5]],[1,"b9OQ3M+h9GMbjUA1yLPEnb",null,null,null,1,0],[3,-0.7071067811865476,0,0,0.7071067811865476],[1,2.53999996185303,2.53999996185303,2.53999996185303],[1,-90.00000000000003,0,0]],[2,"RootNode",7,[-502],[1,"e34/pRjBBE3aM2YKfdiv2S",null,null,null,1,0]],[4,"brick01",108,[[9,-503,[0,"4dPB8tPrNGc6OfYwZB4tbW"],[6],[7],7]],[1,"5cz7PIO/BClbU3DsfVEfkx",null,null,null,1,0],[3,-0.7071067811865476,0,0,0.7071067811865476],[1,2.53999996185303,2.53999996185303,2.53999996185303],[1,-90.00000000000003,0,0]],[2,"RootNode",8,[-504],[1,"2bGxsSRMdGAYDqsD7OGUzE",null,null,null,1,0]],[4,"brick01",110,[[9,-505,[0,"4dPB8tPrNGc6OfYwZB4tbW"],[8],[7],9]],[1,"bfQDmRcf5GVYTXL2wG2+gT",null,null,null,1,0],[3,-0.7071067811865476,0,0,0.7071067811865476],[1,2.53999996185303,2.53999996185303,2.53999996185303],[1,-90.00000000000003,0,0]],[2,"RootNode",9,[-506],[1,"2eT/mMr5NMbqbMf7yWtZxl",null,null,null,1,0]],[4,"brick01",112,[[9,-507,[0,"4dPB8tPrNGc6OfYwZB4tbW"],[10],[7],11]],[1,"30FBCxI4RLrZyhbwlbu6dW",null,null,null,1,0],[3,-0.7071067811865476,0,0,0.7071067811865476],[1,2.53999996185303,2.53999996185303,2.53999996185303],[1,-90.00000000000003,0,0]],[2,"RootNode",10,[-508],[1,"8cq/ZGF5lMN5bI7d6RvV75",null,null,null,1,0]],[4,"brick01",114,[[9,-509,[0,"4dPB8tPrNGc6OfYwZB4tbW"],[12],[7],13]],[1,"78yyjau6JNgprjAoB6vvVp",null,null,null,1,0],[3,-0.7071067811865476,0,0,0.7071067811865476],[1,2.53999996185303,2.53999996185303,2.53999996185303],[1,-90.00000000000003,0,0]],[2,"RootNode",11,[-510],[1,"e1NX8Vs11HDaqalFJ/86os",null,null,null,1,0]],[4,"brick01",116,[[9,-511,[0,"4dPB8tPrNGc6OfYwZB4tbW"],[14],[7],15]],[1,"12P7b/oaBHQI7Cov9tXgst",null,null,null,1,0],[3,-0.7071067811865476,0,0,0.7071067811865476],[1,2.53999996185303,2.53999996185303,2.53999996185303],[1,-90.00000000000003,0,0]],[2,"RootNode",12,[-512],[1,"001q0sXC9Nw6pPoSBq18UW",null,null,null,1,0]],[4,"brick01",118,[[9,-513,[0,"4dPB8tPrNGc6OfYwZB4tbW"],[16],[7],17]],[1,"0bLPOoHllEbKPlmhEzcFaU",null,null,null,1,0],[3,-0.7071067811865476,0,0,0.7071067811865476],[1,2.53999996185303,2.53999996185303,2.53999996185303],[1,-90.00000000000003,0,0]],[2,"RootNode",13,[-514],[1,"0eqjJ/o/VL4JoGFe2ilshM",null,null,null,1,0]],[4,"brick01",120,[[9,-515,[0,"4dPB8tPrNGc6OfYwZB4tbW"],[18],[7],19]],[1,"87p11O/wRJ24gGu3YkneTC",null,null,null,1,0],[3,-0.7071067811865476,0,0,0.7071067811865476],[1,2.53999996185303,2.53999996185303,2.53999996185303],[1,-90.00000000000003,0,0]],[2,"RootNode",14,[-516],[1,"ceJQIWawBFa4nqRGrgEd2p",null,null,null,1,0]],[4,"brick01",122,[[9,-517,[0,"4dPB8tPrNGc6OfYwZB4tbW"],[20],[7],21]],[1,"73ELUVwvJA7r/WtNqnLItD",null,null,null,1,0],[3,-0.7071067811865476,0,0,0.7071067811865476],[1,2.53999996185303,2.53999996185303,2.53999996185303],[1,-90.00000000000003,0,0]],[2,"RootNode",15,[-518],[1,"7bC5TWbMpDOJnMH+RxMXTt",null,null,null,1,0]],[4,"brick01",124,[[9,-519,[0,"4dPB8tPrNGc6OfYwZB4tbW"],[22],[7],23]],[1,"489xtKBgdA/pNQ84Y3wa3p",null,null,null,1,0],[3,-0.7071067811865476,0,0,0.7071067811865476],[1,2.53999996185303,2.53999996185303,2.53999996185303],[1,-90.00000000000003,0,0]],[2,"RootNode",16,[-520],[1,"e977664L9GU6m3HOsO9eL2",null,null,null,1,0]],[4,"brick01",126,[[9,-521,[0,"4dPB8tPrNGc6OfYwZB4tbW"],[24],[7],25]],[1,"7cfPnWMclEKq8CRawGqJiS",null,null,null,1,0],[3,-0.7071067811865476,0,0,0.7071067811865476],[1,2.53999996185303,2.53999996185303,2.53999996185303],[1,-90.00000000000003,0,0]],[2,"RootNode",17,[-522],[1,"0ccK+rHi1G8YNltg5h/AJ4",null,null,null,1,0]],[4,"brick01",128,[[9,-523,[0,"4dPB8tPrNGc6OfYwZB4tbW"],[26],[7],27]],[1,"e7n9LU1IxNjqULJ3SM94F0",null,null,null,1,0],[3,-0.7071067811865476,0,0,0.7071067811865476],[1,2.53999996185303,2.53999996185303,2.53999996185303],[1,-90.00000000000003,0,0]],[2,"RootNode",18,[-524],[1,"67O/3J7vFGdrbev1PvfdHJ",null,null,null,1,0]],[4,"brick01",130,[[9,-525,[0,"4dPB8tPrNGc6OfYwZB4tbW"],[28],[7],29]],[1,"b7hgl72q9BkbyNdcey5my/",null,null,null,1,0],[3,-0.7071067811865476,0,0,0.7071067811865476],[1,2.53999996185303,2.53999996185303,2.53999996185303],[1,-90.00000000000003,0,0]],[2,"RootNode",19,[-526],[1,"f2VZzwAkpCTZtgtCB4sQRM",null,null,null,1,0]],[4,"brick01",132,[[9,-527,[0,"4dPB8tPrNGc6OfYwZB4tbW"],[30],[7],31]],[1,"ac3EDk0PpNQbntpwW9wCdc",null,null,null,1,0],[3,-0.7071067811865476,0,0,0.7071067811865476],[1,2.53999996185303,2.53999996185303,2.53999996185303],[1,-90.00000000000003,0,0]],[2,"RootNode",20,[-528],[1,"69sy+2D9RFSLHTT0pEejdo",null,null,null,1,0]],[4,"brick01",134,[[9,-529,[0,"4dPB8tPrNGc6OfYwZB4tbW"],[32],[7],33]],[1,"99xKDtandBNLhU2L7gRx3j",null,null,null,1,0],[3,-0.7071067811865476,0,0,0.7071067811865476],[1,2.53999996185303,2.53999996185303,2.53999996185303],[1,-90.00000000000003,0,0]],[2,"RootNode",21,[-530],[1,"2ecqTJYwZPB57KYshjoyEt",null,null,null,1,0]],[4,"brick01",136,[[9,-531,[0,"4dPB8tPrNGc6OfYwZB4tbW"],[34],[7],35]],[1,"d313PHdF9HmIoFc9zvIhpE",null,null,null,1,0],[3,-0.7071067811865476,0,0,0.7071067811865476],[1,2.53999996185303,2.53999996185303,2.53999996185303],[1,-90.00000000000003,0,0]],[2,"RootNode",22,[-532],[1,"59FtiORgRFiZ8pmrPpNsXt",null,null,null,1,0]],[4,"brick01",138,[[9,-533,[0,"4dPB8tPrNGc6OfYwZB4tbW"],[36],[7],37]],[1,"c2mtH+y2lHf7BoK9gaQFO0",null,null,null,1,0],[3,-0.7071067811865476,0,0,0.7071067811865476],[1,2.53999996185303,2.53999996185303,2.53999996185303],[1,-90.00000000000003,0,0]],[2,"RootNode",23,[-534],[1,"11BS/wcH9LX7NiVteFN0/L",null,null,null,1,0]],[4,"brick01",140,[[9,-535,[0,"4dPB8tPrNGc6OfYwZB4tbW"],[38],[7],39]],[1,"1dYjzDNshBeLwuZIar09t6",null,null,null,1,0],[3,-0.7071067811865476,0,0,0.7071067811865476],[1,2.53999996185303,2.53999996185303,2.53999996185303],[1,-90.00000000000003,0,0]],[2,"RootNode",24,[-536],[1,"3eb+jTgx5M7J/onqvQyMFa",null,null,null,1,0]],[4,"brick01",142,[[9,-537,[0,"4dPB8tPrNGc6OfYwZB4tbW"],[40],[7],41]],[1,"85nyO8t0pBAboo4giJS+QO",null,null,null,1,0],[3,-0.7071067811865476,0,0,0.7071067811865476],[1,2.53999996185303,2.53999996185303,2.53999996185303],[1,-90.00000000000003,0,0]],[2,"RootNode",25,[-538],[1,"1dCFpJcyZMlakElRVSs2wi",null,null,null,1,0]],[4,"brick01",144,[[9,-539,[0,"4dPB8tPrNGc6OfYwZB4tbW"],[42],[7],43]],[1,"2aCHmdV4lHu4AZhhV/lERg",null,null,null,1,0],[3,-0.7071067811865476,0,0,0.7071067811865476],[1,2.53999996185303,2.53999996185303,2.53999996185303],[1,-90.00000000000003,0,0]],[2,"RootNode",26,[-540],[1,"d4VAYezplDDJfyISdPaNSq",null,null,null,1,0]],[4,"brick01",146,[[9,-541,[0,"4dPB8tPrNGc6OfYwZB4tbW"],[44],[7],45]],[1,"228J4qbstJW5yTafb6Tgv2",null,null,null,1,0],[3,-0.7071067811865476,0,0,0.7071067811865476],[1,2.53999996185303,2.53999996185303,2.53999996185303],[1,-90.00000000000003,0,0]],[2,"RootNode",27,[-542],[1,"34ZuOoDuxP954UOh7QCg2F",null,null,null,1,0]],[4,"brick01",148,[[9,-543,[0,"4dPB8tPrNGc6OfYwZB4tbW"],[46],[7],47]],[1,"43FyzOm2pAlIM1l6MBUX5F",null,null,null,1,0],[3,-0.7071067811865476,0,0,0.7071067811865476],[1,2.53999996185303,2.53999996185303,2.53999996185303],[1,-90.00000000000003,0,0]],[2,"RootNode",28,[-544],[1,"2c6ke9qJpNoqTY2pSuLoHr",null,null,null,1,0]],[4,"brick01",150,[[9,-545,[0,"4dPB8tPrNGc6OfYwZB4tbW"],[48],[7],49]],[1,"eem5xp5ZxPxr9kzopq3T2s",null,null,null,1,0],[3,-0.7071067811865476,0,0,0.7071067811865476],[1,2.53999996185303,2.53999996185303,2.53999996185303],[1,-90.00000000000003,0,0]],[2,"RootNode",29,[-546],[1,"9bQuvZ1V5OY5UnpZKOd1XD",null,null,null,1,0]],[4,"brick01",152,[[9,-547,[0,"4dPB8tPrNGc6OfYwZB4tbW"],[50],[7],51]],[1,"520QgRuZlKqrQoyu4mymim",null,null,null,1,0],[3,-0.7071067811865476,0,0,0.7071067811865476],[1,2.53999996185303,2.53999996185303,2.53999996185303],[1,-90.00000000000003,0,0]],[2,"RootNode",30,[-548],[1,"19ndGcnjZLS55yEKQFUB0/",null,null,null,1,0]],[4,"brick01",154,[[9,-549,[0,"4dPB8tPrNGc6OfYwZB4tbW"],[52],[7],53]],[1,"63E7c1t6dMtp8BVgUaFsUw",null,null,null,1,0],[3,-0.7071067811865476,0,0,0.7071067811865476],[1,2.53999996185303,2.53999996185303,2.53999996185303],[1,-90.00000000000003,0,0]],[2,"RootNode",31,[-550],[1,"dclAVpA31N2IrNclzb8g1u",null,null,null,1,0]],[4,"brick01",156,[[9,-551,[0,"4dPB8tPrNGc6OfYwZB4tbW"],[54],[7],55]],[1,"60P2oNE9ZAB5ly8gsQujqA",null,null,null,1,0],[3,-0.7071067811865476,0,0,0.7071067811865476],[1,2.53999996185303,2.53999996185303,2.53999996185303],[1,-90.00000000000003,0,0]],[2,"RootNode",32,[-552],[1,"d7MLtHUH5FpZ1HR59jIJ46",null,null,null,1,0]],[4,"brick01",158,[[9,-553,[0,"4dPB8tPrNGc6OfYwZB4tbW"],[56],[7],57]],[1,"c205q7e69DTr4I054kNTWf",null,null,null,1,0],[3,-0.7071067811865476,0,0,0.7071067811865476],[1,2.53999996185303,2.53999996185303,2.53999996185303],[1,-90.00000000000003,0,0]],[2,"RootNode",33,[-554],[1,"2bQdQzvw1KU40TSIh+Qv4W",null,null,null,1,0]],[4,"brick01",160,[[9,-555,[0,"4dPB8tPrNGc6OfYwZB4tbW"],[58],[7],59]],[1,"753C8xh9FHxJm5ubfjb1Yq",null,null,null,1,0],[3,-0.7071067811865476,0,0,0.7071067811865476],[1,2.53999996185303,2.53999996185303,2.53999996185303],[1,-90.00000000000003,0,0]],[2,"RootNode",34,[-556],[1,"63RJk4c+lEhpkumFePg92m",null,null,null,1,0]],[4,"brick01",162,[[9,-557,[0,"4dPB8tPrNGc6OfYwZB4tbW"],[60],[7],61]],[1,"2d0v0CAuhE0L4FwEw3gJOL",null,null,null,1,0],[3,-0.7071067811865476,0,0,0.7071067811865476],[1,2.53999996185303,2.53999996185303,2.53999996185303],[1,-90.00000000000003,0,0]],[2,"RootNode",35,[-558],[1,"a216hkgNlJioaf2sKAJeZP",null,null,null,1,0]],[4,"brick01",164,[[9,-559,[0,"4dPB8tPrNGc6OfYwZB4tbW"],[62],[7],63]],[1,"c0BNYjNmNPvqTNlkk26c80",null,null,null,1,0],[3,-0.7071067811865476,0,0,0.7071067811865476],[1,2.53999996185303,2.53999996185303,2.53999996185303],[1,-90.00000000000003,0,0]],[2,"RootNode",36,[-560],[1,"c3+AVoJJxJKZWCBAVGouUl",null,null,null,1,0]],[4,"brick01",166,[[9,-561,[0,"4dPB8tPrNGc6OfYwZB4tbW"],[64],[7],65]],[1,"54keeXZhBGZq4vLmL9X4BL",null,null,null,1,0],[3,-0.7071067811865476,0,0,0.7071067811865476],[1,2.53999996185303,2.53999996185303,2.53999996185303],[1,-90.00000000000003,0,0]],[2,"RootNode",37,[-562],[1,"54rbghm/BMT7PE+8YTqc7x",null,null,null,1,0]],[4,"brick01",168,[[9,-563,[0,"4dPB8tPrNGc6OfYwZB4tbW"],[66],[7],67]],[1,"9btCC7NO1MDps70l9zQm6A",null,null,null,1,0],[3,-0.7071067811865476,0,0,0.7071067811865476],[1,2.53999996185303,2.53999996185303,2.53999996185303],[1,-90.00000000000003,0,0]],[2,"RootNode",38,[-564],[1,"20ZRBFG0lLd4CsMy83cdgG",null,null,null,1,0]],[4,"brick01",170,[[9,-565,[0,"4dPB8tPrNGc6OfYwZB4tbW"],[68],[7],69]],[1,"82Vy23oW9MT621DudpAJNo",null,null,null,1,0],[3,-0.7071067811865476,0,0,0.7071067811865476],[1,2.53999996185303,2.53999996185303,2.53999996185303],[1,-90.00000000000003,0,0]],[2,"RootNode",39,[-566],[1,"a2b0XFWRdGZbtijG4vsNpX",null,null,null,1,0]],[4,"brick01",172,[[9,-567,[0,"4dPB8tPrNGc6OfYwZB4tbW"],[70],[7],71]],[1,"bbi0DKJlxFlbU/Q2yaV50J",null,null,null,1,0],[3,-0.7071067811865476,0,0,0.7071067811865476],[1,2.53999996185303,2.53999996185303,2.53999996185303],[1,-90.00000000000003,0,0]],[2,"RootNode",40,[-568],[1,"cbDWGaBvJMyYgIcxRxE0B1",null,null,null,1,0]],[4,"brick01",174,[[9,-569,[0,"4dPB8tPrNGc6OfYwZB4tbW"],[72],[7],73]],[1,"efs5VofRNH+6I16lci4RUX",null,null,null,1,0],[3,-0.7071067811865476,0,0,0.7071067811865476],[1,2.53999996185303,2.53999996185303,2.53999996185303],[1,-90.00000000000003,0,0]],[2,"RootNode",41,[-570],[1,"7fdV6UKRFIeb/NiG5G/fgT",null,null,null,1,0]],[4,"brick01",176,[[9,-571,[0,"4dPB8tPrNGc6OfYwZB4tbW"],[74],[7],75]],[1,"af54YL3dtBfpDPP+kuwzDP",null,null,null,1,0],[3,-0.7071067811865476,0,0,0.7071067811865476],[1,2.53999996185303,2.53999996185303,2.53999996185303],[1,-90.00000000000003,0,0]],[2,"RootNode",42,[-572],[1,"6aVpH0RX9LHZGWIP/KS3X8",null,null,null,1,0]],[4,"brick01",178,[[9,-573,[0,"4dPB8tPrNGc6OfYwZB4tbW"],[76],[7],77]],[1,"3fpibv7o1HgKte5D/dmY7+",null,null,null,1,0],[3,-0.7071067811865476,0,0,0.7071067811865476],[1,2.53999996185303,2.53999996185303,2.53999996185303],[1,-90.00000000000003,0,0]],[2,"RootNode",43,[-574],[1,"97PS1eUgJKZ7xq4gm2rsnJ",null,null,null,1,0]],[4,"brick01",180,[[9,-575,[0,"4dPB8tPrNGc6OfYwZB4tbW"],[78],[7],79]],[1,"22/q8VlvlN04GOGw1D1lh2",null,null,null,1,0],[3,-0.7071067811865476,0,0,0.7071067811865476],[1,2.53999996185303,2.53999996185303,2.53999996185303],[1,-90.00000000000003,0,0]],[2,"RootNode",44,[-576],[1,"edEZhynwNDa6D8atVefK2z",null,null,null,1,0]],[4,"brick01",182,[[9,-577,[0,"4dPB8tPrNGc6OfYwZB4tbW"],[80],[7],81]],[1,"c3d5UwfE9KoZukbu1Pj4qy",null,null,null,1,0],[3,-0.7071067811865476,0,0,0.7071067811865476],[1,2.53999996185303,2.53999996185303,2.53999996185303],[1,-90.00000000000003,0,0]],[2,"RootNode",45,[-578],[1,"f8jQQRVdZGXaLe3BXTYpmO",null,null,null,1,0]],[4,"brick01",184,[[9,-579,[0,"4dPB8tPrNGc6OfYwZB4tbW"],[82],[7],83]],[1,"cd5hsUvdpO+KVV/rG+w0fn",null,null,null,1,0],[3,-0.7071067811865476,0,0,0.7071067811865476],[1,2.53999996185303,2.53999996185303,2.53999996185303],[1,-90.00000000000003,0,0]],[2,"RootNode",46,[-580],[1,"fd0P3BAUZBXojzYuh0Aj3p",null,null,null,1,0]],[4,"brick01",186,[[9,-581,[0,"4dPB8tPrNGc6OfYwZB4tbW"],[84],[7],85]],[1,"67wlAXX1JPoIqcjF3oiK2a",null,null,null,1,0],[3,-0.7071067811865476,0,0,0.7071067811865476],[1,2.53999996185303,2.53999996185303,2.53999996185303],[1,-90.00000000000003,0,0]],[2,"RootNode",47,[-582],[1,"964feLPtVHwYmHI6rqYuEj",null,null,null,1,0]],[4,"brick01",188,[[9,-583,[0,"4dPB8tPrNGc6OfYwZB4tbW"],[86],[7],87]],[1,"e8v+p74npD4Lkyd8yMZAvU",null,null,null,1,0],[3,-0.7071067811865476,0,0,0.7071067811865476],[1,2.53999996185303,2.53999996185303,2.53999996185303],[1,-90.00000000000003,0,0]],[2,"RootNode",48,[-584],[1,"24S5XNVTBGML02a9qEHNAk",null,null,null,1,0]],[4,"brick01",190,[[9,-585,[0,"4dPB8tPrNGc6OfYwZB4tbW"],[88],[7],89]],[1,"0eh/9/QhFF2Yr+Z5+fmigW",null,null,null,1,0],[3,-0.7071067811865476,0,0,0.7071067811865476],[1,2.53999996185303,2.53999996185303,2.53999996185303],[1,-90.00000000000003,0,0]],[2,"RootNode",49,[-586],[1,"7fh2TPFjJN0atdAuwNnWR9",null,null,null,1,0]],[4,"brick01",192,[[9,-587,[0,"4dPB8tPrNGc6OfYwZB4tbW"],[90],[7],91]],[1,"25wYf3yIxMZ5GVMPn+6uTB",null,null,null,1,0],[3,-0.7071067811865476,0,0,0.7071067811865476],[1,2.53999996185303,2.53999996185303,2.53999996185303],[1,-90.00000000000003,0,0]],[2,"RootNode",50,[-588],[1,"80bJ9drddOY5Wqh5VARj6a",null,null,null,1,0]],[4,"brick01",194,[[9,-589,[0,"4dPB8tPrNGc6OfYwZB4tbW"],[92],[7],93]],[1,"ea5fM8eu1E0JaeNkPRP1I/",null,null,null,1,0],[3,-0.7071067811865476,0,0,0.7071067811865476],[1,2.53999996185303,2.53999996185303,2.53999996185303],[1,-90.00000000000003,0,0]],[2,"RootNode",51,[-590],[1,"0cdfzOhHxGa60Q/P8Oxbb3",null,null,null,1,0]],[4,"brick01",196,[[9,-591,[0,"4dPB8tPrNGc6OfYwZB4tbW"],[94],[7],95]],[1,"021eIR7nxLHLBnN6COIkhF",null,null,null,1,0],[3,-0.7071067811865476,0,0,0.7071067811865476],[1,2.53999996185303,2.53999996185303,2.53999996185303],[1,-90.00000000000003,0,0]],[2,"RootNode",52,[-592],[1,"90JnxnlBFMCb4XMKzOEKB/",null,null,null,1,0]],[4,"brick02",198,[[9,-593,[0,"b29/RwT9pI7acu7hBJNnfx"],[96],[7],97]],[1,"cbyCc8e6RMVrS+8GwzBQFE",null,null,null,1,0],[3,-0.7071067811865476,0,0,0.7071067811865476],[1,2.53999996185303,2.53999996185303,2.53999996185303],[1,-90.00000000000003,0,0]],[2,"RootNode",53,[-594],[1,"6aFc6F8XdL2KlnRr+3t3Qg",null,null,null,1,0]],[4,"brick02",200,[[9,-595,[0,"b29/RwT9pI7acu7hBJNnfx"],[98],[7],99]],[1,"cbdOEmh69DUbxOMvcNNOzO",null,null,null,1,0],[3,-0.7071067811865476,0,0,0.7071067811865476],[1,2.53999996185303,2.53999996185303,2.53999996185303],[1,-90.00000000000003,0,0]],[2,"RootNode",54,[-596],[1,"a0um34uutDmYcoGEIdtZ3l",null,null,null,1,0]],[4,"brick02",202,[[9,-597,[0,"b29/RwT9pI7acu7hBJNnfx"],[100],[7],101]],[1,"8bn8TH9lpOOKXt3T8fdDNE",null,null,null,1,0],[3,-0.7071067811865476,0,0,0.7071067811865476],[1,2.53999996185303,2.53999996185303,2.53999996185303],[1,-90.00000000000003,0,0]],[2,"RootNode",55,[-598],[1,"c8k+1srYZE4LHIvhvCDdzt",null,null,null,1,0]],[4,"brick02",204,[[9,-599,[0,"b29/RwT9pI7acu7hBJNnfx"],[102],[7],103]],[1,"53tUNnXDtHh59NDzPL0M+L",null,null,null,1,0],[3,-0.7071067811865476,0,0,0.7071067811865476],[1,2.53999996185303,2.53999996185303,2.53999996185303],[1,-90.00000000000003,0,0]],[2,"RootNode",56,[-600],[1,"38FVyJ4GtFmKyyc4/ukSoa",null,null,null,1,0]],[4,"brick02",206,[[9,-601,[0,"b29/RwT9pI7acu7hBJNnfx"],[104],[7],105]],[1,"94wxNS5jNNMrKTqUUCHBkg",null,null,null,1,0],[3,-0.7071067811865476,0,0,0.7071067811865476],[1,2.53999996185303,2.53999996185303,2.53999996185303],[1,-90.00000000000003,0,0]],[2,"RootNode",57,[-602],[1,"60o/sEfs9PM5C/jvGkqXbx",null,null,null,1,0]],[4,"brick02",208,[[9,-603,[0,"b29/RwT9pI7acu7hBJNnfx"],[106],[7],107]],[1,"9bk9fr3whEkouPRzHj4f3/",null,null,null,1,0],[3,-0.7071067811865476,0,0,0.7071067811865476],[1,2.53999996185303,2.53999996185303,2.53999996185303],[1,-90.00000000000003,0,0]],[2,"RootNode",58,[-604],[1,"74MMbBKIlJ4KqIbtu9w8wP",null,null,null,1,0]],[4,"brick02",210,[[9,-605,[0,"b29/RwT9pI7acu7hBJNnfx"],[108],[7],109]],[1,"fbkLFi7VBP/qLqYlqlxIvN",null,null,null,1,0],[3,-0.7071067811865476,0,0,0.7071067811865476],[1,2.53999996185303,2.53999996185303,2.53999996185303],[1,-90.00000000000003,0,0]],[2,"RootNode",59,[-606],[1,"baPySxxB9Kfq8Tv0kkmgiC",null,null,null,1,0]],[4,"brick02",212,[[9,-607,[0,"b29/RwT9pI7acu7hBJNnfx"],[110],[7],111]],[1,"77fSorBSVKor6baWj+IfjF",null,null,null,1,0],[3,-0.7071067811865476,0,0,0.7071067811865476],[1,2.53999996185303,2.53999996185303,2.53999996185303],[1,-90.00000000000003,0,0]],[2,"RootNode",60,[-608],[1,"d44aVPBn5C4JTMUxCfpFdX",null,null,null,1,0]],[4,"brick02",214,[[9,-609,[0,"b29/RwT9pI7acu7hBJNnfx"],[112],[7],113]],[1,"f3ObShYb5LdZl4Qfu0oo6b",null,null,null,1,0],[3,-0.7071067811865476,0,0,0.7071067811865476],[1,2.53999996185303,2.53999996185303,2.53999996185303],[1,-90.00000000000003,0,0]],[2,"RootNode",61,[-610],[1,"2dW15BjodA05bpT5hOr2Vs",null,null,null,1,0]],[4,"brick02",216,[[9,-611,[0,"b29/RwT9pI7acu7hBJNnfx"],[114],[7],115]],[1,"6bdKzTi4lPtKXE2d9wfoUd",null,null,null,1,0],[3,-0.7071067811865476,0,0,0.7071067811865476],[1,2.53999996185303,2.53999996185303,2.53999996185303],[1,-90.00000000000003,0,0]],[2,"RootNode",62,[-612],[1,"22dQYOZhFLcY59NcTbMg/y",null,null,null,1,0]],[4,"brick02",218,[[9,-613,[0,"b29/RwT9pI7acu7hBJNnfx"],[116],[7],117]],[1,"0bUzuoSdJB44HbNYHfI+E1",null,null,null,1,0],[3,-0.7071067811865476,0,0,0.7071067811865476],[1,2.53999996185303,2.53999996185303,2.53999996185303],[1,-90.00000000000003,0,0]],[2,"RootNode",63,[-614],[1,"414+VdDSFJLI8Rp9J/8/TP",null,null,null,1,0]],[4,"brick02",220,[[9,-615,[0,"b29/RwT9pI7acu7hBJNnfx"],[118],[7],119]],[1,"e7FMOgIHFBZq6222BcWQ+B",null,null,null,1,0],[3,-0.7071067811865476,0,0,0.7071067811865476],[1,2.53999996185303,2.53999996185303,2.53999996185303],[1,-90.00000000000003,0,0]],[2,"RootNode",64,[-616],[1,"f3HdZdmoZAVK4qemYMx18W",null,null,null,1,0]],[4,"brick02",222,[[9,-617,[0,"b29/RwT9pI7acu7hBJNnfx"],[120],[7],121]],[1,"b5JfmKChxElrqqckV1TP8/",null,null,null,1,0],[3,-0.7071067811865476,0,0,0.7071067811865476],[1,2.53999996185303,2.53999996185303,2.53999996185303],[1,-90.00000000000003,0,0]],[2,"RootNode",65,[-618],[1,"cdHbK7dahJe7PQm9SmU57x",null,null,null,1,0]],[4,"brick02",224,[[9,-619,[0,"b29/RwT9pI7acu7hBJNnfx"],[122],[7],123]],[1,"c4dQfBna5KB5fRHKVVXKyb",null,null,null,1,0],[3,-0.7071067811865476,0,0,0.7071067811865476],[1,2.53999996185303,2.53999996185303,2.53999996185303],[1,-90.00000000000003,0,0]],[2,"RootNode",66,[-620],[1,"372IjGIwVLFb/lhfxgLJli",null,null,null,1,0]],[4,"brick02",226,[[9,-621,[0,"b29/RwT9pI7acu7hBJNnfx"],[124],[7],125]],[1,"26Ol5ghQ1P64d1jhm4FdYU",null,null,null,1,0],[3,-0.7071067811865476,0,0,0.7071067811865476],[1,2.53999996185303,2.53999996185303,2.53999996185303],[1,-90.00000000000003,0,0]],[2,"RootNode",67,[-622],[1,"bby4oxDNhLw63YDojQNNEi",null,null,null,1,0]],[4,"brick02",228,[[9,-623,[0,"b29/RwT9pI7acu7hBJNnfx"],[126],[7],127]],[1,"b0v6rUGv9Axow1LKzxxQFH",null,null,null,1,0],[3,-0.7071067811865476,0,0,0.7071067811865476],[1,2.53999996185303,2.53999996185303,2.53999996185303],[1,-90.00000000000003,0,0]],[2,"RootNode",68,[-624],[1,"889A9vxhJPHLtzGGmMLP3K",null,null,null,1,0]],[4,"brick02",230,[[9,-625,[0,"b29/RwT9pI7acu7hBJNnfx"],[128],[7],129]],[1,"d4x/lh0KVAtqZNfDkbJetv",null,null,null,1,0],[3,-0.7071067811865476,0,0,0.7071067811865476],[1,2.53999996185303,2.53999996185303,2.53999996185303],[1,-90.00000000000003,0,0]],[2,"RootNode",69,[-626],[1,"20Mw0YHAxL45G0jNAJbn93",null,null,null,1,0]],[4,"brick02",232,[[9,-627,[0,"b29/RwT9pI7acu7hBJNnfx"],[130],[7],131]],[1,"449rwdaghCWoPRIM5u1Rkz",null,null,null,1,0],[3,-0.7071067811865476,0,0,0.7071067811865476],[1,2.53999996185303,2.53999996185303,2.53999996185303],[1,-90.00000000000003,0,0]],[2,"RootNode",70,[-628],[1,"48JaDbdORA0qF71jniirxq",null,null,null,1,0]],[4,"brick02",234,[[9,-629,[0,"b29/RwT9pI7acu7hBJNnfx"],[132],[7],133]],[1,"86UouU32FNDrOZJK/x3MXh",null,null,null,1,0],[3,-0.7071067811865476,0,0,0.7071067811865476],[1,2.53999996185303,2.53999996185303,2.53999996185303],[1,-90.00000000000003,0,0]],[2,"RootNode",71,[-630],[1,"37IM0troZK+YZMQ7eh/DYo",null,null,null,1,0]],[4,"brick02",236,[[9,-631,[0,"b29/RwT9pI7acu7hBJNnfx"],[134],[7],135]],[1,"d46IAmxF9NJ5oPqJviJLJw",null,null,null,1,0],[3,-0.7071067811865476,0,0,0.7071067811865476],[1,2.53999996185303,2.53999996185303,2.53999996185303],[1,-90.00000000000003,0,0]],[2,"RootNode",72,[-632],[1,"0c+7rOtEVO4q59/dh+/SCa",null,null,null,1,0]],[4,"brick02",238,[[9,-633,[0,"b29/RwT9pI7acu7hBJNnfx"],[136],[7],137]],[1,"a0wnaso7lLipx9E0B4gG3I",null,null,null,1,0],[3,-0.7071067811865476,0,0,0.7071067811865476],[1,2.53999996185303,2.53999996185303,2.53999996185303],[1,-90.00000000000003,0,0]],[2,"RootNode",73,[-634],[1,"0bnrvIo6ZKEq61v2PBO5Nj",null,null,null,1,0]],[4,"brick02",240,[[9,-635,[0,"b29/RwT9pI7acu7hBJNnfx"],[138],[7],139]],[1,"8a+7R2wGZFAo8XS5kX5IvL",null,null,null,1,0],[3,-0.7071067811865476,0,0,0.7071067811865476],[1,2.53999996185303,2.53999996185303,2.53999996185303],[1,-90.00000000000003,0,0]],[2,"RootNode",74,[-636],[1,"196w7921BDkL90pPPJAKfz",null,null,null,1,0]],[4,"brick02",242,[[9,-637,[0,"b29/RwT9pI7acu7hBJNnfx"],[140],[7],141]],[1,"b5u+QPjFVM/a+GNDkY2hmX",null,null,null,1,0],[3,-0.7071067811865476,0,0,0.7071067811865476],[1,2.53999996185303,2.53999996185303,2.53999996185303],[1,-90.00000000000003,0,0]],[2,"RootNode",75,[-638],[1,"94Z4jrv7VM+pGUuR6X06l1",null,null,null,1,0]],[4,"brick02",244,[[9,-639,[0,"b29/RwT9pI7acu7hBJNnfx"],[142],[7],143]],[1,"a0Ar3ctUBG44urmq6Mjpag",null,null,null,1,0],[3,-0.7071067811865476,0,0,0.7071067811865476],[1,2.53999996185303,2.53999996185303,2.53999996185303],[1,-90.00000000000003,0,0]],[2,"RootNode",76,[-640],[1,"44v2l4Kr5Fu7jAvmKT24qa",null,null,null,1,0]],[4,"brick02",246,[[9,-641,[0,"b29/RwT9pI7acu7hBJNnfx"],[144],[7],145]],[1,"49jggj/+tLJJEOXj9i4cM5",null,null,null,1,0],[3,-0.7071067811865476,0,0,0.7071067811865476],[1,2.53999996185303,2.53999996185303,2.53999996185303],[1,-90.00000000000003,0,0]],[2,"RootNode",77,[-642],[1,"cbtNDxQc9C65IB8h8XLxrv",null,null,null,1,0]],[4,"brick02",248,[[9,-643,[0,"b29/RwT9pI7acu7hBJNnfx"],[146],[7],147]],[1,"b9qPyaMBtDSYAspjr0rm56",null,null,null,1,0],[3,-0.7071067811865476,0,0,0.7071067811865476],[1,2.53999996185303,2.53999996185303,2.53999996185303],[1,-90.00000000000003,0,0]],[2,"RootNode",78,[-644],[1,"88D7HgLyFMsbeBFoe9dgWt",null,null,null,1,0]],[4,"brick02",250,[[9,-645,[0,"b29/RwT9pI7acu7hBJNnfx"],[148],[7],149]],[1,"6bLwODCXJCxp0BY6XZ1DuK",null,null,null,1,0],[3,-0.7071067811865476,0,0,0.7071067811865476],[1,2.53999996185303,2.53999996185303,2.53999996185303],[1,-90.00000000000003,0,0]],[2,"RootNode",79,[-646],[1,"463Yt1Q+lNhIkgKDMotcLk",null,null,null,1,0]],[4,"brick02",252,[[9,-647,[0,"b29/RwT9pI7acu7hBJNnfx"],[150],[7],151]],[1,"2cGOcU9hNAk5vPjEm533Uu",null,null,null,1,0],[3,-0.7071067811865476,0,0,0.7071067811865476],[1,2.53999996185303,2.53999996185303,2.53999996185303],[1,-90.00000000000003,0,0]],[2,"RootNode",80,[-648],[1,"9eQNTtrm1F3Ifbc6Jb6LLn",null,null,null,1,0]],[4,"brick02",254,[[9,-649,[0,"b29/RwT9pI7acu7hBJNnfx"],[152],[7],153]],[1,"e37zMS7ANCzIhzAzE77Zfj",null,null,null,1,0],[3,-0.7071067811865476,0,0,0.7071067811865476],[1,2.53999996185303,2.53999996185303,2.53999996185303],[1,-90.00000000000003,0,0]],[2,"RootNode",81,[-650],[1,"10ARorC/dM/4BeVZQhwQ5W",null,null,null,1,0]],[4,"brick02",256,[[9,-651,[0,"b29/RwT9pI7acu7hBJNnfx"],[154],[7],155]],[1,"f0CHuFKnZMPo+vVuXjNOPM",null,null,null,1,0],[3,-0.7071067811865476,0,0,0.7071067811865476],[1,2.53999996185303,2.53999996185303,2.53999996185303],[1,-90.00000000000003,0,0]],[2,"RootNode",82,[-652],[1,"38nZKMpFBDJZtFRPYZZog0",null,null,null,1,0]],[4,"brick02",258,[[9,-653,[0,"b29/RwT9pI7acu7hBJNnfx"],[156],[7],157]],[1,"d07N7cOJBPeoWOOQMiCYsy",null,null,null,1,0],[3,-0.7071067811865476,0,0,0.7071067811865476],[1,2.53999996185303,2.53999996185303,2.53999996185303],[1,-90.00000000000003,0,0]],[2,"RootNode",83,[-654],[1,"011R/06bdKZpPVuXJXmemG",null,null,null,1,0]],[4,"brick02",260,[[9,-655,[0,"b29/RwT9pI7acu7hBJNnfx"],[158],[7],159]],[1,"e3qpvczEVMrrl5QZD00VVf",null,null,null,1,0],[3,-0.7071067811865476,0,0,0.7071067811865476],[1,2.53999996185303,2.53999996185303,2.53999996185303],[1,-90.00000000000003,0,0]],[2,"RootNode",84,[-656],[1,"564oGompFPCob+3L+0h8Ea",null,null,null,1,0]],[4,"brick02",262,[[9,-657,[0,"b29/RwT9pI7acu7hBJNnfx"],[160],[7],161]],[1,"06BA8Hc+hKv4/VixEkyKX6",null,null,null,1,0],[3,-0.7071067811865476,0,0,0.7071067811865476],[1,2.53999996185303,2.53999996185303,2.53999996185303],[1,-90.00000000000003,0,0]],[2,"RootNode",85,[-658],[1,"86Z6gTatVM34zya1AajGpn",null,null,null,1,0]],[4,"brick02",264,[[9,-659,[0,"b29/RwT9pI7acu7hBJNnfx"],[162],[7],163]],[1,"951yYxXExKmZlpGR+CDDsx",null,null,null,1,0],[3,-0.7071067811865476,0,0,0.7071067811865476],[1,2.53999996185303,2.53999996185303,2.53999996185303],[1,-90.00000000000003,0,0]],[2,"RootNode",86,[-660],[1,"73UCXrxbhMDqSg9vG32fNL",null,null,null,1,0]],[4,"brick02",266,[[9,-661,[0,"b29/RwT9pI7acu7hBJNnfx"],[164],[7],165]],[1,"8a2YbvoARPDrPjNWGgAGqs",null,null,null,1,0],[3,-0.7071067811865476,0,0,0.7071067811865476],[1,2.53999996185303,2.53999996185303,2.53999996185303],[1,-90.00000000000003,0,0]],[2,"RootNode",87,[-662],[1,"6c2Zp0DNNLfI+Lq1tHhSgY",null,null,null,1,0]],[4,"brick02",268,[[9,-663,[0,"b29/RwT9pI7acu7hBJNnfx"],[166],[7],167]],[1,"85M6+3rkxIbYI3abH0Q9UX",null,null,null,1,0],[3,-0.7071067811865476,0,0,0.7071067811865476],[1,2.53999996185303,2.53999996185303,2.53999996185303],[1,-90.00000000000003,0,0]],[2,"RootNode",88,[-664],[1,"46PRIejj5DFoEYWJ41zlEO",null,null,null,1,0]],[4,"brick02",270,[[9,-665,[0,"b29/RwT9pI7acu7hBJNnfx"],[168],[7],169]],[1,"b204Nc1ylFnLCnAuGjWNUr",null,null,null,1,0],[3,-0.7071067811865476,0,0,0.7071067811865476],[1,2.53999996185303,2.53999996185303,2.53999996185303],[1,-90.00000000000003,0,0]],[2,"RootNode",89,[-666],[1,"14hjhSpCpG27qbFGwDXY12",null,null,null,1,0]],[4,"brick02",272,[[9,-667,[0,"b29/RwT9pI7acu7hBJNnfx"],[170],[7],171]],[1,"19QnmX1FtHV6g2gQMvbB7I",null,null,null,1,0],[3,-0.7071067811865476,0,0,0.7071067811865476],[1,2.53999996185303,2.53999996185303,2.53999996185303],[1,-90.00000000000003,0,0]],[2,"RootNode",90,[-668],[1,"10OzCQZ+1M1owvQhKZIcl0",null,null,null,1,0]],[4,"brick02",274,[[9,-669,[0,"b29/RwT9pI7acu7hBJNnfx"],[172],[7],173]],[1,"a5w8DLaVVCSKibENJa+vMv",null,null,null,1,0],[3,-0.7071067811865476,0,0,0.7071067811865476],[1,2.53999996185303,2.53999996185303,2.53999996185303],[1,-90.00000000000003,0,0]],[2,"RootNode",91,[-670],[1,"206ydD3ZtCQJh5H08gqY8D",null,null,null,1,0]],[4,"brick02",276,[[9,-671,[0,"b29/RwT9pI7acu7hBJNnfx"],[174],[7],175]],[1,"a3Ok1L+q5IcbWc7QzqxBLb",null,null,null,1,0],[3,-0.7071067811865476,0,0,0.7071067811865476],[1,2.53999996185303,2.53999996185303,2.53999996185303],[1,-90.00000000000003,0,0]],[2,"RootNode",92,[-672],[1,"a21XVxC0RAeoV+S+RDoXqI",null,null,null,1,0]],[4,"brick02",278,[[9,-673,[0,"b29/RwT9pI7acu7hBJNnfx"],[176],[7],177]],[1,"a7g/Mgf7hDmLZPVLGjQDnV",null,null,null,1,0],[3,-0.7071067811865476,0,0,0.7071067811865476],[1,2.53999996185303,2.53999996185303,2.53999996185303],[1,-90.00000000000003,0,0]],[2,"RootNode",93,[-674],[1,"28ZWhMF0VCIJ3QkrOcMqUQ",null,null,null,1,0]],[4,"brick02",280,[[9,-675,[0,"b29/RwT9pI7acu7hBJNnfx"],[178],[7],179]],[1,"d2ckmUCMZFXKPjEeHXM2bj",null,null,null,1,0],[3,-0.7071067811865476,0,0,0.7071067811865476],[1,2.53999996185303,2.53999996185303,2.53999996185303],[1,-90.00000000000003,0,0]],[2,"RootNode",94,[-676],[1,"de6FA7j7ZEG4ndSiJxG47V",null,null,null,1,0]],[4,"brick02",282,[[9,-677,[0,"b29/RwT9pI7acu7hBJNnfx"],[180],[7],181]],[1,"64/PFnqbpCUqNSToJB+tpT",null,null,null,1,0],[3,-0.7071067811865476,0,0,0.7071067811865476],[1,2.53999996185303,2.53999996185303,2.53999996185303],[1,-90.00000000000003,0,0]],[2,"RootNode",95,[-678],[1,"08P6uTGKFGeJikjLLP5fcz",null,null,null,1,0]],[4,"brick02",284,[[9,-679,[0,"b29/RwT9pI7acu7hBJNnfx"],[182],[7],183]],[1,"28TbnFvWxCOos8D0TTCGkp",null,null,null,1,0],[3,-0.7071067811865476,0,0,0.7071067811865476],[1,2.53999996185303,2.53999996185303,2.53999996185303],[1,-90.00000000000003,0,0]],[2,"RootNode",96,[-680],[1,"9f2qfqzu9J0L1Hz6gjGiVr",null,null,null,1,0]],[4,"brick02",286,[[9,-681,[0,"b29/RwT9pI7acu7hBJNnfx"],[184],[7],185]],[1,"50lF/WiVdNapTImm42ujiu",null,null,null,1,0],[3,-0.7071067811865476,0,0,0.7071067811865476],[1,2.53999996185303,2.53999996185303,2.53999996185303],[1,-90.00000000000003,0,0]],[2,"RootNode",97,[-682],[1,"3fVYg7IUFNfapSgl1ZjMoa",null,null,null,1,0]],[4,"brick02",288,[[9,-683,[0,"b29/RwT9pI7acu7hBJNnfx"],[186],[7],187]],[1,"63YSEsjW9LgqczxUtSXODa",null,null,null,1,0],[3,-0.7071067811865476,0,0,0.7071067811865476],[1,2.53999996185303,2.53999996185303,2.53999996185303],[1,-90.00000000000003,0,0]],[2,"RootNode",98,[-684],[1,"c4vSOBpRlF4oRBgx/i7YCF",null,null,null,1,0]],[4,"brick02",290,[[9,-685,[0,"b29/RwT9pI7acu7hBJNnfx"],[188],[7],189]],[1,"249QtIo5lEZbT23pyk7Mf9",null,null,null,1,0],[3,-0.7071067811865476,0,0,0.7071067811865476],[1,2.53999996185303,2.53999996185303,2.53999996185303],[1,-90.00000000000003,0,0]],[2,"RootNode",99,[-686],[1,"edTRAYTklIp57khEgvrv8w",null,null,null,1,0]],[4,"brick02",292,[[9,-687,[0,"b29/RwT9pI7acu7hBJNnfx"],[190],[7],191]],[1,"335J7xUGpDUJBxAcNMhXWq",null,null,null,1,0],[3,-0.7071067811865476,0,0,0.7071067811865476],[1,2.53999996185303,2.53999996185303,2.53999996185303],[1,-90.00000000000003,0,0]],[2,"RootNode",100,[-688],[1,"1aVU56vy1OHIdmkoFRULAC",null,null,null,1,0]],[4,"brick02",294,[[9,-689,[0,"b29/RwT9pI7acu7hBJNnfx"],[192],[7],193]],[1,"b85qOZ+JNHToPoZkV9GttT",null,null,null,1,0],[3,-0.7071067811865476,0,0,0.7071067811865476],[1,2.53999996185303,2.53999996185303,2.53999996185303],[1,-90.00000000000003,0,0]]],0,[0,4,1,0,0,1,0,0,1,0,0,1,0,-1,3,0,-2,2,0,-3,101,0,-1,52,0,-2,53,0,-3,54,0,-4,55,0,-5,56,0,-6,57,0,-7,58,0,-8,59,0,-9,60,0,-10,61,0,-11,62,0,-12,63,0,-13,64,0,-14,65,0,-15,66,0,-16,67,0,-17,68,0,-18,69,0,-19,70,0,-20,71,0,-21,72,0,-22,73,0,-23,74,0,-24,75,0,-25,76,0,-26,77,0,-27,78,0,-28,79,0,-29,80,0,-30,81,0,-31,82,0,-32,83,0,-33,84,0,-34,85,0,-35,86,0,-36,87,0,-37,88,0,-38,89,0,-39,90,0,-40,91,0,-41,92,0,-42,93,0,-43,94,0,-44,95,0,-45,96,0,-46,97,0,-47,98,0,-48,99,0,-49,100,0,-1,4,0,-2,5,0,-3,6,0,-4,7,0,-5,8,0,-6,9,0,-7,10,0,-8,11,0,-9,12,0,-10,13,0,-11,14,0,-12,15,0,-13,16,0,-14,17,0,-15,18,0,-16,19,0,-17,20,0,-18,21,0,-19,22,0,-20,23,0,-21,24,0,-22,25,0,-23,26,0,-24,27,0,-25,28,0,-26,29,0,-27,30,0,-28,31,0,-29,32,0,-30,33,0,-31,34,0,-32,35,0,-33,36,0,-34,37,0,-35,38,0,-36,39,0,-37,40,0,-38,41,0,-39,42,0,-40,43,0,-41,44,0,-42,45,0,-43,46,0,-44,47,0,-45,48,0,-46,49,0,-47,50,0,-48,51,0,0,4,0,0,4,0,0,4,0,-1,102,0,0,5,0,0,5,0,0,5,0,-1,104,0,0,6,0,0,6,0,0,6,0,-1,106,0,0,7,0,0,7,0,0,7,0,-1,108,0,0,8,0,0,8,0,0,8,0,-1,110,0,0,9,0,0,9,0,0,9,0,-1,112,0,0,10,0,0,10,0,0,10,0,-1,114,0,0,11,0,0,11,0,0,11,0,-1,116,0,0,12,0,0,12,0,0,12,0,-1,118,0,0,13,0,0,13,0,0,13,0,-1,120,0,0,14,0,0,14,0,0,14,0,-1,122,0,0,15,0,0,15,0,0,15,0,-1,124,0,0,16,0,0,16,0,0,16,0,-1,126,0,0,17,0,0,17,0,0,17,0,-1,128,0,0,18,0,0,18,0,0,18,0,-1,130,0,0,19,0,0,19,0,0,19,0,-1,132,0,0,20,0,0,20,0,0,20,0,-1,134,0,0,21,0,0,21,0,0,21,0,-1,136,0,0,22,0,0,22,0,0,22,0,-1,138,0,0,23,0,0,23,0,0,23,0,-1,140,0,0,24,0,0,24,0,0,24,0,-1,142,0,0,25,0,0,25,0,0,25,0,-1,144,0,0,26,0,0,26,0,0,26,0,-1,146,0,0,27,0,0,27,0,0,27,0,-1,148,0,0,28,0,0,28,0,0,28,0,-1,150,0,0,29,0,0,29,0,0,29,0,-1,152,0,0,30,0,0,30,0,0,30,0,-1,154,0,0,31,0,0,31,0,0,31,0,-1,156,0,0,32,0,0,32,0,0,32,0,-1,158,0,0,33,0,0,33,0,0,33,0,-1,160,0,0,34,0,0,34,0,0,34,0,-1,162,0,0,35,0,0,35,0,0,35,0,-1,164,0,0,36,0,0,36,0,0,36,0,-1,166,0,0,37,0,0,37,0,0,37,0,-1,168,0,0,38,0,0,38,0,0,38,0,-1,170,0,0,39,0,0,39,0,0,39,0,-1,172,0,0,40,0,0,40,0,0,40,0,-1,174,0,0,41,0,0,41,0,0,41,0,-1,176,0,0,42,0,0,42,0,0,42,0,-1,178,0,0,43,0,0,43,0,0,43,0,-1,180,0,0,44,0,0,44,0,0,44,0,-1,182,0,0,45,0,0,45,0,0,45,0,-1,184,0,0,46,0,0,46,0,0,46,0,-1,186,0,0,47,0,0,47,0,0,47,0,-1,188,0,0,48,0,0,48,0,0,48,0,-1,190,0,0,49,0,0,49,0,0,49,0,-1,192,0,0,50,0,0,50,0,0,50,0,-1,194,0,0,51,0,0,51,0,0,51,0,-1,196,0,0,52,0,0,52,0,0,52,0,-1,198,0,0,53,0,0,53,0,0,53,0,-1,200,0,0,54,0,0,54,0,0,54,0,-1,202,0,0,55,0,0,55,0,0,55,0,-1,204,0,0,56,0,0,56,0,0,56,0,-1,206,0,0,57,0,0,57,0,0,57,0,-1,208,0,0,58,0,0,58,0,0,58,0,-1,210,0,0,59,0,0,59,0,0,59,0,-1,212,0,0,60,0,0,60,0,0,60,0,-1,214,0,0,61,0,0,61,0,0,61,0,-1,216,0,0,62,0,0,62,0,0,62,0,-1,218,0,0,63,0,0,63,0,0,63,0,-1,220,0,0,64,0,0,64,0,0,64,0,-1,222,0,0,65,0,0,65,0,0,65,0,-1,224,0,0,66,0,0,66,0,0,66,0,-1,226,0,0,67,0,0,67,0,0,67,0,-1,228,0,0,68,0,0,68,0,0,68,0,-1,230,0,0,69,0,0,69,0,0,69,0,-1,232,0,0,70,0,0,70,0,0,70,0,-1,234,0,0,71,0,0,71,0,0,71,0,-1,236,0,0,72,0,0,72,0,0,72,0,-1,238,0,0,73,0,0,73,0,0,73,0,-1,240,0,0,74,0,0,74,0,0,74,0,-1,242,0,0,75,0,0,75,0,0,75,0,-1,244,0,0,76,0,0,76,0,0,76,0,-1,246,0,0,77,0,0,77,0,0,77,0,-1,248,0,0,78,0,0,78,0,0,78,0,-1,250,0,0,79,0,0,79,0,0,79,0,-1,252,0,0,80,0,0,80,0,0,80,0,-1,254,0,0,81,0,0,81,0,0,81,0,-1,256,0,0,82,0,0,82,0,0,82,0,-1,258,0,0,83,0,0,83,0,0,83,0,-1,260,0,0,84,0,0,84,0,0,84,0,-1,262,0,0,85,0,0,85,0,0,85,0,-1,264,0,0,86,0,0,86,0,0,86,0,-1,266,0,0,87,0,0,87,0,0,87,0,-1,268,0,0,88,0,0,88,0,0,88,0,-1,270,0,0,89,0,0,89,0,0,89,0,-1,272,0,0,90,0,0,90,0,0,90,0,-1,274,0,0,91,0,0,91,0,0,91,0,-1,276,0,0,92,0,0,92,0,0,92,0,-1,278,0,0,93,0,0,93,0,0,93,0,-1,280,0,0,94,0,0,94,0,0,94,0,-1,282,0,0,95,0,0,95,0,0,95,0,-1,284,0,0,96,0,0,96,0,0,96,0,-1,286,0,0,97,0,0,97,0,0,97,0,-1,288,0,0,98,0,0,98,0,0,98,0,-1,290,0,0,99,0,0,99,0,0,99,0,-1,292,0,0,100,0,0,100,0,0,100,0,-1,294,0,0,101,0,0,101,0,0,101,0,-1,103,0,0,103,0,-1,105,0,0,105,0,-1,107,0,0,107,0,-1,109,0,0,109,0,-1,111,0,0,111,0,-1,113,0,0,113,0,-1,115,0,0,115,0,-1,117,0,0,117,0,-1,119,0,0,119,0,-1,121,0,0,121,0,-1,123,0,0,123,0,-1,125,0,0,125,0,-1,127,0,0,127,0,-1,129,0,0,129,0,-1,131,0,0,131,0,-1,133,0,0,133,0,-1,135,0,0,135,0,-1,137,0,0,137,0,-1,139,0,0,139,0,-1,141,0,0,141,0,-1,143,0,0,143,0,-1,145,0,0,145,0,-1,147,0,0,147,0,-1,149,0,0,149,0,-1,151,0,0,151,0,-1,153,0,0,153,0,-1,155,0,0,155,0,-1,157,0,0,157,0,-1,159,0,0,159,0,-1,161,0,0,161,0,-1,163,0,0,163,0,-1,165,0,0,165,0,-1,167,0,0,167,0,-1,169,0,0,169,0,-1,171,0,0,171,0,-1,173,0,0,173,0,-1,175,0,0,175,0,-1,177,0,0,177,0,-1,179,0,0,179,0,-1,181,0,0,181,0,-1,183,0,0,183,0,-1,185,0,0,185,0,-1,187,0,0,187,0,-1,189,0,0,189,0,-1,191,0,0,191,0,-1,193,0,0,193,0,-1,195,0,0,195,0,-1,197,0,0,197,0,-1,199,0,0,199,0,-1,201,0,0,201,0,-1,203,0,0,203,0,-1,205,0,0,205,0,-1,207,0,0,207,0,-1,209,0,0,209,0,-1,211,0,0,211,0,-1,213,0,0,213,0,-1,215,0,0,215,0,-1,217,0,0,217,0,-1,219,0,0,219,0,-1,221,0,0,221,0,-1,223,0,0,223,0,-1,225,0,0,225,0,-1,227,0,0,227,0,-1,229,0,0,229,0,-1,231,0,0,231,0,-1,233,0,0,233,0,-1,235,0,0,235,0,-1,237,0,0,237,0,-1,239,0,0,239,0,-1,241,0,0,241,0,-1,243,0,0,243,0,-1,245,0,0,245,0,-1,247,0,0,247,0,-1,249,0,0,249,0,-1,251,0,0,251,0,-1,253,0,0,253,0,-1,255,0,0,255,0,-1,257,0,0,257,0,-1,259,0,0,259,0,-1,261,0,0,261,0,-1,263,0,0,263,0,-1,265,0,0,265,0,-1,267,0,0,267,0,-1,269,0,0,269,0,-1,271,0,0,271,0,-1,273,0,0,273,0,-1,275,0,0,275,0,-1,277,0,0,277,0,-1,279,0,0,279,0,-1,281,0,0,281,0,-1,283,0,0,283,0,-1,285,0,0,285,0,-1,287,0,0,287,0,-1,289,0,0,289,0,-1,291,0,0,291,0,-1,293,0,0,293,0,-1,295,0,0,295,0,5,1,689],[0,0,0,0,0,0,0,0,0,0,0,0,0,0,0,0,0,0,0,0,0,0,0,0,0,0,0,0,0,0,0,0,0,0,0,0,0,0,0,0,0,0,0,0,0,0,0,0,0,0,0,0,0,0,0,0,0,0,0,0,0,0,0,0,0,0,0,0,0,0,0,0,0,0,0,0,0,0,0,0,0,0,0,0,0,0,0,0,0,0,0,0,0,0,0,0,0,0,0,0,0,0,0,0,0,0,0,0,0,0,0,0,0,0,0,0,0,0,0,0,0,0,0,0,0,0,0,0,0,0,0,0,0,0,0,0,0,0,0,0,0,0,0,0,0,0,0,0,0,0,0,0,0,0,0,0,0,0,0,0,0,0,0,0,0,0,0,0,0,0,0,0,0,0,0,0,0,0,0,0,0,0,0,0,0,0,0,0,0,0,0,0,0,0],[-1,1,-1,1,-1,1,-1,1,-1,1,-1,1,-1,1,-1,1,-1,1,-1,1,-1,1,-1,1,-1,1,-1,1,-1,1,-1,1,-1,1,-1,1,-1,1,-1,1,-1,1,-1,1,-1,1,-1,1,-1,1,-1,1,-1,1,-1,1,-1,1,-1,1,-1,1,-1,1,-1,1,-1,1,-1,1,-1,1,-1,1,-1,1,-1,1,-1,1,-1,1,-1,1,-1,1,-1,1,-1,1,-1,1,-1,1,-1,1,-1,1,-1,1,-1,1,-1,1,-1,1,-1,1,-1,1,-1,1,-1,1,-1,1,-1,1,-1,1,-1,1,-1,1,-1,1,-1,1,-1,1,-1,1,-1,1,-1,1,-1,1,-1,1,-1,1,-1,1,-1,1,-1,1,-1,1,-1,1,-1,1,-1,1,-1,1,-1,1,-1,1,-1,1,-1,1,-1,1,-1,1,-1,1,-1,1,-1,1,-1,1,-1,1,-1,1,-1,1,-1,1,-1,1,-1,1,-1,1,-1,1],[0,2,0,2,0,2,0,2,0,2,0,2,0,2,0,2,0,2,0,2,0,2,0,2,0,2,0,2,0,2,0,2,0,2,0,2,0,2,0,2,0,2,0,2,0,2,0,2,0,2,0,2,0,2,0,2,0,2,0,2,0,2,0,2,0,2,0,2,0,2,0,2,0,2,0,2,0,2,0,2,0,2,0,2,0,2,0,2,0,2,0,2,0,2,0,2,0,1,0,1,0,1,0,1,0,1,0,1,0,1,0,1,0,1,0,1,0,1,0,1,0,1,0,1,0,1,0,1,0,1,0,1,0,1,0,1,0,1,0,1,0,1,0,1,0,1,0,1,0,1,0,1,0,1,0,1,0,1,0,1,0,1,0,1,0,1,0,1,0,1,0,1,0,1,0,1,0,1,0,1,0,1,0,1,0,1,0,1,0,1,0,1,0,1]]]]
