[1,["bbOjTHaxJNIIadf4w4X9aT@6c48a","a3zQCfCrBCDZJ4uf2rk5u8","404iEc5rFNi7M+PuMBKA4w","12Y9dMgWdJKJGmTiZyQR9H@2e76e"],["mainTexture","_effectAsset","root","node","data","_mesh"],[["cc.Material",["_name","_techIdx","_states","_defines","_props"],-1,12],["cc.Prefab",["_name"],2],["cc.Node",["_name","_components","_prefab","_lpos","_lscale"],2,9,4,5,5],["cc.MeshRenderer",["_name","node","__prefab","_materials","bakeSettings","_mesh"],2,1,4,3,4,6],["cc.CompPrefabInfo",["fileId"],2],["cc.ModelBakeSettings",[],3],["cc.PrefabInfo",["fileId","instance","targetOverrides","nestedPrefabInstanceRoots","root","asset"],-1,1,1]],[[0,0,1,2,3,4,5],[1,0,2],[2,0,1,2,3,4,2],[3,0,1,2,3,4,5,2],[4,0,2],[5,1],[6,0,1,2,3,4,5,5]],[[[[0,"plane01",1,[{"rasterizerState":{},"depthStencilState":{},"blendState":{"targets":[{}]}}],[{"USE_INSTANCING":true,"USE_TEXTURE":true}],[[[{},"mainTexture",6,0]],11]]],0,0,[0,0],[0,1],[0,1]],[[[1,"xItem"],[2,"xItem",[[3,"Plane<ModelComponent>",-2,[4,"e0uHCYkZ1D1I9glcT6oLf2"],[0],[5],1]],[6,"bdoOeHfrVJpYWUDgI5uIBh",null,null,null,-1,0],[1,-0.135,1.007,-0.242],[1,0.013,0.528,0.016]]],0,[0,2,1,0,3,1,0,4,1,2],[0,0],[-1,5],[2,3]]]]
