[1,["921YwmZ6NCjJaszf/ALWX6@197d1","37qs/78ExOQ5rQaKWqO7fg","47uqfAoqRD5ojpblK2w9vu"],["node","_mesh","_material","root","data","_parent"],[["cc.Node",["_name","_prefab","_children","_components","_lrot","_lscale","_euler","_parent"],2,4,2,9,5,5,5,1],["cc.BoxCollider",["node","__prefab","_center","_size","_material"],3,1,4,5,5,6],["cc.Mesh",["_native","_hash","_struct"],1,11],["cc.Prefab",["_name"],2],["cc.CompPrefabInfo",["fileId"],2],["cc.PrefabInfo",["fileId","instance","targetOverrides","nestedPrefabInstanceRoots","root","asset"],-1,1,1],["cc.MeshRenderer",["node","__prefab","_materials","bakeSettings","_mesh"],3,1,4,3,4,6],["cc.ModelBakeSettings",[],3],["cc.MeshCollider",["node","__prefab","_mesh"],3,1,4,6],["cc.RigidBody",["_group","_type","node","__prefab"],1,1,4]],[[4,0,2],[5,0,1,2,3,4,5,5],[1,0,1,2,3,4,1],[2,0,1,2,3],[3,0,2],[0,0,2,3,1,2],[0,0,3,1,4,5,6,2],[0,0,7,2,1,2],[1,0,1,2,1],[6,0,1,2,3,4,1],[7,1],[8,0,1,2,1],[9,0,1,2,3,3]],[[[[3,".bin",1059324836,[{"primitives":[{"primitiveMode":7,"vertexBundelIndices":[0],"indexView":{"offset":4032,"length":444,"count":222,"stride":2}}],"vertexBundles":[{"view":{"offset":0,"length":4032,"count":84,"stride":48},"attributes":[{"name":"a_position","format":32,"isNormalized":false},{"name":"a_normal","format":32,"isNormalized":false},{"name":"a_texCoord","format":21,"isNormalized":false},{"name":"a_tangent","format":44,"isNormalized":false}]}]},"minPosition",8,[1,-0.19685058295726776,0.000014648437172581907,0.000001678466787780053],"maxPosition",8,[1,0.19685035943984985,0.3976379930973053,0.409447580575943]]],-1],0,0,[],[],[]],[[[4,"road01"],[5,"road01",[-5],[[8,-2,[0,"46FJkrD4BFhZxcICFUvPPo"],[1,0,0.5,-0.5]],[2,-3,[0,"6cPEFWfBZEMqpM41qtzJx9"],[1,0.55,1.3,-0.5],[1,0.2,1,1],3],[2,-4,[0,"084HV+QIxLq6OjrQxKaxKb"],[1,-0.55,1.3,-0.5],[1,0.2,1,1],4]],[1,"873tC6ydJTJb51+xthUl/U",null,null,null,-1,0]],[6,"road01",[[9,-6,[0,"09zwseJpBfXpTcMp5JEA0B"],[0],[10],1],[11,-7,[0,"8fxSh26bJEo53bXgf2VvIm"],2],[12,16,2,-8,[0,"38ZSidN9VLWI5Ff9fLS8ae"]]],[1,"4a2jtm70hSOpblWGBoXcVb",null,null,null,1,0],[3,-0.7071067811865476,0,0,0.7071067811865476],[1,2.54,2.53999996185303,2.53999996185303],[1,-90.00000000000003,0,0]],[7,"RootNode",1,[2],[1,"63DdXLoOhZSaW6frWlDdJB",null,null,null,1,0]]],0,[0,3,1,0,0,1,0,0,1,0,0,1,0,-1,3,0,0,2,0,0,2,0,0,2,0,4,1,2,5,3,8],[0,0,0,0,0],[-1,1,1,2,2],[2,0,0,1,1]]]]
