[1,["f6SJZOjTJB/JrJeh5xTdF7","d53SRCOxJNFr7ApRQ3l7bk@667de","d53SRCOxJNFr7ApRQ3l7bk@e1752","cco2GfOdZEi7iQ61Uo3LAO","bes5IZWQZPGppVkenpvi58@b89fb","652VQ4WGtG+bYxKUcxZcfD@6c48a","1brw/JvvpFnIvdrxpFCgMZ","d53SRCOxJNFr7ApRQ3l7bk@2feb1","d53SRCOxJNFr7ApRQ3l7bk@fd418","d53SRCOxJNFr7ApRQ3l7bk@240c8","d53SRCOxJNFr7ApRQ3l7bk@4fbbb"],["node","_mesh","root","_effectAsset","targetInfo","data","asset","mainTexture"],[["cc.Node",["_name","_objFlags","__editorExtras__","_active","_prefab","_parent","_children","_lrot","_euler","_lpos","_components","_lscale"],-1,4,1,2,5,5,5,9,5],["cc.MeshRenderer",["_shadowCastingMode","node","__prefab","_materials","bakeSettings","_mesh"],2,1,4,3,4,6],["cc.Prefab",["_name"],2],["cc.PrefabInfo",["fileId","instance","targetOverrides","root","asset","nestedPrefabInstanceRoots"],0,1,1,2],["cc.PrefabInfo",["fileId","instance","targetOverrides","nestedPrefabInstanceRoots","root","asset"],-1,1,1],["cc.PrefabInfo",["fileId","targetOverrides","nestedPrefabInstanceRoots","root","instance","asset"],0,1,4,6],["cc.PrefabInstance",["fileId","prefabRootNode","propertyOverrides"],2,1,9],["CCPropertyOverrideInfo",["value","propertyPath","targetInfo"],1,4],["CCPropertyOverrideInfo",["propertyPath","targetInfo","value"],2,4,8],["CCPropertyOverrideInfo",["propertyPath","targetInfo","value"],2,1,8],["cc.TargetInfo",["localID"],2],["cc.CompPrefabInfo",["fileId"],2],["cc.ModelBakeSettings",[],3],["cc.Mesh",["_native","_hash","_struct"],1,11],["cc.Material",["_name","_states","_defines","_props"],0,12]],[[4,0,1,2,3,4,5,5],[10,0,2],[11,0,2],[12,1],[13,0,1,2,3],[0,0,5,10,4,9,7,11,8,2],[1,1,2,3,4,5,1],[14,0,1,2,3,4],[2,0,2],[7,0,1,2,3],[8,0,1,2,2],[9,0,1,2,2],[0,0,6,4,9,7,8,2],[0,0,5,6,4,2],[0,1,2,5,4,3],[0,0,3,5,10,4,7,11,8,3],[0,0,6,4,2],[3,0,1,2,3,4,5,4],[5,0,1,2,3,4,5,4],[6,0,1,2,2],[1,0,1,2,3,4,5,2]],[[[[8,"CO_redHat"],[12,"CO_redHat",[-3],[17,"e7uS0wk01GDLUQ6fcfp3ye",null,null,-2,0,[-1]],[1,-0.138,-0.007,0],[3,0.6026043676513178,0.3699567219115711,-0.6026043676513176,0.36995672191157114],[1,116.906,90,0]],[13,"RootNode",1,[-4,-5],[0,"3aORCfSI1OapytrqQDjOp8",null,null,null,1,0]],[14,0,{},2,[18,"c7uLxNmYpVHp/5NHQxYG9R",null,null,-8,[19,"cenI/K8XNGU5CJJuTmw0Di",1,[[9,"3",["_name"],[1,["c7uLxNmYpVHp/5NHQxYG9R"]]],[10,["_lpos"],[1,["c7uLxNmYpVHp/5NHQxYG9R"]],[1,0,-0.018,0]],[10,["_lrot"],[1,["c7uLxNmYpVHp/5NHQxYG9R"]],[3,0,0,0,1]],[11,["_euler"],-6,[1,0,0,0]],[9,true,["_active"],[1,["ffXrCZtkZXapD7JBDlACI3"]]],[11,["_lscale"],-7,[1,0.28,0.28,0.28]]]],0]],[1,["c7uLxNmYpVHp/5NHQxYG9R"]],[15,"crown",false,2,[[20,1,-9,[2,"7b1z43cuFaybCjvCOnP6q+"],[1],[3],2]],[0,"f9KlERuzlCM5Lstwr6wMPk",null,null,null,1,0],[3,-0.7071067811865476,0,0,0.7071067811865476],[1,171.016403198242,171.016403198242,171.016403198242],[1,-90.00000000000003,0,0]]],0,[0,-1,3,0,2,1,0,-1,2,0,-1,3,0,-2,5,0,4,4,0,4,4,0,2,3,0,0,5,0,5,1,9],[0,0,0],[6,-1,1],[2,3,4]],[[[4,".bin",616659089,[{"primitives":[{"primitiveMode":7,"vertexBundelIndices":[0],"indexView":{"offset":59520,"length":6960,"count":3480,"stride":2}}],"vertexBundles":[{"view":{"offset":0,"length":59520,"count":1240,"stride":48},"attributes":[{"name":"a_position","format":32,"isNormalized":false},{"name":"a_normal","format":32,"isNormalized":false},{"name":"a_texCoord","format":21,"isNormalized":false},{"name":"a_tangent","format":44,"isNormalized":false}]}]},"minPosition",8,[1,-0.0011246997164562345,-0.0011825793189927936,0],"maxPosition",8,[1,0.0011246997164562345,0.0011825793189927936,0.0014043614501133561]]],-1],0,0,[],[],[]],[[[7,"crown",[{"rasterizerState":{},"depthStencilState":{},"blendState":{"targets":[{}]}},{},{}],[{"USE_ALBEDO_MAP":true},{},{}],[[[{"occlusion":-1,"roughness":0.4,"metallic":0.1},"albedoScale",8,[1,0.587999999523163,0.587999999523163,0.587999999523163],"emissive",8,[4,4278215806],"mainTexture",6,0],{},{}],11,0,0]]],0,0,[0,0],[7,3],[5,6]],[[[4,".bin",630354428,[{"primitives":[{"primitiveMode":7,"vertexBundelIndices":[0],"indexView":{"offset":217968,"length":46080,"count":23040,"stride":2}}],"vertexBundles":[{"view":{"offset":0,"length":217968,"count":4541,"stride":48},"attributes":[{"name":"a_position","format":32,"isNormalized":false},{"name":"a_normal","format":32,"isNormalized":false},{"name":"a_texCoord","format":21,"isNormalized":false},{"name":"a_tangent","format":44,"isNormalized":false}]}]},"minPosition",8,[1,-0.007349713239818811,-0.007996981032192707,1.6359832932799634e-10],"maxPosition",8,[1,0.013063477352261543,0.007996981963515282,0.01319805532693863]]],-1],0,0,[],[],[]],[[[4,".bin",833415510,[{"primitives":[{"primitiveMode":7,"vertexBundelIndices":[0],"indexView":{"offset":173280,"length":36864,"count":18432,"stride":2}}],"vertexBundles":[{"view":{"offset":0,"length":173280,"count":3610,"stride":48},"attributes":[{"name":"a_position","format":32,"isNormalized":false},{"name":"a_normal","format":32,"isNormalized":false},{"name":"a_texCoord","format":21,"isNormalized":false},{"name":"a_tangent","format":44,"isNormalized":false}]}]},"minPosition",8,[1,-0.009083187207579613,-0.009083187207579613,0.00003168679904774763],"maxPosition",8,[1,0.009083187207579613,0.009083187207579613,0.005017299670726061]]],-1],0,0,[],[],[]],[[[4,".bin",566433185,[{"primitives":[{"primitiveMode":7,"vertexBundelIndices":[0],"indexView":{"offset":42384,"length":18432,"count":9216,"stride":2}}],"vertexBundles":[{"view":{"offset":0,"length":42384,"count":1766,"stride":24},"attributes":[{"name":"a_position","format":32,"isNormalized":false},{"name":"a_normal","format":32,"isNormalized":false}]}]},"minPosition",8,[1,-0.009577365592122078,-0.009577365592122078,-0.009577365592122078],"maxPosition",8,[1,0.009577365592122078,0.009577365592122078,0.009577365592122078]]],-1],0,0,[],[],[]],[[[7,"Material.010",[{"rasterizerState":{},"blendState":{"targets":[{}]},"depthStencilState":{}}],[{"DCC_APP_NAME":2,"HAS_EXPORTED_METALLIC":true}],[[[{"shininessExponent":24.999999999999993,"emissiveScale":1,"metallic":0,"specularFactor":0.25,"transparencyFactor":0},"mainColor",8,[4,4294967295],"emissive",8,[4,4278190080]]],11]]],0,0,[0],[3],[0]],[[[8,"3"],[16,"3",[-2,-3,-4],[0,"c7uLxNmYpVHp/5NHQxYG9R",null,null,null,-1,0]],[5,"Circle",1,[[6,-5,[2,"21IWnS4XVYgI6Si41apIYo"],[0],[3],1]],[0,"ffXrCZtkZXapD7JBDlACI3",null,null,null,1,0],[1,-0.033450525254011154,-0.0004767775535583496,0.048487044870853424],[3,-0.6260714100267563,0.328686156610085,0.328686156610085,0.6260714100267563],[1,100,100,100],[1,-90.00000000000001,55.39875425694186,0]],[5,"Cylinder_002",1,[[6,-6,[2,"edarI3nhlYy7Lwcn8xW5zm"],[2],[3],3]],[0,"24RETh9S1XlanX/L87cKDp",null,null,null,1,0],[1,-0.07255896925926208,0.185747429728508,0.10517530143260956],[3,-0.6260714100267563,0.328686156610085,0.328686156610085,0.6260714100267563],[1,100,100,100],[1,-90.00000000000001,55.39875425694186,0]],[5,"Roundcube",1,[[6,-7,[2,"2dqedI8KJQkYRU7dF2JWiH"],[4],[3],5]],[0,"2be0LVvalVaL7CykcD9u8E",null,null,null,1,0],[1,0.6329754590988159,0.7964321970939636,-0.9175072908401489],[3,-0.6260714100267563,0.328686156610085,0.328686156610085,0.6260714100267563],[1,24.70329475402832,24.70329475402832,24.70329475402832],[1,-90.00000000000001,55.39875425694186,0]]],0,[0,2,1,0,-1,2,0,-2,3,0,-3,4,0,0,2,0,0,3,0,0,4,0,5,1,7],[0,0,0,0,0,0],[-1,1,-1,1,-1,1],[1,7,8,9,1,10]],[[[7,"Material.033",[{"rasterizerState":{},"blendState":{"targets":[{}]},"depthStencilState":{}}],[{"DCC_APP_NAME":2,"HAS_EXPORTED_METALLIC":true}],[[[{"shininessExponent":5.001320772644035,"emissiveScale":1,"metallic":0,"specularFactor":0.11363635957241058,"transparencyFactor":0},"mainColor",8,[4,4278717415],"emissive",8,[4,4278190080]]],11]]],0,0,[0],[3],[0]]]]
