[1,["39U7FoLYRILrZ58Z1w0+VA@6c48a","1brw/JvvpFnIvdrxpFCgMZ","0czMaQjBpP56v1vkf3Z7qC","505fybq4JOqJOTqMkSXfBL@2efb1"],["node","mainTexture","_effectAsset","root","data","_mesh"],[["cc.Node",["_name","_prefab","_children","_components","_lrot","_lscale","_euler","_parent","_lpos"],2,4,2,9,5,5,5,1,5],["cc.Material",["_name","_states","_defines","_props"],0,12],["cc.Prefab",["_name"],2],["cc.BoxCollider",["_isTrigger","node","__prefab","_center","_size"],2,1,4,5,5],["cc.CompPrefabInfo",["fileId"],2],["cc.RigidBody",["_type","node","__prefab"],2,1,4],["52708yzRJRNKKmsD4pqaco/",["colliderName","node","__prefab"],2,1,4],["cc.PrefabInfo",["fileId","instance","targetOverrides","nestedPrefabInstanceRoots","root","asset"],-1,1,1],["cc.MeshRenderer",["_shadowCastingMode","node","__prefab","_materials","bakeSettings","_mesh"],2,1,4,3,4,6],["cc.ModelBakeSettings",[],3],["cc.Mesh",["_native","_hash","_struct"],1,11]],[[4,0,2],[7,0,1,2,3,4,5,5],[1,0,1,2,3,4],[2,0,2],[0,0,2,3,1,8,4,5,6,2],[0,0,7,2,1,2],[0,0,7,3,1,4,5,6,2],[3,0,1,2,3,4,2],[5,0,1,2,2],[6,0,1,2,2],[8,0,1,2,3,4,5,2],[9,1],[10,0,1,2,3]],[[[[2,"mace",[{"rasterizerState":{},"depthStencilState":{},"blendState":{"targets":[{}]}},{},{}],[{"USE_ALBEDO_MAP":true},{},{}],[[[{"metallic":0,"roughness":0.8},"albedoScale",8,[1,0.588235318660736,0.588235318660736,0.588235318660736],"mainTexture",6,0],{},{}],11,0,0]]],0,0,[0,0],[1,2],[0,1]],[[[3,"mace"],[4,"mace",[-5],[[7,true,-2,[0,"87HnAwBnNE0ID9rgG38GQs"],[1,0,0.85,0],[1,0.27,0.5,0.26]],[8,2,-3,[0,"7aHguLOBdNUbVHmrSm57Qm"]],[9,26,-4,[0,"b16jDMcTFDE5jk660VpqMO"]]],[1,"8bL+Xi/9VLn7qBYbobdOFs",null,null,null,-1,0],[1,0.1,0.04,-0.05],[3,-0.02291895168490436,0.4461351528736079,0.894581973607496,0.012698012467498698],[1,0.9,0.9,0.9],[1,-126.98499999999999,177,0.12999999999999992]],[5,"RootNode",1,[-6],[1,"0cUcchBbxJ1KWCFDAi9yRi",null,null,null,1,0]],[6,"mace",2,[[10,1,-7,[0,"2eh9I270lDyKKnzVXZsxaC"],[0],[11],1]],[1,"e8kPHdg21AjbQ0cTSBqrqW",null,null,null,1,0],[3,-0.7071067811865476,0,0,0.7071067811865476],[1,2.53999996185303,2.53999996185303,2.53999996185303],[1,-90.00000000000003,0,0]]],0,[0,3,1,0,0,1,0,0,1,0,0,1,0,-1,2,0,-1,3,0,0,3,0,4,1,7],[0,0],[-1,5],[2,3]],[[[12,".bin",397162686,[{"primitives":[{"primitiveMode":7,"vertexBundelIndices":[0],"indexView":{"offset":50496,"length":4500,"count":2250,"stride":2}}],"vertexBundles":[{"view":{"offset":0,"length":50496,"count":1052,"stride":48},"attributes":[{"name":"a_position","format":32,"isNormalized":false},{"name":"a_normal","format":32,"isNormalized":false},{"name":"a_texCoord","format":21,"isNormalized":false},{"name":"a_tangent","format":44,"isNormalized":false}]}]},"minPosition",8,[1,-0.06665853410959244,-0.06665851920843124,0.000173664084286429],"maxPosition",8,[1,0.06665852665901184,0.06665851920843124,0.45715224742889404]]],-1],0,0,[],[],[]]]]
