[1,["16e598507@6c48a"],["_textureSource"],["cc.SpriteFrame"],0,[[[{"name":"settingLine","rect":{"x":43,"y":47,"width":172,"height":3},"offset":{"x":0,"y":0},"originalSize":{"width":172,"height":3},"rotated":true,"capInsets":[0,0,0,0],"packable":true,"pixelsToUnit":100,"pivot":{"x":0.5,"y":0.5},"meshType":0}],[0],0,[0],[0],[0]],[[{"name":"settingBox01","rect":{"x":3,"y":47,"width":78,"height":34},"offset":{"x":0,"y":0},"originalSize":{"width":78,"height":34},"rotated":true,"capInsets":[0,0,0,0],"packable":true,"pixelsToUnit":100,"pivot":{"x":0.5,"y":0.5},"meshType":0}],[0],0,[0],[0],[0]],[[{"name":"settingBox03","rect":{"x":3,"y":3,"width":38,"height":38},"offset":{"x":0,"y":0},"originalSize":{"width":38,"height":38},"rotated":false,"capInsets":[0,0,0,0],"packable":true,"pixelsToUnit":100,"pivot":{"x":0.5,"y":0.5},"meshType":0}],[0],0,[0],[0],[0]],[[{"name":"settingBox02","rect":{"x":3,"y":131,"width":78,"height":34},"offset":{"x":0,"y":0},"originalSize":{"width":78,"height":34},"rotated":true,"capInsets":[0,0,0,0],"packable":true,"pixelsToUnit":100,"pivot":{"x":0.5,"y":0.5},"meshType":0}],[0],0,[0],[0],[0]]]]
