[1,["a3zQCfCrBCDZJ4uf2rk5u8","9cD+BPH8JJjbOi+3cgeffb@6c48a","d8yXWzGyZGHKOltah41dBF","baYom81gtHlZHrw+KV5S33@63569","eeFDlMLhhNragchF17HKsO","b8Ubp8MGJAAKGn0YPe4rsH","90gtxhdvxPKbGS6QxSWosX","e59tbpozdDjIV2Em/6femi","67zWr1KidGQbF6IcZT1XaZ","eaKhS9MVZLCIcWaarsRTs2","bcQVUCs2REU5FUuRUvrnBo","9cSfUKvihFTL5+tUpZSrxf","6fRYqVD2xNu6tA6jjHK0tj","4b5o/ob+tA+r9aghW26ygX","a604vFVnFHGoF7aroOFD19","705K5Mjk5Hf5t6ZMZ489Hh@e3734","8aP+hol8FGeKYx0RhTofcm@6c48a","f59DUL1lRDXqWIYUoz+C1D@6c48a"],["node","mainTexture","_effectAsset","_mesh","_cameraComponent","scriptMapManager","scene"],[["cc.Node",["_name","_id","_layer","_parent","_components","_children","_lpos","_lscale","_lrot","_euler"],0,1,9,2,5,5,5,5],["cc.Camera",["_priority","_visibility","_clearFlags","_projection","_orthoHeight","_far","_name","_fov","node","_color","__prefab"],-5,1,5,4],["cc.Material",["_name","_states","_defines","_techIdx","_props"],-1,12],["cc.Node",["_name","_id","_layer","_parent","_components","_lpos"],0,1,2,5],["cc.SceneAsset",["_name"],2],["cc.Scene",["_name","_children","_prefab","_globals"],2,2,4,4],["cc.PrefabInfo",["root","asset","instance","nestedPrefabInstanceRoots","targetOverrides"],-2],["cc.SceneGlobals",["ambient","shadows","_skybox","fog","octree","skin","lightProbeInfo","postSettings"],3,4,4,4,4,4,4,4,4],["cc.AmbientInfo",["_skyIllumHDR","_skyIllumLDR","_skyColorHDR","_skyColorLDR"],1,5,5],["cc.ShadowsInfo",["_enabled","_type","_shadowColor","_size"],1,5,5],["cc.SkyboxInfo",[],3],["cc.FogInfo",["_type","_fogDensity","_fogStart","_fogEnd","_fogAtten","_fogColor"],-2,5],["cc.OctreeInfo",[],3],["cc.SkinInfo",[],3],["cc.LightProbeInfo",[],3],["cc.PostSettingsInfo",[],3],["cc.Node",["_name","_id","_parent","_components","_lpos"],1,1,12,5],["cc.UITransform",["node","__prefab","_contentSize"],3,1,4,5],["cc.CompPrefabInfo",["fileId"],2],["cc.Canvas",["node","__prefab","_cameraComponent"],3,1,4,1],["cc.Widget",["_alignFlags","node","__prefab"],2,1,4],["9c488okuNlK47jDPrFi5qUV",["node"],3,1],["ac6b4vOSxdOpKbzE6jegY3f",["_enabled","node"],2,1],["cc.DirectionalLight",["_colorTemperature","_illuminanceHDR","_illuminanceLDR","_shadowEnabled","_shadowPcf","_shadowBias","_shadowDistance","_shadowFixedArea","_shadowNear","_shadowFar","_shadowOrthoSize","node","_staticSettings"],-8,1,4],["cc.StaticLightSettings",[],3],["cc.MeshRenderer",["node","__prefab","_materials","bakeSettings","_mesh"],3,1,4,3,4,6],["cc.ModelBakeSettings",[],3],["b3b8f8MvnZBabYcFYlL29Be",["node","oriPosOffset","minPosOffset"],3,1,5,5],["5d284TJIoJED67OcSTKXsrV",["node","camera","scriptMapManager","ndSkyBox","ndWater","ndLight"],3,1,1,1,1,1,1],["876a6MZuqRM3JfSTFkqsS3z",["arrNumItemMaterial"],3,3],["554baRvdXVCaZZeXFSvvApe",["node"],3,1],["cc.Mesh",["_native","_hash","_struct"],1,11]],[[2,0,3,1,2,4,5],[18,0,2],[2,0,1,2,4,4],[0,0,1,3,4,3],[25,0,1,2,3,4,1],[26,1],[31,0,1,2,3],[4,0,2],[5,0,1,2,3,2],[6,0,1,2,3,4,6],[7,0,1,2,3,4,5,6,7,1],[8,0,1,2,3,3],[9,0,1,2,3,3],[10,1],[11,0,1,2,3,4,5,6],[12,1],[13,1],[14,1],[15,1],[0,0,2,1,3,5,4,6,4],[0,0,2,1,3,5,7,4],[0,0,1,3,4,6,8,9,3],[0,0,1,3,5,6,7,3],[0,0,2,3,4,8,7,9,3],[0,0,3,5,2],[0,0,3,4,8,9,2],[0,0,2,1,3,4,6,4],[16,0,1,2,3,4,3],[3,0,1,3,4,3],[3,0,2,3,4,5,3],[17,0,1,2,1],[19,0,1,2,1],[20,0,1,2,2],[21,0,1],[1,0,1,8,3],[1,3,0,4,5,2,1,8,9,7],[1,6,0,7,2,1,8,10,9,6],[22,0,1,2],[23,0,1,2,3,4,5,6,7,8,9,10,11,12,12],[24,1],[27,0,1,2,1],[28,0,1,2,3,4,5,1],[29,0,1],[30,0,1]],[[[[0,"numItem9",1,[{"rasterizerState":{},"depthStencilState":{},"blendState":{"targets":[{}]}}],[{"USE_INSTANCING":true,"USE_TEXTURE":true}],[[[{},"tilingOffset",8,[2,0.1,1,0.9,0],"mainTexture",6,0]],11]]],0,0,[0,0],[1,2],[1,0]],[[[7,"fight"],[8,"fight",[-1,-2,-3,-4,-5,-6,-7,-8,-9],[9,null,null,null,null,[]],[10,[11,50000,1.9531250000000002,[2,1,1,1,1.3020828125],[2,1,1,1,0.520833125]],[12,true,1,[4,4278190080],[0,2048,2048]],[13],[14,1,0.1,0.1,1000,1000,[4,4294966518]],[15],[16],[17],[18]]],[19,"Canvas",33554432,"fe//+i229FN73thz89SHAp",1,[-15],[[30,-10,[1,"0dngp/9gNO34wUQjZfN/CX"],[5,720,1280]],[31,-12,[1,"3f2oTdCepERZdpmIfLsrhd"],-11],[32,45,-13,[1,"e8a+bU/8dPDbbJguUzLdoF"]],[33,-14]],[1,360,640,0]],[27,"Main Camera","c9DMICJLFO5IeO07EPon7U",1,[[[34,1,1083179008,-16],-17,[37,false,-18]],4,1,4],[1,0,3,21.5]],[20,"skyBox",8388608,"75TGN5AbxO64m7aZFUAN5T",1,[-19],[1,4,4,4]],[21,"Main Light","85Gbj+sYhPjqbUFvhCZop+",1,[[38,7500,170000,4.427083333333334,true,3,1,100,true,5,20,4,-20,[39]]],[1,4.5,8,3.8],[3,-0.31945927355932713,0.3289131696384912,0.2230776823820293,0.8602315077921587],[1,-45,46,10]],[22,"waterPlane","82uCAX4tJEsZ62C82TbZN5",1,[-21],[1,0,0.8,0],[1,4,4,4]],[23,"skyBox",8388608,4,[[4,-22,[1,"f4bm6zrYJFZrjY1uGAuUhM"],[0],[5],1]],[3,-0.7071067811865477,0,0,0.7071067811865474],[1,0.034,0.034,0.034],[1,-90.00000000000003,0,0]],[40,3,[1,0.2,0.8,1.5],[1,0.2,1.3,2]],[3,"gameManager","e7Tkz7psxFd6PAFTSpqn/B",1,[[41,-24,8,-23,4,6,5]]],[42,[2,3,4,5,6,7,8,9,10,11]],[28,"map","f4V892549A0ayixpoktEiz",1,[10]],[24,"RootNode",6,[-25]],[25,"waterPlane",12,[[4,-26,[1,"1by20MZeFA2ZehuPa6wiUj"],[12],[5],13]],[3,-0.7071067811865476,0,0,0.7071067811865476],[1,-90.00000000000003,0,0]],[3,"effectManager","71ZYi75JNLApUDDjjIK0+y",1,[[43,-27]]],[29,"Camera",33554432,2,[-28],[1,0,0,1000]],[35,0,2,640,2000,6,1107296256,15,[4,4278190080]],[26,"Camera3D",524288,"90fV0WQ2xPE4OMyjtQW8/T",1,[[36,"Camera<CameraComponent>",3,60,6,524288,-29,[1,"dbCiGR9T1E0oZwxclTRFEj"],[4,4286073907]]],[1,360,640,636.951]]],0,[0,-1,4,0,-2,3,0,-3,5,0,-4,9,0,-5,14,0,-6,2,0,-7,11,0,-8,6,0,-9,17,0,0,2,0,4,16,0,0,2,0,0,2,0,0,2,0,-1,15,0,0,3,0,-2,8,0,0,3,0,-1,7,0,0,5,0,-1,12,0,0,7,0,5,10,0,0,9,0,-1,13,0,0,13,0,0,14,0,-1,16,0,0,17,0,6,1,10,0,11,29],[0,0,0,0,0,0,0,0,0,0,0,0,0,0],[-1,3,-1,-2,-3,-4,-5,-6,-7,-8,-9,-10,-1,3],[2,3,4,5,6,7,8,9,10,11,12,13,14,15]],[[[0,"numItem4",1,[{"rasterizerState":{},"depthStencilState":{},"blendState":{"targets":[{}]}}],[{"USE_INSTANCING":true,"USE_TEXTURE":true}],[[[{},"tilingOffset",8,[2,0.1,1,0.4,0],"mainTexture",6,0]],11]]],0,0,[0,0],[1,2],[1,0]],[[[0,"numItem8",1,[{"rasterizerState":{},"depthStencilState":{},"blendState":{"targets":[{}]}}],[{"USE_INSTANCING":true,"USE_TEXTURE":true}],[[[{},"tilingOffset",8,[2,0.1,1,0.8,0],"mainTexture",6,0]],11]]],0,0,[0,0],[1,2],[1,0]],[[[6,".bin",2851593682,[{"primitives":[{"primitiveMode":7,"vertexBundelIndices":[0],"indexView":{"offset":192,"length":12,"count":6,"stride":2}}],"vertexBundles":[{"view":{"offset":0,"length":192,"count":4,"stride":48},"attributes":[{"name":"a_position","format":32,"isNormalized":false},{"name":"a_normal","format":32,"isNormalized":false},{"name":"a_texCoord","format":21,"isNormalized":false},{"name":"a_tangent","format":44,"isNormalized":false}]}]},"minPosition",8,[1,-5,-5,0],"maxPosition",8,[1,5,5,0]]],-1],0,0,[],[],[]],[[[0,"numItem2",1,[{"rasterizerState":{},"depthStencilState":{},"blendState":{"targets":[{}]}}],[{"USE_INSTANCING":true,"USE_TEXTURE":true}],[[[{},"tilingOffset",8,[2,0.1,1,0.2,0],"mainTexture",6,0]],11]]],0,0,[0,0],[1,2],[1,0]],[[[0,"numItem7",1,[{"rasterizerState":{},"depthStencilState":{},"blendState":{"targets":[{}]}}],[{"USE_INSTANCING":true,"USE_TEXTURE":true}],[[[{},"tilingOffset",8,[2,0.1,1,0.7,0],"mainTexture",6,0]],11]]],0,0,[0,0],[1,2],[1,0]],[[[2,"water",[{"rasterizerState":{},"depthStencilState":{},"blendState":{"targets":[{}]}},{"rasterizerState":{},"depthStencilState":{},"blendState":{"targets":[{}]}},{"rasterizerState":{},"depthStencilState":{},"blendState":{"targets":[{}]}}],[{"USE_TEXTURE":true},{},{}],[[[{},"tilingOffset",8,[2,3,3,0,0],"mainTexture",6,0],{},{}],11,0,0]]],0,0,[0,0],[1,2],[16,0]],[[[0,"numItem1",1,[{"rasterizerState":{},"depthStencilState":{},"blendState":{"targets":[{}]}}],[{"USE_INSTANCING":true,"USE_TEXTURE":true}],[[[{},"tilingOffset",8,[2,0.1,1,0.1,0],"mainTexture",6,0]],11]]],0,0,[0,0],[1,2],[1,0]],[[[6,".bin",3144817543,[{"primitives":[{"primitiveMode":7,"vertexBundelIndices":[0],"indexView":{"offset":26832,"length":5760,"count":2880,"stride":2}}],"vertexBundles":[{"view":{"offset":0,"length":26832,"count":559,"stride":48},"attributes":[{"name":"a_position","format":32,"isNormalized":false},{"name":"a_normal","format":32,"isNormalized":false},{"name":"a_texCoord","format":21,"isNormalized":false},{"name":"a_tangent","format":44,"isNormalized":false}]}]},"minPosition",8,[1,-138.77093505859375,-138.77093505859375,-138.77093505859375],"maxPosition",8,[1,138.77093505859375,138.77093505859375,138.77093505859375]]],-1],0,0,[],[],[]],[[[0,"numItem6",1,[{"rasterizerState":{},"depthStencilState":{},"blendState":{"targets":[{}]}}],[{"USE_INSTANCING":true,"USE_TEXTURE":true}],[[[{},"tilingOffset",8,[2,0.1,1,0.6,0],"mainTexture",6,0]],11]]],0,0,[0,0],[1,2],[1,0]],[[[2,"skyBox",[{"rasterizerState":{},"depthStencilState":{},"blendState":{"targets":[{}]}},{"rasterizerState":{},"depthStencilState":{},"blendState":{"targets":[{}]}},{"rasterizerState":{},"depthStencilState":{},"blendState":{"targets":[{}]}}],[{"USE_TEXTURE":true},{},{}],[[[{},"mainColor",8,[4,4294953469],"mainTexture",6,0],{},{}],11,0,0]]],0,0,[0,0],[1,2],[17,0]],[[[0,"numItem3",1,[{"rasterizerState":{},"depthStencilState":{},"blendState":{"targets":[{}]}}],[{"USE_INSTANCING":true,"USE_TEXTURE":true}],[[[{},"tilingOffset",8,[2,0.1,1,0.3,0],"mainTexture",6,0]],11]]],0,0,[0,0],[1,2],[1,0]],[[[0,"numItem5",1,[{"rasterizerState":{},"depthStencilState":{},"blendState":{"targets":[{}]}}],[{"USE_INSTANCING":true,"USE_TEXTURE":true}],[[[{},"tilingOffset",8,[2,0.1,1,0.5,0],"mainTexture",6,0]],11]]],0,0,[0,0],[1,2],[1,0]],[[[0,"numItem0",1,[{"rasterizerState":{},"depthStencilState":{},"blendState":{"targets":[{}]}}],[{"USE_INSTANCING":true,"USE_TEXTURE":true}],[[[{},"tilingOffset",8,[2,0.1,1,0,0],"mainTexture",6,0]],11]]],0,0,[0,0],[1,2],[1,0]]]]
