[1,["47uqfAoqRD5ojpblK2w9vu","0ahhNq6oVEGonKHr5oWNvC@4378c","0ahhNq6oVEGonKHr5oWNvC@bf586","0ahhNq6oVEGonKHr5oWNvC@c56b8","0ahhNq6oVEGonKHr5oWNvC@5b089","0ahhNq6oVEGonKHr5oWNvC@67e8d"],["node","_mesh","root","data"],[["cc.Node",["_name","_prefab","_children","_parent","_components","_lrot","_lscale","_euler"],2,4,2,1,9,5,5,5],["cc.MeshRenderer",["_enabled","node","__prefab","_materials","bakeSettings","_mesh"],2,1,4,3,4,6],["cc.MeshCollider",["_convex","node","__prefab","_mesh"],2,1,4,6],["cc.Mesh",["_native","_hash","_struct"],1,11],["cc.Prefab",["_name"],2],["cc.PrefabInfo",["fileId","instance","targetOverrides","nestedPrefabInstanceRoots","root","asset"],-1,1,1],["cc.CompPrefabInfo",["fileId"],2],["cc.ModelBakeSettings",[],3],["cc.RigidBody",["_group","_type","node","__prefab"],1,1,4],["cc.BoxCollider",["node","__prefab","_center","_size"],3,1,4,5,5]],[[6,0,2],[5,0,1,2,3,4,5,5],[0,0,3,4,1,5,6,7,2],[7,1],[1,1,2,3,4,5,1],[3,0,1,2,3],[9,0,1,2,3,1],[2,1,2,3,1],[8,0,1,2,3,3],[4,0,2],[0,0,2,1,2],[0,0,3,2,1,2],[1,0,1,2,3,4,5,2],[2,0,1,2,3,2]],[[[[5,".bin",4178469182,[{"primitives":[{"primitiveMode":7,"vertexBundelIndices":[0],"indexView":{"offset":4704,"length":540,"count":270,"stride":2}}],"vertexBundles":[{"view":{"offset":0,"length":4704,"count":98,"stride":48},"attributes":[{"name":"a_position","format":32,"isNormalized":false},{"name":"a_normal","format":32,"isNormalized":false},{"name":"a_texCoord","format":21,"isNormalized":false},{"name":"a_tangent","format":44,"isNormalized":false}]}]},"minPosition",8,[1,0.00984230451285839,-1.5258788721439487e-7,0],"maxPosition",8,[1,0.19685059785842896,2.3622045516967773,0.591183602809906]]],-1],0,0,[],[],[]],[[[5,".bin",1610787669,[{"primitives":[{"primitiveMode":7,"vertexBundelIndices":[0],"indexView":{"offset":37440,"length":4740,"count":2370,"stride":2}}],"vertexBundles":[{"view":{"offset":0,"length":37440,"count":780,"stride":48},"attributes":[{"name":"a_position","format":32,"isNormalized":false},{"name":"a_normal","format":32,"isNormalized":false},{"name":"a_texCoord","format":21,"isNormalized":false},{"name":"a_tangent","format":44,"isNormalized":false}]}]},"minPosition",8,[1,-0.19685058295726776,-1.5258788721439487e-7,0],"maxPosition",8,[1,-0.17716500163078308,2.3622045516967773,0.4094489514827728]]],-1],0,0,[],[],[]],[[[5,".bin",1091672914,[{"primitives":[{"primitiveMode":7,"vertexBundelIndices":[0],"indexView":{"offset":38736,"length":4770,"count":2385,"stride":2}}],"vertexBundles":[{"view":{"offset":0,"length":38736,"count":807,"stride":48},"attributes":[{"name":"a_position","format":32,"isNormalized":false},{"name":"a_normal","format":32,"isNormalized":false},{"name":"a_texCoord","format":21,"isNormalized":false},{"name":"a_tangent","format":44,"isNormalized":false}]}]},"minPosition",8,[1,-0.009842762723565102,-1.5258788721439487e-7,0],"maxPosition",8,[1,0.00984276831150055,2.3622045516967773,0.6064532995223999]]],-1],0,0,[],[],[]],[[[5,".bin",2490228906,[{"primitives":[{"primitiveMode":7,"vertexBundelIndices":[0],"indexView":{"offset":38304,"length":4740,"count":2370,"stride":2}}],"vertexBundles":[{"view":{"offset":0,"length":38304,"count":798,"stride":48},"attributes":[{"name":"a_position","format":32,"isNormalized":false},{"name":"a_normal","format":32,"isNormalized":false},{"name":"a_texCoord","format":21,"isNormalized":false},{"name":"a_tangent","format":44,"isNormalized":false}]}]},"minPosition",8,[1,0.1771651655435562,-1.5258788721439487e-7,0],"maxPosition",8,[1,0.19685064256191254,2.3622045516967773,0.6064532995223999]]],-1],0,0,[],[],[]],[[[9,"road08"],[10,"road08",[-2],[1,"5c0QSdJsFAdKFPXRCLxCB0",null,null,null,-1,0]],[11,"RootNode",1,[-3,-4,-5,-6,-7,-8,-9],[1,"20lljqODZLhJGHJksKk5rK",null,null,null,1,0]],[2,"road08RA-001",2,[[12,false,-10,[0,"451VWfW2BDaY5bvCVt3mph"],[11],[3],12],[7,-11,[0,"22IAZoFE9DQLfi75oTaEj7"],13],[8,16,2,-12,[0,"f0vATGo+tMEqJBnFClGafX"]]],[1,"c9BZIZq1hA6btwe7oDTHeO",null,null,null,1,0],[3,-0.7071067811865476,0,0,0.7071067811865476],[1,2.53999996185303,2.53999996185303,2.53999996185303],[1,-90.00000000000003,0,0]],[2,"road08LA-001",2,[[4,-13,[0,"d76LCpvTdCxoXvoZHY0jwq"],[14],[3],15],[7,-14,[0,"5eu6fyNqRFr5qw3+ScXM5E"],16],[8,16,2,-15,[0,"45nKzsSyZANYd6UTLcbwYQ"]]],[1,"a7JKo4Gk5DJLchV7AFAwBe",null,null,null,1,0],[3,-0.7071067811865476,0,0,0.7071067811865476],[1,2.53999996185303,2.53999996185303,2.53999996185303],[1,-90.00000000000003,0,0]],[2,"road08RC",2,[[4,-16,[0,"ff09+z2txJwqsUIIrBFIWN"],[0],[3],1],[6,-17,[0,"64A6lXATJMNa+aoEb53Shg"],[1,0.187,1.184,0.6],[1,0.02,2.368,0.7]]],[1,"c4zpfmQqFCPbY+KAwVUzoS",null,null,null,1,0],[3,-0.7071067811865476,0,0,0.7071067811865476],[1,2.53999996185303,2.53999996185303,2.53999996185303],[1,-90.00000000000003,0,0]],[2,"road08LA",2,[[4,-18,[0,"8fHfeQrT9BeLnKLtXevYlH"],[2],[3],3],[6,-19,[0,"64A6lXATJMNa+aoEb53Shg"],[1,-0.095,1.181,0.194],[1,0.169,2.364,0.4]]],[1,"6dyJKbPfxEY4EFW0SJsKfr",null,null,null,1,0],[3,-0.7071067811865476,0,0,0.7071067811865476],[1,2.53999996185303,2.53999996185303,2.53999996185303],[1,-90.00000000000003,0,0]],[2,"road08RA",2,[[4,-20,[0,"d0iMKbp4lG1ou76Y1Kv/d7"],[4],[3],5],[13,true,-21,[0,"b2BmT+c0BN7ZHUosFhun7a"],6]],[1,"9d6ShDyF1JnrebB6jsPUOL",null,null,null,1,0],[3,-0.7071067811865476,0,0,0.7071067811865476],[1,2.53999996185303,2.53999996185303,2.53999996185303],[1,-90.00000000000003,0,0]],[2,"road08LB",2,[[4,-22,[0,"abhoo6FuxMXpqkAU/ZiiU3"],[7],[3],8],[6,-23,[0,"64A6lXATJMNa+aoEb53Shg"],[1,-0.187,1.184,0.6],[1,0.02,2.368,0.7]]],[1,"82D+C+HSJOOYrcMVX3yGKf",null,null,null,1,0],[3,-0.7071067811865476,0,0,0.7071067811865476],[1,2.53999996185303,2.53999996185303,2.53999996185303],[1,-90.00000000000003,0,0]],[2,"road08RB",2,[[4,-24,[0,"16B//H2SdJtq5VUwfwOo8R"],[9],[3],10],[6,-25,[0,"64A6lXATJMNa+aoEb53Shg"],[1,0,1.184,0.6],[1,0.02,2.368,0.7]]],[1,"50Kjb4M1lDNZChmquU3ahl",null,null,null,1,0],[3,-0.7071067811865476,0,0,0.7071067811865476],[1,2.53999996185303,2.53999996185303,2.53999996185303],[1,-90.00000000000003,0,0]]],0,[0,2,1,0,-1,2,0,-1,5,0,-2,6,0,-3,7,0,-4,8,0,-5,9,0,-6,3,0,-7,4,0,0,3,0,0,3,0,0,3,0,0,4,0,0,4,0,0,4,0,0,5,0,0,5,0,0,6,0,0,6,0,0,7,0,0,7,0,0,8,0,0,8,0,0,9,0,0,9,0,3,1,25],[0,0,0,0,0,0,0,0,0,0,0,0,0,0,0,0,0],[-1,1,-1,1,-1,1,1,-1,1,-1,1,-1,1,1,-1,1,1],[0,3,0,2,0,1,1,0,4,0,5,0,1,1,0,2,2]]]]
