[1,["c4MZJuUbFD16Sa4viDDZEC@f9941","26ulWc3F9Nu4mWA2AcjXb/@f9941","9bv3nYyBtC9bbTyrqQjt/g@6c48a","f2M43SBsFOBrMT57EHXwkl@f9941","9bv3nYyBtC9bbTyrqQjt/g@f9941","93OjvmRAVHpoGyDT4YhUm+@f9941","e737Uc+GNAr6U2Kyb524dR@f9941"],["node","_spriteFrame","_normalSprite","_textureSource","root","spPayIcon","data"],[["cc.Node",["_name","_layer","_components","_prefab","_parent","_children","_lpos","_lscale"],1,9,4,1,2,5,5],["cc.Sprite",["_sizeMode","_type","node","__prefab","_spriteFrame","_color"],1,1,4,6,5],["cc.Widget",["_alignFlags","_originalWidth","_originalHeight","_verticalCenter","node","__prefab"],-1,1,4],["cc.Label",["_string","_actualFontSize","_fontSize","_lineHeight","node","__prefab"],-1,1,4],"cc.SpriteFrame",["cc.Prefab",["_name"],2],["cc.Node",["_name","_layer","_parent","_components","_prefab","_lpos"],1,1,12,4,5],["cc.UITransform",["node","__prefab","_contentSize"],3,1,4,5],["cc.CompPrefabInfo",["fileId"],2],["cc.BlockInputEvents",["node","__prefab"],3,1,4],["76c31k440ZLm4iiwTKR4lGu",["node","__prefab","spPayIcon"],3,1,4,1],["cc.PrefabInfo",["fileId","instance","targetOverrides","nestedPrefabInstanceRoots","root","asset"],-1,1,1],["cc.Button",["_transition","node","__prefab","clickEvents","_normalSprite"],2,1,4,9,6],["cc.ClickEvent",["_componentId","handler","target"],1,1],["cc.Layout",["_resizeMode","_layoutType","_spacingX","_isAlign","node","__prefab"],-1,1,4]],[[8,0,2],[7,0,1,2,1],[11,0,1,2,3,4,5,5],[0,0,1,4,2,3,6,3],[2,0,1,2,4,5,4],[1,0,2,3,4,2],[12,0,1,2,3,4,2],[13,0,1,2,3],[3,0,1,2,4,5,4],[5,0,2],[0,0,1,5,2,3,3],[0,0,1,4,5,2,3,6,3],[0,0,1,4,5,2,3,6,7,3],[0,0,1,4,5,2,3,3],[0,0,1,4,2,3,3],[6,0,1,2,3,4,5,3],[2,0,3,4,5,3],[9,0,1,1],[10,0,1,2,1],[1,1,0,2,3,4,3],[1,0,2,3,5,4,2],[1,2,3,4,1],[1,2,3,1],[14,0,1,2,3,4,5,5],[3,0,1,2,3,4,5,5]],[[[{"name":"invincible","rect":{"x":0,"y":0,"width":560,"height":687},"offset":{"x":0,"y":0},"originalSize":{"width":560,"height":687},"rotated":false,"capInsets":[0,0,0,0],"vertices":{"rawPosition":[-280,-343.5,0,280,-343.5,0,-280,343.5,0,280,343.5,0],"indexes":[0,1,2,2,1,3],"uv":[0,687,560,687,0,0,560,0],"nuv":[0,0,1,0,0,1,1,1],"minPos":{"x":-280,"y":-343.5,"z":0},"maxPos":{"x":280,"y":343.5,"z":0}},"packable":true,"pixelsToUnit":100,"pivot":{"x":0.5,"y":0.5},"meshType":0}],[4],0,[0],[3],[2]],[[[9,"invinciblePanel"],[10,"invinciblePanel",33554432,[-7,-8],[[1,-2,[0,"e9nrz1bl9Da5Cy/wZQ6E9I"],[5,720,1280]],[4,45,720,1280,-3,[0,"1dwDt0CddHCI812yv1SxmS"]],[17,-4,[0,"b0j5+bUn5NT4ajAOPJ6Bsm"]],[18,-6,[0,"c2AdeqfGdCD6j74Z+mMq8H"],-5]],[2,"baccpcjwxI2pJO41RNSAWU",null,null,null,-1,0]],[11,"container",33554432,1,[-12,-13,-14,-15,-16],[[1,-9,[0,"7eNX5qTHZAIpWJwXbeT+NA"],[5,636,750]],[19,1,0,-10,[0,"d1mGKkDXlJEr54uXCghVQk"],6],[16,18,103.876,-11,[0,"f0+LmRgnFG5qg1QunpUlCT"]]],[2,"1cu/srKP5Lfb7lzVB9EUB3",null,null,null,1,0],[1,0,103.876,0]],[12,"btnVincible",33554432,2,[-20],[[1,-17,[0,"baEq2fVLNJsaj4FsYFwisZ"],[5,217,70]],[5,0,-18,[0,"10NpPxW7hO97w6U/4uwpRY"],4],[6,3,-19,[0,"2bIEXEF8dALrpFGDCBdBXE"],[[7,"76c31k440ZLm4iiwTKR4lGu","onBtnInvincibleClick",1]],5]],[2,"ec5WLx7G5A/qXszJ339dLc",null,null,null,1,0],[1,0,-363.08,0],[1,1.4,1.4,1]],[13,"content",33554432,3,[-23,-24],[[1,-21,[0,"36v9maVNtCvK4Qvy5lc0fs"],[5,126,100]],[23,1,1,40,true,-22,[0,"aef3tesdNGiai8ie+Ace3q"]]],[2,"f7AVQ/HElO9bCGjyv3FPR+",null,null,null,1,0]],[14,"bg",33554432,1,[[1,-25,[0,"f7NISe7HdAD68SLfhnddy8"],[5,720,1280]],[20,0,-26,[0,"e71ctEmpxFC4KlSYRZNz/a"],[4,2516582400],0],[4,45,40,36,-27,[0,"7fgQrqHcJFCIVUV+vQSs0l"]]],[2,"79NE3MGdpICYYKbC3Xe8Vm",null,null,null,1,0]],[3,"btnClose",33554432,2,[[1,-28,[0,"e5SOMGTS1PEIBuZ9kPyl5u"],[5,30,30]],[21,-29,[0,"5ar5/q/3RB9INP0a+ugvsM"],1],[6,3,-30,[0,"72BRdaIKFPr46/R7IbUMlo"],[[7,"76c31k440ZLm4iiwTKR4lGu","onBtnCloseClick",1]],2]],[2,"01PZjRksVO6ZHvqU5yvsiH",null,null,null,1,0],[1,278.022,333.122,0]],[3,"title",33554432,2,[[1,-31,[0,"c68UOAlNhN171Umca6yVvF"],[5,140,50.4]],[8,"无敌状态",35,35,-32,[0,"2frm37uaJHQr0AEEaYyM82"]]],[2,"57gwgGqW5NeI1HzVo8kVkH",null,null,null,1,0],[1,0,315.51,0]],[3,"dynamicView",33554432,2,[[1,-33,[0,"f7NISe7HdAD68SLfhnddy8"],[5,420,480]],[5,0,-34,[0,"e71ctEmpxFC4KlSYRZNz/a"],3]],[2,"7c79/BJbFAyp7y10epJtEU",null,null,null,1,0],[1,0,15.325,0]],[3,"tip",33554432,2,[[1,-35,[0,"c68UOAlNhN171Umca6yVvF"],[5,300,63]],[24,"观看视频变身无敌状体",30,30,50,-36,[0,"2frm37uaJHQr0AEEaYyM82"]]],[2,"6baePPF+dODrxsVaKGPF+W",null,null,null,1,0],[1,0,-266.489,0]],[15,"payIcon",33554432,4,[[[1,-37,[0,"51vWkigbhBoJuY3Wtn548b"],[5,26,21]],-38],4,1],[2,"2cVlD7rhZDZqX/1Gv9K5Jp",null,null,null,1,0],[1,-50,0,0]],[3,"txt",33554432,4,[[1,-39,[0,"c68UOAlNhN171Umca6yVvF"],[5,60,50.4]],[8,"变身",30,30,-40,[0,"2frm37uaJHQr0AEEaYyM82"]]],[2,"73R2ktdu9F3J+TAj2/C9J5",null,null,null,1,0],[1,33,0,0]],[22,10,[0,"95iDJIUJFApJr7KdrNODI+"]]],0,[0,4,1,0,0,1,0,0,1,0,0,1,0,5,12,0,0,1,0,-1,5,0,-2,2,0,0,2,0,0,2,0,0,2,0,-1,6,0,-2,7,0,-3,8,0,-4,9,0,-5,3,0,0,3,0,0,3,0,0,3,0,-1,4,0,0,4,0,0,4,0,-1,10,0,-2,11,0,0,5,0,0,5,0,0,5,0,0,6,0,0,6,0,0,6,0,0,7,0,0,7,0,0,8,0,0,8,0,0,9,0,0,9,0,0,10,0,-2,12,0,0,11,0,0,11,0,6,1,40],[0,0,0,0,0,0,0,12],[1,1,2,1,1,2,1,1],[3,0,0,4,1,1,5,6]]]]
