[1,["e0EHpQlwNKVJTz2MJUSYOY","60a/MBzzVIYpQq7Bph3rOJ","0cHl+6e5ZLZ5OIJiiqT5wh@39ce5","50pQNKi2tH9ZFgXF/6LqTd@6c48a","1brw/JvvpFnIvdrxpFCgMZ"],["node","root","data","_mesh","_defaultClip","mainTexture","_effectAsset"],[["cc.Node",["_name","_prefab","_components","_parent","_children","_lrot","_lscale","_euler"],2,4,9,1,2,5,5,5],["cc.Prefab",["_name"],2],["cc.Animation",["playOnLoad","node","__prefab","_clips","_defaultClip"],2,1,4,3,6],["cc.CompPrefabInfo",["fileId"],2],["cc.PrefabInfo",["fileId","instance","targetOverrides","nestedPrefabInstanceRoots","root","asset"],-1,1,1],["cc.BoxCollider",["_isTrigger","node","__prefab","_center","_size"],2,1,4,5,5],["52708yzRJRNKKmsD4pqaco/",["colliderName","node","__prefab"],2,1,4],["cc.RigidBody",["_type","node","__prefab"],2,1,4],["cc.MeshRenderer",["_shadowCastingMode","node","__prefab","_materials","bakeSettings","_mesh"],2,1,4,3,4,6],["cc.ModelBakeSettings",[],3],["cc.Mesh",["_native","_hash","_struct"],1,11],["cc.Material",["_name","_states","_defines","_props"],0,12]],[[3,0,2],[4,0,1,2,3,4,5,5],[0,0,3,2,1,2],[5,0,1,2,3,4,2],[6,0,1,2,2],[7,0,1,2,2],[1,0,2],[0,0,4,2,1,2],[0,0,3,4,1,2],[0,0,3,2,1,5,6,7,2],[2,0,1,2,3,4,2],[8,0,1,2,3,4,5,2],[9,1],[10,0,1,2,3],[11,0,1,2,3,4]],[[[[6,"rotatingRing"],[7,"rotatingRing",[-3,-4,-5],[[10,true,-2,[0,"61/hUAyp5JMIEkbIYLX+MO"],[2],3]],[1,"b3f7r3yXFCPqO7T6oV2yzy",null,null,null,-1,0]],[2,"left",1,[[3,true,-6,[0,"523okkEeNLyrnJAHWKwD+l"],[1,0.8,0.1,-0.1],[1,0.2,0.5,0.9]],[4,4,-7,[0,"26Z4aSv4lLDpWKpuhwlOi8"]],[5,2,-8,[0,"94mxaQqbpLjZEaFxHUGcKM"]]],[1,"57IKstw0dG9KPlxPQinS07",null,null,null,1,0]],[2,"right",1,[[3,true,-9,[0,"4acDoN3+JISIyrukq99qjX"],[1,-0.8,0.1,0.05],[1,0.2,0.5,0.9]],[4,4,-10,[0,"e4Ri1YiexMyL86AlWQz5Rp"]],[5,2,-11,[0,"c1ygzGt0JKGo51HFFrs19s"]]],[1,"01Bewr85tO8LEF4eEAmN30",null,null,null,1,0]],[8,"RootNode",1,[-12],[1,"d6KgI2HLlHcq6WUQF5ER2k",null,null,null,1,0]],[9,"rotatingRing",4,[[11,1,-13,[0,"237lrj8s5TAqLavHu9/7qT"],[0],[12],1]],[1,"02XAECCW9L76j6IzyhE2yR",null,null,null,1,0],[3,-0.7071067811865476,0,0,0.7071067811865476],[1,2.53999996185303,2.53999996185303,2.53999996185303],[1,-90.00000000000003,0,0]]],0,[0,1,1,0,0,1,0,-1,4,0,-2,2,0,-3,3,0,0,2,0,0,2,0,0,2,0,0,3,0,0,3,0,0,3,0,-1,5,0,0,5,0,2,1,13],[0,0,0,0],[-1,3,-1,4],[1,2,0,0]],[[[13,".bin",731598743,[{"primitives":[{"primitiveMode":7,"vertexBundelIndices":[0],"indexView":{"offset":11184,"length":984,"count":492,"stride":2}}],"vertexBundles":[{"view":{"offset":0,"length":11184,"count":233,"stride":48},"attributes":[{"name":"a_position","format":32,"isNormalized":false},{"name":"a_normal","format":32,"isNormalized":false},{"name":"a_texCoord","format":21,"isNormalized":false},{"name":"a_tangent","format":44,"isNormalized":false}]}]},"minPosition",8,[1,-0.3618893623352051,-0.3618893623352051,-1.907348590179936e-8],"maxPosition",8,[1,0.36188942193984985,0.3618893623352051,0.11806829273700714]]],-1],0,0,[],[],[]],[[[14,"rotatingRing",[{"rasterizerState":{},"depthStencilState":{},"blendState":{"targets":[{}]}},{},{}],[{"USE_INSTANCING":true,"USE_ALBEDO_MAP":true},{},{}],[[[{"roughness":0.70710676908493,"metallic":0},"albedoScale",8,[1,0.588235318660736,0.588235318660736,0.588235318660736],"mainTexture",6,0],{},{}],11,0,0]]],0,0,[0,0],[5,6],[3,4]]]]
