[1,["ff4CISMoFKCqDOVQJISDT0@95b62","ff4CISMoFKCqDOVQJISDT0@8685a","f6SJZOjTJB/JrJeh5xTdF7","bbaUf3NuhKyqk1fKX0Mp/N","92XsU9HYdDkanS7+uKDQI3@31455","ff4CISMoFKCqDOVQJISDT0@d5a24","1brw/JvvpFnIvdrxpFCgMZ","ff4CISMoFKCqDOVQJISDT0@bdd91","ff4CISMoFKCqDOVQJISDT0@2e991","ff4CISMoFKCqDOVQJISDT0@aeaac","ff4CISMoFKCqDOVQJISDT0@2ba06","ff4CISMoFKCqDOVQJISDT0@d51a4","ff4CISMoFKCqDOVQJISDT0@a5f8b","ff4CISMoFKCqDOVQJISDT0@0b568"],["node","_mesh","root","_effectAsset","data","asset","_parent"],[["cc.Node",["_name","_objFlags","__editorExtras__","_active","_prefab","_parent","_components","_lpos","_lrot","_euler","_lscale","_children"],-1,4,1,9,5,5,5,5,2],["cc.MeshRenderer",["_shadowCastingMode","node","__prefab","_materials","bakeSettings","_mesh"],2,1,4,3,4,6],["cc.Material",["_states","_defines","_name","_props"],0,12],["cc.Prefab",["_name"],2],["cc.Node",["_name","_children","_prefab"],2,12,4],["cc.BoxCollider",["_isTrigger","node","__prefab","_center","_size"],2,1,4,5,5],["cc.CompPrefabInfo",["fileId"],2],["cc.RigidBody",["_group","_type","node","__prefab"],1,1,4],["52708yzRJRNKKmsD4pqaco/",["colliderName","node","__prefab"],2,1,4],["cc.PrefabInfo",["fileId","instance","targetOverrides","root","asset","nestedPrefabInstanceRoots"],0,1,1,2],["cc.PrefabInfo",["fileId","targetOverrides","nestedPrefabInstanceRoots","root","instance","asset"],0,1,4,6],["cc.PrefabInfo",["fileId","instance","targetOverrides","nestedPrefabInstanceRoots","root","asset"],-1,1,1],["cc.TargetInfo",["localID"],2],["cc.PrefabInstance",["fileId","prefabRootNode","propertyOverrides"],2,1,9],["CCPropertyOverrideInfo",["value","propertyPath","targetInfo"],1,1],["CCPropertyOverrideInfo",["propertyPath","targetInfo","value"],2,1,8],["cc.MeshRenderer",["_materials","node","__prefab","bakeSettings","_mesh"],2,1,4,4,6],["cc.ModelBakeSettings",[],3],["cc.Mesh",["_native","_hash","_struct"],1,11]],[[6,0,2],[11,0,1,2,3,4,5,5],[17,1],[18,0,1,2,3],[1,1,2,3,4,5,1],[15,0,1,2,2],[0,0,5,6,4,7,8,10,9,2],[3,0,2],[0,0,5,6,4,7,8,9,2],[2,2,0,1,3,4],[0,0,11,6,4,7,2],[0,1,2,5,4,3],[0,0,3,5,6,4,8,9,3],[0,0,5,4,7,8,10,9,2],[0,0,5,11,6,4,7,8,10,9,2],[0,0,5,6,4,2],[4,0,1,2,2],[5,0,1,2,3,4,2],[7,0,1,2,3,3],[8,0,1,2,2],[9,0,1,2,3,4,5,4],[10,0,1,2,3,4,5,4],[12,0,2],[13,0,1,2,2],[14,0,1,2,3],[1,0,1,2,3,4,5,2],[16,0,1,2,3,4,2],[2,0,1,3,3]],[[[[7,"peopleGreen"],[10,"peopleGreen",[-6,-7],[[17,true,-3,[0,"daTOxvuV9Ayps7G/xxqwYF"],[1,0,0.75,0],[1,0.543,0.515,0.3]],[18,4,2,-4,[0,"3eM+fw0cxLSKJFPi7dROd1"]],[19,18,-5,[0,"f3kdPNE9RFk5urfgXbvznF"]]],[20,"36vmbQkQlAxoMOv2+g9kXw",null,null,-2,0,[-1]],[1,0,1,0]],[22,["53XNAZcEdcbJtUk4JzpVL+"]],[11,0,{},1,[21,"53XNAZcEdcbJtUk4JzpVL+",null,null,-8,[23,"daj/a0YBNL64la82KOLun5",1,[[24,"4",["_name"],2],[5,["_lpos"],2,[1,0,0.3320000000000001,0]],[5,["_lrot"],2,[3,0,0.18768132840844187,0,0.9822299725455554]],[5,["_euler"],2,[1,0,21.635,0]],[5,["_lscale"],2,[1,0.4,0.4,0.4]]]],2]],[12,"people",false,1,[[25,1,-9,[0,"e8aVHfIOlYR4BpBdpQ8h7T"],[0],[2],1]],[1,"7evmNsIDVBnIK3rVedXEu5",null,null,null,1,0],[3,-0.7071067811865449,-6.181724038536757e-8,6.181724038536757e-8,0.7071067811865449],[1,-90.00000000000003,0,0.00001001791262497545]]],0,[0,-1,3,0,2,1,0,0,1,0,0,1,0,0,1,0,-1,4,0,-2,3,0,2,3,0,0,4,0,4,1,9],[0,0,0],[-1,1,5],[3,4,5]],[[[9,"manGreen01",[{"rasterizerState":{},"depthStencilState":{},"blendState":{"targets":[{}]}},{},{}],[{"USE_INSTANCING":true},{},{}],[[[{"metallic":0.1,"roughness":0.8},"mainColor",8,[4,4278249063],"albedoScale",8,[1,0.588235318660736,0.588235318660736,0.588235318660736]],{},{}],11,0,0]]],0,0,[0],[3],[6]],[[[3,".bin",3745158228,[{"primitives":[{"primitiveMode":7,"vertexBundelIndices":[0],"indexView":{"offset":95760,"length":19008,"count":9504,"stride":2}}],"vertexBundles":[{"view":{"offset":0,"length":95760,"count":1995,"stride":48},"attributes":[{"name":"a_position","format":32,"isNormalized":false},{"name":"a_normal","format":32,"isNormalized":false},{"name":"a_texCoord","format":21,"isNormalized":false},{"name":"a_tangent","format":44,"isNormalized":false}]}]},"minPosition",8,[1,-0.009857840836048126,-0.009112040512263775,-0.005425934214144945],"maxPosition",8,[1,0.011272435076534748,0.009125086478888988,0.003928967285901308]]],-1],0,0,[],[],[]],[[[3,".bin",3103949497,[{"primitives":[{"primitiveMode":7,"vertexBundelIndices":[0],"indexView":{"offset":138432,"length":34560,"count":17280,"stride":2}}],"vertexBundles":[{"view":{"offset":0,"length":138432,"count":2884,"stride":48},"attributes":[{"name":"a_position","format":32,"isNormalized":false},{"name":"a_normal","format":32,"isNormalized":false},{"name":"a_texCoord","format":21,"isNormalized":false},{"name":"a_tangent","format":44,"isNormalized":false}]}]},"minPosition",8,[1,-0.000472537794848904,-0.0009681908995844424,-0.019940732046961784],"maxPosition",8,[1,0.0011994510423392057,0.0010658892570063472,-0.00014207587810233235]]],-1],0,0,[],[],[]],[[[3,".bin",1076009750,[{"primitives":[{"primitiveMode":7,"vertexBundelIndices":[0],"indexView":{"offset":178272,"length":44544,"count":22272,"stride":2}}],"vertexBundles":[{"view":{"offset":0,"length":178272,"count":3714,"stride":48},"attributes":[{"name":"a_position","format":32,"isNormalized":false},{"name":"a_normal","format":32,"isNormalized":false},{"name":"a_texCoord","format":21,"isNormalized":false},{"name":"a_tangent","format":44,"isNormalized":false}]}]},"minPosition",8,[1,-0.008188728243112564,-0.006712660193443298,-0.0010908616241067648],"maxPosition",8,[1,0.004401247948408127,0.006712660659104586,0.0012381759006530046]]],-1],0,0,[],[],[]],[[[27,[{"rasterizerState":{},"depthStencilState":{},"blendState":{"targets":[{}]}},{"rasterizerState":{},"depthStencilState":{},"blendState":{"targets":[{}]}},{"rasterizerState":{},"depthStencilState":{},"blendState":{"targets":[{}]}},{"rasterizerState":{},"depthStencilState":{},"blendState":{"targets":[{}]}}],[{"DCC_APP_NAME":2,"HAS_EXPORTED_METALLIC":true},{},{},{}],[[[{"shininessExponent":6.387107306551343,"specularFactor":0.15000000596046448,"transparencyFactor":0},"mainColor",8,[4,4278470924]],{},{},{}],11,0,0,0]]],0,0,[0],[3],[2]],[[[9,"Material.035",[{"rasterizerState":{},"blendState":{"targets":[{}]},"depthStencilState":{}}],[{"DCC_APP_NAME":2,"HAS_EXPORTED_METALLIC":true}],[[[{"shininessExponent":50.02346840700831,"emissiveScale":1,"metallic":0.3636363744735718,"specularFactor":0.12272727489471436,"transparencyFactor":0},"mainColor",8,[4,4278221543],"emissive",8,[4,4278190080]]],11]]],0,0,[0],[3],[2]],[[[3,".bin",2663698182,[{"primitives":[{"primitiveMode":7,"vertexBundelIndices":[0],"indexView":{"offset":807360,"length":182784,"count":91392,"stride":2}}],"vertexBundles":[{"view":{"offset":0,"length":807360,"count":16820,"stride":48},"attributes":[{"name":"a_position","format":32,"isNormalized":false},{"name":"a_normal","format":32,"isNormalized":false},{"name":"a_texCoord","format":21,"isNormalized":false},{"name":"a_tangent","format":44,"isNormalized":false}]}]},"minPosition",8,[1,-0.006252483930438757,-0.0010340622393414378,-0.0002815955667756498],"maxPosition",8,[1,0.0024790149182081223,0.001002505305223167,0.00028159513021819293]]],-1],0,0,[],[],[]],[[[3,".bin",310961764,[{"primitives":[{"primitiveMode":7,"vertexBundelIndices":[0],"indexView":{"offset":104544,"length":26112,"count":13056,"stride":2}}],"vertexBundles":[{"view":{"offset":0,"length":104544,"count":2178,"stride":48},"attributes":[{"name":"a_position","format":32,"isNormalized":false},{"name":"a_normal","format":32,"isNormalized":false},{"name":"a_texCoord","format":21,"isNormalized":false},{"name":"a_tangent","format":44,"isNormalized":false}]}]},"minPosition",8,[1,-0.00819375179708004,-0.006759915966540575,-0.0010289009660482407],"maxPosition",8,[1,0.004414006602019072,0.006759915966540575,0.0011156895197927952]]],-1],0,0,[],[],[]],[[[3,".bin",3329440005,[{"primitives":[{"primitiveMode":7,"vertexBundelIndices":[0],"indexView":{"offset":235536,"length":55296,"count":27648,"stride":2}}],"vertexBundles":[{"view":{"offset":0,"length":235536,"count":4907,"stride":48},"attributes":[{"name":"a_position","format":32,"isNormalized":false},{"name":"a_normal","format":32,"isNormalized":false},{"name":"a_texCoord","format":21,"isNormalized":false},{"name":"a_tangent","format":44,"isNormalized":false}]}]},"minPosition",8,[1,-0.009887279011309147,-0.008279634639620781,-0.0054801590740680695],"maxPosition",8,[1,0.009995645843446255,0.008279634639620781,-0.002699213335290551]]],-1],0,0,[],[],[]],[[[3,".bin",1676392252,[{"primitives":[{"primitiveMode":7,"vertexBundelIndices":[0],"indexView":{"offset":69216,"length":17280,"count":8640,"stride":2}}],"vertexBundles":[{"view":{"offset":0,"length":69216,"count":1442,"stride":48},"attributes":[{"name":"a_position","format":32,"isNormalized":false},{"name":"a_normal","format":32,"isNormalized":false},{"name":"a_texCoord","format":21,"isNormalized":false},{"name":"a_tangent","format":44,"isNormalized":false}]}]},"minPosition",8,[1,-0.0009134612046182156,-0.0009134611464105546,-8.881786480019743e-18],"maxPosition",8,[1,0.0009134610882028937,0.0009134612046182156,0.000897169578820467]]],-1],0,0,[],[],[]],[[[7,"4"],[16,"4",[[[13,"Camera.004",-3,[1,"4dTqnz7XhV+YmdSeCYLVG2",null,null,null,-2,0],[1,-0.1033419519662857,-0.16339123249053955,8.492234230041504],[3,0.049118038078170057,0.7053987356738802,0.049118038078170057,0.7053987952785248],[1,100.00000762939453,100.00000762939453,100],[1,3.387545830206624e-7,89.9999951350446,7.966334055324828]],-4],4,1],[1,"53XNAZcEdcbJtUk4JzpVL+",null,null,null,-1,0]],[14,"Cylinder.011",1,[-6,-7,-8,-9,-10,-11],[[4,-5,[0,"079i2GqgFcBYjEhCK12Hsw"],[11],[2],12]],[1,"3a0kK5W8RQspDjgtfbGyae",null,null,null,1,0],[1,0.15260998904705048,1.2052934169769287,-0.17687633633613586],[3,-0.6738444077969358,0.343994384520638,0.23003088304085736,0.6121171214289857],[1,100,100,100],[1,-90.81351724158904,48.0352426836367,-10.485442667462747]],[15,"Cylinder.012",2,[[4,-12,[0,"dfCPEA5qVemL3k5mPWyOHO"],[0],[2],1]],[1,"47F2s580VTtpO+QeYpvybd",null,null,null,1,0]],[6,"Circle.006",2,[[4,-13,[0,"f2ift5nKlUaY3IfWdlcIaS"],[2],[2],3]],[1,"eaESV26a5YfZgWIRXBNfc2",null,null,null,1,0],[1,-0.010468482039868832,6.752088665962219e-9,-0.007089986931532621],[3,-0.17583572829197544,3.0139762625054346e-8,0.984419522691415,1.9094180420607816e-7],[1,1.0573711395263672,1.2221577167510986,1.2153594493865967],[1,-179.99999275270707,159.74540802216785,0.000020932118388314155]],[6,"Circle.007",2,[[4,-14,[0,"37H5/rQXFY4LCFdtlPPq3W"],[4],[2],5]],[1,"8dDK9qiUtf5IaPvE7lyvdQ",null,null,null,1,0],[1,-0.010468482039868832,6.752088665962219e-9,-0.007089986931532621],[3,-0.17583572829197544,3.0139762625054346e-8,0.984419522691415,1.9094180420607816e-7],[1,1.0573711395263672,1.2221577167510986,1.2153594493865967],[1,-179.99999275270707,159.74540802216785,0.000020932118388314155]],[6,"Circle.008",2,[[26,[null],-15,[0,"88VF1u4OhSfZvvCi55Gw1k"],[2],6]],[1,"60F/nEJqVRYoY4HRoRkl1f",null,null,null,1,0],[1,0.005638957489281893,0.007636833004653454,-0.004392811097204685],[3,-0.05174244196765268,0.7052110435680686,0.7052111627773582,0.051742821947263234],[1,0.7605345249176025,0.7605346441268921,0.7605344653129578],[1,-90.00000738044922,171.60724618955712,0.000031413447339349854]],[8,"Circle.009",2,[[4,-16,[0,"174sy8T2VZoIc90e2pLgH6"],[7],[2],8]],[1,"b9AnU5vJRdkbYQzbSfqDHB",null,null,null,1,0],[1,-0.009077854454517365,4.516914398067229e-9,-0.00029949352028779685],[3,0.4829986843171944,-0.4829988929334448,-0.51644198522014,0.5164416871969251],[1,0,-86.16699846511621,-90]],[8,"Plane.002",2,[[4,-17,[0,"7eTXmSjRBcsZeE+BN98Pwr"],[9],[2],10]],[1,"dcsaYib3Rds58RrHxMFCp+",null,null,null,1,0],[1,-0.009490651078522205,-0.001886730082333088,0.00029770657420158386],[3,0.4829986843171944,-0.4829988929334448,-0.51644198522014,0.5164416871969251],[1,0,-86.16699846511621,-90]]],0,[0,2,1,0,2,1,0,6,1,0,-2,2,0,0,2,0,-1,3,0,-2,4,0,-3,5,0,-4,6,0,-5,7,0,-6,8,0,0,3,0,0,4,0,0,5,0,0,6,0,0,7,0,0,8,0,4,1,17],[0,0,0,0,0,0,0,0,0,0,0,0,0],[-1,1,-1,1,-1,1,1,-1,1,-1,1,-1,1],[0,7,1,8,1,9,10,0,11,0,12,1,13]]]]
