[1,["47uqfAoqRD5ojpblK2w9vu","0eFTL1fHdET5agBAOTuMDV@0544b","37qs/78ExOQ5rQaKWqO7fg","0eFTL1fHdET5agBAOTuMDV@39aff","0eFTL1fHdET5agBAOTuMDV@2524d","0eFTL1fHdET5agBAOTuMDV@a24a2","0eFTL1fHdET5agBAOTuMDV@7d97b"],["node","_mesh","_material","root","data"],[["cc.Node",["_name","_prefab","_children","_parent","_components","_lrot","_lscale","_euler"],2,4,2,1,9,5,5,5],["cc.MeshRenderer",["_enabled","node","__prefab","_materials","bakeSettings","_mesh"],2,1,4,3,4,6],["cc.MeshCollider",["_convex","node","__prefab","_mesh"],2,1,4,6],["cc.BoxCollider",["node","__prefab","_center","_size","_material"],3,1,4,5,5,6],["cc.Mesh",["_native","_hash","_struct"],1,11],["cc.Prefab",["_name"],2],["cc.PrefabInfo",["fileId","instance","targetOverrides","nestedPrefabInstanceRoots","root","asset"],-1,1,1],["cc.CompPrefabInfo",["fileId"],2],["cc.ModelBakeSettings",[],3],["cc.RigidBody",["_group","_type","node","__prefab"],1,1,4]],[[7,0,2],[6,0,1,2,3,4,5,5],[0,0,3,4,1,5,6,7,2],[8,1],[1,1,2,3,4,5,1],[4,0,1,2,3],[3,0,1,2,3,4,1],[2,1,2,3,1],[9,0,1,2,3,3],[5,0,2],[0,0,2,1,2],[0,0,3,2,1,2],[1,0,1,2,3,4,5,2],[2,0,1,2,3,2],[3,0,1,2,3,1]],[[[[5,".bin",708305658,[{"primitives":[{"primitiveMode":7,"vertexBundelIndices":[0],"indexView":{"offset":4704,"length":540,"count":270,"stride":2}}],"vertexBundles":[{"view":{"offset":0,"length":4704,"count":98,"stride":48},"attributes":[{"name":"a_position","format":32,"isNormalized":false},{"name":"a_normal","format":32,"isNormalized":false},{"name":"a_texCoord","format":21,"isNormalized":false},{"name":"a_tangent","format":44,"isNormalized":false}]}]},"minPosition",8,[1,-0.19685053825378418,-1.5258788721439487e-7,1.1444091541079615e-7],"maxPosition",8,[1,-0.00984224770218134,2.3622045516967773,0.5911837816238403]]],-1],0,0,[],[],[]],[[[5,".bin",3559237650,[{"primitives":[{"primitiveMode":7,"vertexBundelIndices":[0],"indexView":{"offset":37440,"length":4740,"count":2370,"stride":2}}],"vertexBundles":[{"view":{"offset":0,"length":37440,"count":780,"stride":48},"attributes":[{"name":"a_position","format":32,"isNormalized":false},{"name":"a_normal","format":32,"isNormalized":false},{"name":"a_texCoord","format":21,"isNormalized":false},{"name":"a_tangent","format":44,"isNormalized":false}]}]},"minPosition",8,[1,0.17716506123542786,-1.5258788721439487e-7,1.1444091541079615e-7],"maxPosition",8,[1,0.19685064256191254,2.3622045516967773,0.40944889187812805]]],-1],0,0,[],[],[]],[[[5,".bin",2585339423,[{"primitives":[{"primitiveMode":7,"vertexBundelIndices":[0],"indexView":{"offset":4704,"length":540,"count":270,"stride":2}}],"vertexBundles":[{"view":{"offset":0,"length":4704,"count":98,"stride":48},"attributes":[{"name":"a_position","format":32,"isNormalized":false},{"name":"a_normal","format":32,"isNormalized":false},{"name":"a_texCoord","format":21,"isNormalized":false},{"name":"a_tangent","format":44,"isNormalized":false}]}]},"minPosition",8,[1,0.00984234269708395,-1.5258788721439487e-7,1.1444091541079615e-7],"maxPosition",8,[1,0.19685064256191254,2.3622045516967773,0.3937009274959564]]],-1],0,0,[],[],[]],[[[5,".bin",4038491082,[{"primitives":[{"primitiveMode":7,"vertexBundelIndices":[0],"indexView":{"offset":38736,"length":4770,"count":2385,"stride":2}}],"vertexBundles":[{"view":{"offset":0,"length":38736,"count":807,"stride":48},"attributes":[{"name":"a_position","format":32,"isNormalized":false},{"name":"a_normal","format":32,"isNormalized":false},{"name":"a_texCoord","format":21,"isNormalized":false},{"name":"a_tangent","format":44,"isNormalized":false}]}]},"minPosition",8,[1,-0.009842711500823498,-1.5258788721439487e-7,1.1444091541079615e-7],"maxPosition",8,[1,0.009842819534242153,2.3622045516967773,0.6064534783363342]]],-1],0,0,[],[],[]],[[[5,".bin",2652539940,[{"primitives":[{"primitiveMode":7,"vertexBundelIndices":[0],"indexView":{"offset":38304,"length":4740,"count":2370,"stride":2}}],"vertexBundles":[{"view":{"offset":0,"length":38304,"count":798,"stride":48},"attributes":[{"name":"a_position","format":32,"isNormalized":false},{"name":"a_normal","format":32,"isNormalized":false},{"name":"a_texCoord","format":21,"isNormalized":false},{"name":"a_tangent","format":44,"isNormalized":false}]}]},"minPosition",8,[1,-0.19685058295726776,-1.5258788721439487e-7,1.1444091541079615e-7],"maxPosition",8,[1,-0.17716510593891144,2.3622045516967773,0.6064534783363342]]],-1],0,0,[],[],[]],[[[9,"road04"],[10,"road04",[-2],[1,"c4KOvp8odB8pQeR2y8AMrl",null,null,null,-1,0]],[11,"RootNode",1,[-3,-4,-5,-6,-7,-8,-9],[1,"ae2Wf/ZiNB2Yg4b5DShT+G",null,null,null,1,0]],[2,"road04LA-001",2,[[12,false,-10,[0,"e0FdY/JkNAR7stS/ikTQK6"],[14],[3],15],[7,-11,[0,"8bYsX2gNlHAJWxzSTLcEaW"],16],[8,16,2,-12,[0,"f0vATGo+tMEqJBnFClGafX"]]],[1,"09oH9rXWtCTLal5XzEoTMe",null,null,null,1,0],[3,-0.7071067811865476,0,0,0.7071067811865476],[1,2.53999996185303,2.53999996185303,2.53999996185303],[1,-90.00000000000003,0,0]],[2,"road04RA-001",2,[[4,-13,[0,"277q+4ayBPzpPXkDNogZwA"],[17],[3],18],[8,16,2,-14,[0,"feuhHYYDFKd6+MdkViiLi5"]],[7,-15,[0,"2fJI8fIy5JUoF0tfD2ALEn"],19]],[1,"68RxrYkdlB4Yb+mJlQj8rH",null,null,null,1,0],[3,-0.7071067811865477,0,0,0.7071067811865474],[1,2.53999996185303,2.53999996185303,2.53999996185303],[1,-90.00000000000003,0,0]],[2,"road04RB",2,[[4,-16,[0,"cfBv4KF7dMAoHMCheZ+uBh"],[0],[3],1],[6,-17,[0,"64A6lXATJMNa+aoEb53Shg"],[1,0.187,1.184,0.6],[1,0.02,2.368,0.7],2]],[1,"51Mso8ERZGDJKLaZDJV0SP",null,null,null,1,0],[3,-0.7071067811865477,0,0,0.7071067811865474],[1,2.53999996185303,2.53999996185303,2.53999996185303],[1,-90.00000000000003,0,0]],[2,"road04LA",2,[[4,-18,[0,"06CTcoQgxK1K6KrPGmN8dm"],[3],[3],4],[13,true,-19,[0,"448umEYChIUZWl1AxeH7+D"],5]],[1,"4bIfCrfcpCWoNrhP8E1WDl",null,null,null,1,0],[3,-0.7071067811865476,0,0,0.7071067811865476],[1,2.53999996185303,2.53999996185303,2.53999996185303],[1,-90.00000000000003,0,0]],[2,"road04RA",2,[[4,-20,[0,"caovMYrbdAYqH0L0OGdKtX"],[6],[3],7],[14,-21,[0,"64A6lXATJMNa+aoEb53Shg"],[1,0.095,1.181,0.194],[1,0.169,2.364,0.4]]],[1,"09TGp61mxDi5QjzK+XerHW",null,null,null,1,0],[3,-0.7071067811865477,0,0,0.7071067811865474],[1,2.53999996185303,2.53999996185303,2.53999996185303],[1,-90.00000000000003,0,0]],[2,"road04LB",2,[[4,-22,[0,"de+kwwwDZJoLccoBhMbxUa"],[8],[3],9],[6,-23,[0,"64A6lXATJMNa+aoEb53Shg"],[1,-0.187,1.184,0.6],[1,0.02,2.368,0.7],10]],[1,"f1eAjJUqxDPKXDekXP8Pnb",null,null,null,1,0],[3,-0.7071067811865476,0,0,0.7071067811865476],[1,2.53999996185303,2.53999996185303,2.53999996185303],[1,-90.00000000000003,0,0]],[2,"road04LC",2,[[4,-24,[0,"4flGfjGVZEJZ6uOhLEk096"],[11],[3],12],[6,-25,[0,"64A6lXATJMNa+aoEb53Shg"],[1,0,1.184,0.6],[1,0.02,2.368,0.7],13]],[1,"4diGzdch1IvZLoCClH126U",null,null,null,1,0],[3,-0.7071067811865476,0,0,0.7071067811865476],[1,2.53999996185303,2.53999996185303,2.53999996185303],[1,-90.00000000000003,0,0]]],0,[0,3,1,0,-1,2,0,-1,5,0,-2,6,0,-3,7,0,-4,8,0,-5,9,0,-6,3,0,-7,4,0,0,3,0,0,3,0,0,3,0,0,4,0,0,4,0,0,4,0,0,5,0,0,5,0,0,6,0,0,6,0,0,7,0,0,7,0,0,8,0,0,8,0,0,9,0,0,9,0,4,1,25],[0,0,0,0,0,0,0,0,0,0,0,0,0,0,0,0,0,0,0,0],[-1,1,2,-1,1,1,-1,1,-1,1,2,-1,1,2,-1,1,1,-1,1,1],[0,4,2,0,1,1,0,3,0,5,2,0,6,2,0,1,1,0,3,3]]]]
