[1,["70n+VGP69CsLkwrKD4+9eq","12Y9dMgWdJKJGmTiZyQR9H@2e76e","9cD+BPH8JJjbOi+3cgeffb@6c48a","a3zQCfCrBCDZJ4uf2rk5u8"],["root","node","data","_mesh","mainTexture","_effectAsset"],[["cc.Prefab",["_name"],2],["cc.Node",["_name","_components","_prefab","_lpos","_lscale"],2,9,4,5,5],["cc.MeshRenderer",["_name","node","__prefab","_materials","bakeSettings","_mesh"],2,1,4,3,4,6],["cc.CompPrefabInfo",["fileId"],2],["cc.ModelBakeSettings",[],3],["cc.PrefabInfo",["fileId","instance","targetOverrides","nestedPrefabInstanceRoots","root","asset"],-1,1,1],["cc.Material",["_name","_techIdx","_states","_defines","_props"],-1,12]],[[0,0,2],[1,0,1,2,3,4,2],[2,0,1,2,3,4,5,2],[3,0,2],[4,1],[5,0,1,2,3,4,5,5],[6,0,1,2,3,4,5]],[[[[0,"numItem"],[1,"numItem",[[2,"Plane<ModelComponent>",-2,[3,"e0uHCYkZ1D1I9glcT6oLf2"],[0],[4],1]],[5,"2diepGyM1MzoNY/r2dQS5k",null,null,null,-1,0],[1,0.129,1.007,-0.242],[1,0.013319999999999999,0.528,0.015950000000000002]]],0,[0,0,1,0,1,1,0,2,1,2],[0,0],[-1,3],[0,1]],[[[6,"plane04",1,[{"rasterizerState":{},"depthStencilState":{},"blendState":{"targets":[{}]}}],[{"USE_TEXTURE":true}],[[[{},"tilingOffset",8,[2,0.1,1,0,0],"mainTexture",6,0]],11]]],0,0,[0,0],[4,5],[2,3]]]]
