[1,["b0oVi35UJBxp3VL8Lz5df1@7901f","47uqfAoqRD5ojpblK2w9vu"],["node","_mesh","root","_parent","data"],[["cc.Node",["_name","_prefab","_children","_components","_lrot","_lscale","_euler","_parent"],2,4,2,9,5,5,5,1],["cc.Prefab",["_name"],2],["cc.MeshRenderer",["_shadowCastingMode","node","__prefab","_materials","bakeSettings","_mesh"],2,1,4,3,4,6],["cc.CompPrefabInfo",["fileId"],2],["cc.ModelBakeSettings",[],3],["cc.BoxCollider",["node","__prefab","_center","_size"],3,1,4,5,5],["cc.PrefabInfo",["fileId","instance","targetOverrides","nestedPrefabInstanceRoots","root","asset"],-1,1,1],["cc.MeshCollider",["node","__prefab","_mesh"],3,1,4,6],["cc.RigidBody",["_group","_type","node","__prefab"],1,1,4],["cc.Mesh",["_native","_hash","_struct"],1,11]],[[3,0,2],[5,0,1,2,3,1],[6,0,1,2,3,4,5,5],[0,0,3,1,4,5,6,2],[2,0,1,2,3,4,5,2],[4,1],[1,0,2],[0,0,2,1,2],[0,0,7,2,1,2],[7,0,1,2,1],[8,0,1,2,3,3],[9,0,1,2,3]],[[[[6,"road05"],[3,"road05",[[4,1,-2,[0,"65MUAbqyRbGq43YPjTbaCG"],[0],[5],1],[1,-3,[0,"64A6lXATJMNa+aoEb53Shg"],[1,-0.187,0.197,0.6],[1,0.02,0.394,0.7]],[1,-4,[0,"64A6lXATJMNa+aoEb53Shg"],[1,0.187,0.197,0.6],[1,0.02,0.394,0.7]],[1,-5,[0,"64A6lXATJMNa+aoEb53Shg"],[1,0,0.197,0.6],[1,0.02,0.394,0.7]],[1,-6,[0,"64A6lXATJMNa+aoEb53Shg"],[1,0.095,0.197,0.194],[1,0.169,0.394,0.4]],[1,-7,[0,"64A6lXATJMNa+aoEb53Shg"],[1,-0.095,0.197,0.391],[1,0.169,0.394,0.4]]],[2,"06JoCZFcRerZQXjYSU8SCq",null,null,null,-1,0],[3,-0.7071067811865477,0,0,0.7071067811865474],[1,2.53999996185303,2.53999996185303,2.53999996185303],[1,-90.00000000000003,0,0]],[7,"road05",[-9],[2,"84b32KwXtU14WXZfDfnygW",null,null,null,-8,0]],[3,"road05-01",[[4,1,-10,[0,"506IHE+BhJ45xUFEAJGZJf"],[2],[5],3],[9,-11,[0,"62esD8YQpLbY9d70/hukRb"],4],[10,16,2,-12,[0,"b7zIfTNMxEArN3+z92+rW4"]]],[2,"abbAhLIhtDU70a/Qaz7S10",null,null,null,2,0],[3,-0.7071067811865477,0,0,0.7071067811865474],[1,2.53999996185303,2.53999996185303,2.53999996185303],[1,-90.00000000000003,0,0]],[8,"RootNode",2,[1,3],[2,"46hIeArgtRao+IpMu5np+M",null,null,null,2,0]]],0,[0,2,2,0,0,1,0,0,1,0,0,1,0,0,1,0,0,1,0,0,1,0,2,2,0,-1,4,0,0,3,0,0,3,0,0,3,0,4,2,1,3,4,3,3,4,12],[0,0,0,0,0],[-1,1,-1,1,1],[1,0,1,0,0]],[[[11,".bin",1940993914,[{"primitives":[{"primitiveMode":7,"vertexBundelIndices":[0],"indexView":{"offset":6144,"length":684,"count":342,"stride":2}}],"vertexBundles":[{"view":{"offset":0,"length":6144,"count":128,"stride":48},"attributes":[{"name":"a_position","format":32,"isNormalized":false},{"name":"a_normal","format":32,"isNormalized":false},{"name":"a_texCoord","format":21,"isNormalized":false},{"name":"a_tangent","format":44,"isNormalized":false}]}]},"minPosition",8,[1,-0.19685111939907074,-0.000001220703097715159,8.392333938900265e-7],"maxPosition",8,[1,0.19684983789920807,0.39371457695961,0.6062992215156555]]],-1],0,0,[],[],[]]]]
