[1,["151141354@6c48a"],["_textureSource"],["cc.SpriteFrame"],0,[[[{"name":"winGift02","rect":{"x":565,"y":3,"width":286,"height":223},"offset":{"x":0,"y":0},"originalSize":{"width":286,"height":223},"rotated":true,"capInsets":[0,0,0,0],"packable":true,"pixelsToUnit":100,"pivot":{"x":0.5,"y":0.5},"meshType":0}],[0],0,[0],[0],[0]],[[{"name":"winImg03","rect":{"x":253,"y":297,"width":25,"height":25},"offset":{"x":0,"y":0},"originalSize":{"width":25,"height":25},"rotated":false,"capInsets":[0,0,0,0],"packable":true,"pixelsToUnit":100,"pivot":{"x":0.5,"y":0.5},"meshType":0}],[0],0,[0],[0],[0]],[[{"name":"winIconGift","rect":{"x":794,"y":3,"width":83,"height":73},"offset":{"x":0,"y":0},"originalSize":{"width":83,"height":73},"rotated":true,"capInsets":[0,0,0,0],"packable":true,"pixelsToUnit":100,"pivot":{"x":0.5,"y":0.5},"meshType":0}],[0],0,[0],[0],[0]],[[{"name":"winLight02","rect":{"x":169,"y":673,"width":213,"height":217},"offset":{"x":0,"y":0},"originalSize":{"width":213,"height":217},"rotated":true,"capInsets":[0,0,0,0],"packable":true,"pixelsToUnit":100,"pivot":{"x":0.5,"y":0.5},"meshType":0}],[0],0,[0],[0],[0]],[[{"name":"winLight03","rect":{"x":392,"y":673,"width":213,"height":217},"offset":{"x":0,"y":0},"originalSize":{"width":213,"height":217},"rotated":true,"capInsets":[0,0,0,0],"packable":true,"pixelsToUnit":100,"pivot":{"x":0.5,"y":0.5},"meshType":0}],[0],0,[0],[0],[0]],[[{"name":"winLight01","rect":{"x":615,"y":673,"width":213,"height":217},"offset":{"x":0,"y":0},"originalSize":{"width":213,"height":217},"rotated":true,"capInsets":[0,0,0,0],"packable":true,"pixelsToUnit":100,"pivot":{"x":0.5,"y":0.5},"meshType":0}],[0],0,[0],[0],[0]],[[{"name":"winImg01","rect":{"x":298,"y":3,"width":502,"height":261},"offset":{"x":0,"y":0},"originalSize":{"width":502,"height":261},"rotated":true,"capInsets":[0,0,0,0],"packable":true,"pixelsToUnit":100,"pivot":{"x":0.5,"y":0.5},"meshType":0}],[0],0,[0],[0],[0]],[[{"name":"winImg02","rect":{"x":169,"y":297,"width":78,"height":190},"offset":{"x":0,"y":0},"originalSize":{"width":78,"height":190},"rotated":false,"capInsets":[0,0,0,0],"packable":true,"pixelsToUnit":100,"pivot":{"x":0.5,"y":0.5},"meshType":0}],[0],0,[0],[0],[0]],[[{"name":"winGift01","rect":{"x":565,"y":295,"width":226,"height":192},"offset":{"x":0,"y":0},"originalSize":{"width":226,"height":192},"rotated":false,"capInsets":[0,0,0,0],"packable":true,"pixelsToUnit":100,"pivot":{"x":0.5,"y":0.5},"meshType":0}],[0],0,[0],[0],[0]],[[{"name":"winSkin","rect":{"x":3,"y":297,"width":560,"height":160},"offset":{"x":0,"y":0},"originalSize":{"width":560,"height":160},"rotated":true,"capInsets":[0,0,0,0],"packable":true,"pixelsToUnit":100,"pivot":{"x":0.5,"y":0.5},"meshType":0}],[0],0,[0],[0],[0]],[[{"name":"winTitle","rect":{"x":169,"y":511,"width":560,"height":156},"offset":{"x":0,"y":0},"originalSize":{"width":560,"height":156},"rotated":false,"capInsets":[0,0,0,0],"packable":true,"pixelsToUnit":100,"pivot":{"x":0.5,"y":0.5},"meshType":0}],[0],0,[0],[0],[0]],[[{"name":"winLight","rect":{"x":3,"y":3,"width":289,"height":288},"offset":{"x":0.5,"y":0},"originalSize":{"width":300,"height":300},"rotated":false,"capInsets":[0,0,0,0],"packable":true,"pixelsToUnit":100,"pivot":{"x":0.5,"y":0.5},"meshType":0}],[0],0,[0],[0],[0]]]]
