[1,["4864NCJRVKEbdhrkazvisZ@f9941","4dkjoIbt9Crb8rpvG3K0bn@f9941","a3zQCfCrBCDZJ4uf2rk5u8","d8fAKSPP5CdK2UAk+HBmXJ@f9941","12Y9dMgWdJKJGmTiZyQR9H@2e76e","f8T26EDVZBzZFWCFnzgI8d","c2QLcA17NE5IMeVhwDWnRb@f9941","64i7xreghGKJ6SzOl5ajvw@f9941","cdPJvvH/FDQLUURJUV6JSD@f9941","adDGYC5xNGqIWzHoGAiKT6","daHNxBQeNGspwp3IvjJMjx","fcC90ZES5KgpoHC6+dDq93","25j7kpU1FP+Jp/hKAujHNS@f9941","89RP/A6hZH1a3fg7Nb0nO0@f9941","0e3hKxAI5D/rnVVUz/o1+7@f9941","40wZhlyxdCD7QHOzOItmbA@6c48a","13AkVX6eFDlIO1y8Lom5mU","3eQFKeOixLkJ8SfGrvbA49@f9941","c3JVw57uVKiZXjUwup6q1y@f9941","95EkngnxZFbYuFpsqVTaFr@f9941","10RQSN6DFPdpvRfzuERc3J@f9941","33XdDQo4tIbotY3nhjXixW@f9941","9aipIcdFdJXKeoIF3Xp1WI","4cZG2DGuhHtb7axtN++KwP","38kCS7JzRONKQ3kfYm6Uew@f9941","556JmdT0xBRpUslrl0Uxh2@f9941","f82bnynWlFKJZPLWtouqx3@f9941","8fm2wmfbFFVbBulvliogIA","32tKIXaj5OY7abQKikSrPM@f9941","0bC/ouAWhJjYuUcdx8n4aK@f9941","ddQcrwk69D0oqhCHZQNQPM@f9941","3bS8S86nxE55bHhAPflHoj@f9941","aaTnDt5NhK1YB2gE/9q4vP@f9941","daF4gYC0RPl5tA8k1w0iAF@f9941","43VLU5ni9PpbXLdvgrRShD@6c48a"],["node","_spriteFrame","target","source","_defaultClip","mainTexture","_effectAsset","root","_normalSprite","_mesh","ndContainer","ndHomePanel","spEnergyBar","pbEnergy","ndEnergyProgress","aniScore","lbScoreNum","ndScoreLight","ndArrow","pbBossBlood","pbPlayerBlood","ndFightBoss","pbNormalCrazyClick","pbNormalEnemyBlood","pbNormalPlayerBlood","ndFightNormal","ndContinueClick","ndPeople","ndInfo","ndCountDown","progressBarCountdown","lbKey","lbDiamond","lbPeople","lbLevel","lbDiamondNum","_target","data","_parent","asset","sfEnergyNormal","sfEnergyColorful"],[["cc.Node",["_name","_layer","_objFlags","__editorExtras__","_prefab","_components","_parent","_children","_lpos","_lscale","_lrot","_euler"],-1,4,9,1,2,5,5,5,5],["cc.Widget",["_alignFlags","_top","_bottom","_originalWidth","_originalHeight","_left","_right","_horizontalCenter","node","__prefab"],-5,1,4],["cc.Sprite",["_sizeMode","_type","_fillRange","_fillStart","node","__prefab","_spriteFrame"],-1,1,4,6],["cc.Label",["_string","_actualFontSize","_fontSize","_lineHeight","_enableOutline","_outlineWidth","_cacheMode","node","__prefab","_color","_outlineColor"],-4,1,4,5,5],["cc.Node",["_name","_layer","_parent","_components","_prefab","_children","_lpos"],1,1,12,4,2,5],["cc.UITransform",["node","__prefab","_contentSize","_anchorPoint"],3,1,4,5,5],["cc.ProgressBar",["_progress","_totalLength","_mode","_reverse","node","__prefab","_barSprite"],-1,1,4,1],["cc.TargetOverrideInfo",["propertyPath","target","targetInfo","source","sourceInfo"],2,1,4,1,4],["cc.Button",["_transition","node","__prefab","clickEvents","_normalSprite","_normalColor","_target"],2,1,4,9,6,5,1],["cc.Layout",["_layoutType","_spacingY","_isAlign","_resizeMode","_spacingX","node","__prefab"],-2,1,4],["cc.Animation",["playOnLoad","node","__prefab","_clips","_defaultClip"],2,1,4,3,6],["cc.Material",["_name","_techIdx","_states","_defines","_props"],-1,12],["cc.Prefab",["_name"],2],["cc.CompPrefabInfo",["fileId"],2],["cc.BlockInputEvents",["node","__prefab"],3,1,4],["71fabzF3opEC7aflYS0bVvC",["node","__prefab","lbLevel","lbPeople","lbDiamond","lbKey","progressBarCountdown","ndCountDown","ndInfo","ndPeople","ndContinueClick","ndFightNormal","pbNormalPlayerBlood","pbNormalEnemyBlood","pbNormalCrazyClick","ndFightBoss","pbPlayerBlood","pbBossBlood","ndArrow","ndScoreLight","lbScoreNum","aniScore","ndEnergyProgress","pbEnergy","spEnergyBar","ndHomePanel","ndContainer","sfEnergyNormal","sfEnergyColorful"],3,1,4,1,1,1,1,1,1,1,1,1,1,1,1,1,1,1,1,1,1,1,1,1,1,1,1,1,6,6],["cc.PrefabInfo",["fileId","instance","root","asset","targetOverrides","nestedPrefabInstanceRoots"],1,1,1,9,2],["cc.PrefabInfo",["fileId","nestedPrefabInstanceRoots","root","instance","targetOverrides","asset"],1,1,4,9,6],["cc.PrefabInfo",["fileId","instance","targetOverrides","nestedPrefabInstanceRoots","root","asset"],-1,1,1],["cc.TargetInfo",["localID"],2],["cc.PrefabInstance",["fileId","prefabRootNode"],2,1],["57f7dJs4OFFjqvuLSBXCPms",["node","__prefab","lbDiamondNum"],3,1,4,1],["cc.ClickEvent",["_componentId","handler","target"],1,1],["cc.LabelOutline",["node","__prefab"],3,1,4],["cc.MeshRenderer",["_name","node","__prefab","_materials","bakeSettings","_mesh"],2,1,4,3,4,6],["cc.ModelBakeSettings",[],3]],[[13,0,2],[18,0,1,2,3,4,5,5],[5,0,1,2,1],[19,0,2],[7,0,3,4,1,2,2],[2,4,5,6,1],[0,0,1,6,7,5,4,8,3],[0,0,1,6,5,4,8,3],[4,0,1,2,3,4,6,3],[5,0,1,1],[4,0,1,2,5,3,4,6,3],[5,0,1,2,3,1],[2,1,0,4,5,6,3],[0,0,1,6,7,5,4,3],[1,0,5,1,8,9,4],[0,0,1,6,5,4,3],[1,0,1,8,9,3],[1,0,5,6,1,2,3,4,8,9,8],[2,1,0,2,4,5,6,4],[2,0,4,5,6,2],[2,1,0,2,4,5,4],[23,0,1,1],[10,0,1,2,3,4,2],[3,0,1,2,6,7,8,9,5],[6,2,0,4,5,6,3],[11,0,1,2,3,4,5],[0,0,1,6,5,4,8,10,9,11,3],[1,0,3,4,8,9,4],[1,0,6,1,8,9,4],[2,1,0,4,5,3],[2,1,0,3,4,5,4],[22,0,1,2,3],[3,0,1,2,3,6,4,5,7,8,10,8],[6,1,0,4,5,6,3],[6,1,0,3,4,5,6,4],[24,0,1,2,3,4,5,2],[25,1],[12,0,2],[0,0,1,7,5,4,3],[0,2,3,6,4,3],[0,0,1,6,7,5,4,8,9,3],[0,0,1,6,7,5,4,8,10,11,3],[0,0,1,5,4,3],[0,0,1,6,5,4,8,9,3],[0,0,1,6,7,5,4,9,3],[0,0,1,6,5,4,10,9,11,3],[4,0,1,2,5,3,4,3],[1,0,2,7,8,9,4],[1,0,2,8,9,3],[1,8,9,1],[14,0,1,1],[15,0,1,2,3,4,5,6,7,8,9,10,11,12,13,14,15,16,17,18,19,20,21,22,23,24,25,26,27,28,1],[16,0,1,2,3,4,5,3],[17,0,1,2,3,4,5,3],[7,0,1,2,2],[20,0,1,2],[21,0,1,2,1],[8,1,2,3,4,1],[8,0,1,2,3,5,6,4,2],[9,0,1,2,5,6,4],[9,3,0,4,5,6,4],[10,1,2,3,1],[3,0,1,2,3,4,5,7,8,9,10,7],[3,0,1,2,3,7,8,5],[3,0,1,2,3,6,4,5,7,8,9,10,8]],[[[[25,"finger",1,[{"rasterizerState":{},"depthStencilState":{},"blendState":{"targets":[{}]}}],[{"USE_TEXTURE":true}],[[[{},"mainTexture",6,0]],11]]],0,0,[0,0],[5,6],[15,2]],[[[37,"parkourPanel"],[38,"parkourPanel",33554432,[-66,-67],[[2,-37,[0,"45omARoTpByIF8Kis8VpdA"],[5,720,1280]],[27,45,720,1280,-38,[0,"5aTIhOSYlCoZBQ880J7xpZ"]],[50,-39,[0,"48t/G8kR5E2okJ0NTxr3FK"]],[51,-65,[0,"344HBL15BJGqe4XazSMFsA"],-64,-63,-62,-61,-60,-59,-58,-57,-56,-55,-54,-53,-52,-51,-50,-49,-48,-47,-46,-45,-44,-43,-42,-41,-40,41,42]],[52,"calee8dulHlo1X6R6zcRfH",null,-36,0,[[4,["lbDiamond"],-3,[3,["e1GZqzAElPYag/O3UMUgVA"]],-2,[3,["2frm37uaJHQr0AEEaYyM82"]]],[4,["lbLevel"],-5,[3,["e1GZqzAElPYag/O3UMUgVA"]],-4,[3,["2frm37uaJHQr0AEEaYyM82"]]],[4,["ndLevelList"],-7,[3,["e1GZqzAElPYag/O3UMUgVA"]],-6,[3,["bcXGKAXVJM356Xy7co/WUc"]]],[4,["ndLineList"],-9,[3,["e1GZqzAElPYag/O3UMUgVA"]],-8,[3,["33ZB1BpjZLDJODOaTHdwtD"]]],[4,["ndLevelView"],-11,[3,["e1GZqzAElPYag/O3UMUgVA"]],-10,[3,["68RyBiBTpBzb8nYMkQXnFA"]]],[4,["spPayIconPowerHand"],-13,[3,["e1GZqzAElPYag/O3UMUgVA"]],-12,[3,["bdkBb94/1BpqVGcbf8lx9C"]]],[4,["spPayIconPowerKick"],-15,[3,["e1GZqzAElPYag/O3UMUgVA"]],-14,[3,["29mQLxJ+1HWbeznZMW4xI0"]]],[4,["ndHand"],-17,[3,["e1GZqzAElPYag/O3UMUgVA"]],-16,[3,["29qxZMlJVJhr6aHmA1VLd4"]]],[4,["ndKick"],-19,[3,["e1GZqzAElPYag/O3UMUgVA"]],-18,[3,["95du0IIoVCrpYhaywpHnM+"]]],[4,["ndHandTip"],-21,[3,["e1GZqzAElPYag/O3UMUgVA"]],-20,[3,["86AqX/CbtAPoVPbg7ZiBIp"]]],[4,["ndKickTip"],-23,[3,["e1GZqzAElPYag/O3UMUgVA"]],-22,[3,["8aDD8dJr5G6aIEAGWyuawX"]]],[4,["ndHandVideo"],-25,[3,["e1GZqzAElPYag/O3UMUgVA"]],-24,[3,["63LhkzhjhD8LARD9w/fhS8"]]],[4,["ndKickVideo"],-27,[3,["e1GZqzAElPYag/O3UMUgVA"]],-26,[3,["454BL9ANJMtqaUgQI+tWH/"]]],[4,["ndHandPrice"],-29,[3,["e1GZqzAElPYag/O3UMUgVA"]],-28,[3,["33RTpaWwNCCYuS//ic+9d7"]]],[4,["ndKickPrice"],-31,[3,["e1GZqzAElPYag/O3UMUgVA"]],-30,[3,["1dhtAJENJANLPz0Ug9loWb"]]],[4,["ndHandDesc"],-33,[3,["e1GZqzAElPYag/O3UMUgVA"]],-32,[3,["853wBzzWRJq7Da+Ba21Oef"]]],[4,["ndKickDesc"],-35,[3,["e1GZqzAElPYag/O3UMUgVA"]],-34,[3,["35NVoQ/INAPpeopf5rE4DC"]]]],[-1]]],[39,0,{},1,[53,"15+59gaEJIEb2xBI7Je706",null,-69,[55,"50IjtsjMFHCpk8xbNHVHVv",1],[[54,["lbDiamond"],-68,[3,["2frm37uaJHQr0AEEaYyM82"]]]],0]],[13,"container",33554432,1,[-72,-73,-74,-75,-76,-77,-78,-79],[[2,-70,[0,"56fGOEls9NprmGf0/pA0hn"],[5,720,1280]],[27,45,720,1280,-71,[0,"3ev6zvKkZH6Y3v/X8rsliH"]]],[1,"4cIFBkJ7lAvY7oTkWfi658",null,null,null,1,0]],[6,"diamond",33554432,2,[-87,-88],[[11,-80,[0,"fd+nngvKVOlYYI3g7r9Nfm"],[5,150,37],[0,0,0.5]],[12,1,0,-81,[0,"0fhXtppl5LYZo+MGpPlNry"],2],[14,9,38.99999999999997,178.02499999999998,-82,[0,"8f8sYSgjZAIL5CqLgBPjFw"]],[56,-84,[0,"a09x/3nYNIFq/KBfhNNRwI"],-83],[57,-86,[0,"f1cza3jHJCmp9Idd1CELPs"],[[31,"57f7dJs4OFFjqvuLSBXCPms","onDiamondIconClick",-85]],3]],[1,"3d+aL8X9pLuYnBNQ9LHJY4",null,null,null,1,0],[1,-321,443.475,0]],[6,"info",33554432,3,[-92,-93,-94],[[9,-89,[0,"c1V4XGlklHm7aAkFl363mY"]],[14,9,45.51000000000005,339.424,-90,[0,"c8vk7t5PJOQbz6t8SbSV6W"]],[59,2,42,true,-91,[0,"c6OaqI6OxEKrWJqBnXqNWg"]]],[1,"5esTfQjFJLDowHY8kZjlTx",null,null,null,1,0],[1,-264.48999999999995,250.57600000000002,0]],[6,"countDown",33554432,3,[-97,-98,-99],[[9,-95,[0,"64XELnASNO0b9eD2HQtAwG"]],[16,17,204.964,-96,[0,"cdaJBd6/BCRZQheZH8lBuB"]]],[1,"f5zJUulz5DUb4R67NhjB95",null,null,null,1,0],[1,0,385.036,0]],[13,"fightNormal",33554432,3,[-102,-103,-104],[[9,-100,[0,"4baHYHVGBMwIlcT8fR7f4N"]],[17,45,310,310,590,590,100,100,-101,[0,"f8FdssqD5BeYxtiomDB2GM"]]],[1,"2e1NdKSzZHf6Pbajnhpnc0",null,null,null,1,0]],[10,"progressBarCrazyClick",33554432,7,[-109,-110],[[[2,-105,[0,"0a4TUb2bBHBa3wO6MCw2d2"],[5,440,40]],[18,3,0,1,-106,[0,"e3LBidlN9MdpNxB8lzYZv7"],24],-107,[47,20,-407.913,15.261,-108,[0,"c4OMGx/PtCc76EFZTV3Uiq"]]],4,4,1,4],[1,"13fywp5bFMqaNND1PQrPWp",null,null,null,1,0],[1,15.261,-437.913,0]],[13,"fightBoss",33554432,3,[-113,-114,-115],[[9,-111,[0,"7cxB+TWKBA96MCnf2Yagut"]],[17,45,310,310,590,590,100,100,-112,[0,"87oyZzXeBEaJuHqpYNQnUp"]]],[1,"46RdEWMgFMtLo24DyV9qtY",null,null,null,1,0]],[6,"people",33554432,5,[-118,-119],[[2,-116,[0,"f7NISe7HdAD68SLfhnddy8"],[5,105,44]],[5,-117,[0,"e71ctEmpxFC4KlSYRZNz/a"],5]],[1,"8cjGDPD/9JSqaSqWxKKR6u",null,null,null,1,0],[1,0,28,0]],[10,"level",33554432,3,[-124],[[[2,-120,[0,"c68UOAlNhN171Umca6yVvF"],[5,188.08,58]],-121,[16,17,120,-122,[0,"a8A1s67DVETbGABXWhVSwB"]],[21,-123,[0,"fe9aUaiMpE07aozLyF1NVN"]]],4,1,4,4],[1,"b6J+vNEL5N9oW6+pLSSDFi",null,null,null,1,0],[1,0,491,0]],[6,"continueClick",33554432,3,[-127,-128],[[2,-125,[0,"b0ufPpOnRP/J1NS85SxiGh"],[5,105,112]],[48,20,375.89300000000003,-126,[0,"03byYHEuRHbbpir0BEpfcj"]]],[1,"e79URF2A1NtqUKjcWzQQxO",null,null,null,1,0],[1,0,-208.10699999999997,0]],[40,"scoreLight",33554432,3,[-131,-132],[[9,-129,[0,"32J0MmE2FBFqIIotEDvZSo"]],[17,17,310,310,382.78200000000004,590,100,100,-130,[0,"20XJ4n3ohAwqYUo9ZLS7Mq"]]],[1,"e3axWe0I9L7aRvTZdqcnov",null,null,null,1,0],[1,0,227.21799999999996,0],[1,0.6,0.6,1]],[46,"score",33554432,13,[-136,-137],[[[2,-133,[0,"e8EysJmCZNnpCmdxcercuz"],[5,221.24,100]],[60,1,1,10,-134,[0,"68ynXC2TpP1p3iMVuhLnav"]],-135],4,4,1],[1,"50ZAWBJnlDvoUmJpzRUemz",null,null,null,1,0]],[6,"energyProgress",33554432,3,[-140,-141],[[9,-138,[0,"51/VpaBvlMNq5P0DF2fwPJ"]],[16,17,194.65800000000002,-139,[0,"cdaJBd6/BCRZQheZH8lBuB"]]],[1,"77nOO0p6BEuaKwm+vM0H4Q",null,null,null,1,0],[1,0,395.342,0]],[6,"diamond",33554432,5,[-144,-145],[[2,-142,[0,"f7NISe7HdAD68SLfhnddy8"],[5,105,44]],[5,-143,[0,"e71ctEmpxFC4KlSYRZNz/a"],7]],[1,"823yo5Wu1L7I694/vHS0hi",null,null,null,1,0],[1,0,-58,0]],[6,"key",33554432,5,[-148,-149],[[2,-146,[0,"f7NISe7HdAD68SLfhnddy8"],[5,105,44]],[5,-147,[0,"e71ctEmpxFC4KlSYRZNz/a"],9]],[1,"24VXywy9hA/q0UJB9xk7dy",null,null,null,1,0],[1,0,-144,0]],[10,"progressBarCountdown",33554432,6,[-153],[[[2,-150,[0,"0a4TUb2bBHBa3wO6MCw2d2"],[5,440,38]],[18,3,0,1,-151,[0,"e3LBidlN9MdpNxB8lzYZv7"],11],-152],4,4,1],[1,"e0FaFGA+5LYLsltVfSFdsI",null,null,null,1,0],[1,14.894,-0.61,0]],[6,"player",33554432,7,[-156,-157],[[9,-154,[0,"a4QPj3CBJAvY3bRVLOCtib"]],[14,9,-280,-393,-155,[0,"009e1xKkdIa5zbZqa0QAGf"]]],[1,"9bfaw89TNBFISblI3UQAL7",null,null,null,1,0],[1,-280,393,0]],[10,"progressBarPlayerBlood",33554432,19,[-161],[[[2,-158,[0,"0a4TUb2bBHBa3wO6MCw2d2"],[5,170,38]],[12,1,0,-159,[0,"e3LBidlN9MdpNxB8lzYZv7"],20],-160],4,4,1],[1,"a93SeFNN1KqL/cnlxv0ZbP",null,null,null,1,0],[1,132,-3.2,0]],[6,"enemy",33554432,7,[-164,-165],[[9,-162,[0,"57pyZtG9tHW5KGjBhmKo5R"]],[28,33,-280,-393,-163,[0,"43dH+XXqlBFIiddKd/IqJ8"]]],[1,"99zsAD9K1DL4nshwPvvjjG",null,null,null,1,0],[1,280,393,0]],[10,"progressBarEnemyBlood",33554432,21,[-169],[[[2,-166,[0,"50YHKRrDZNa5nVtMCapHsN"],[5,170,38]],[12,1,0,-167,[0,"4a5FfoFFJI6L31849lH8EV"],22],-168],4,4,1],[1,"25ILIEWORIlpxwHeTVIwvp",null,null,null,1,0],[1,-132,-3.2,0]],[6,"player",33554432,9,[-172,-173],[[9,-170,[0,"ebfOfvySpM+7SEY72zRq6X"]],[14,9,-280,-393,-171,[0,"63RZNeaHhERZWyebRjsJxH"]]],[1,"4bSqGpSodPlIz7zC4aovFr",null,null,null,1,0],[1,-280,393,0]],[10,"progressBarPlayerBlood",33554432,23,[-177],[[[2,-174,[0,"c2ICD0ygRJY7lHQ7XmQRnD"],[5,170,38]],[12,1,0,-175,[0,"6drLMc661M94qSIX/cc104"],26],-176],4,4,1],[1,"631YNWzRBBEr5Tp3pdUEuK",null,null,null,1,0],[1,132,-3.2,0]],[6,"enemy",33554432,9,[-180,-181],[[9,-178,[0,"a1lezwHHtBnYjEgMzv6r3j"]],[28,33,-280,-393,-179,[0,"75GntaiCFOILJ4DgFsqend"]]],[1,"83AKI8rflKrZ3D7BS8XVJV",null,null,null,1,0],[1,280,393,0]],[10,"progressBarBossBlood",33554432,25,[-185],[[[2,-182,[0,"034LtbXnJNAYyU4x2autTp"],[5,170,38]],[12,1,0,-183,[0,"2fSS/DY0tLgYUVVtCTfXmy"],28],-184],4,4,1],[1,"9dFW3KM55BVbpm1UUyj3fA",null,null,null,1,0],[1,-132,-3.2,0]],[13,"arrow",33554432,9,[-187,-188],[[22,true,-186,[0,"12ZbMg4U9HjJJujFbC7348"],[31],32]],[1,"b7lpJVO+hAEJAkKLIyK3Ik",null,null,null,1,0]],[10,"progressBarEnergy",33554432,15,[-192],[[[2,-189,[0,"711oYcQUtLgJnp58Al3DoS"],[5,501,58]],[18,3,2,1,-190,[0,"e4ThGLxLZIVqGjTjO5EfRZ"],38],-191],4,4,1],[1,"5dFTVrSBlIUaXENWXvoo0j",null,null,null,1,0],[1,14.894000000000005,0,0]],[7,"btnDebug",33554432,11,[[2,-193,[0,"dc210SwKlG9JaQ5rjTcc9h"],[5,130,70]],[58,3,-195,[0,"71EZvD1alHzrB8mXe+NwD8"],[[31,"71fabzF3opEC7aflYS0bVvC","onBtnDebugClick",1]],[4,4292269782],-194,10]],[1,"ecDxowb2NB+aufMoF5NNZ3",null,null,null,1,0],[1,0.043000000000006366,0,0]],[41,"point",33554432,12,[-197,-198],[[22,true,-196,[0,"85S1g7R/NII4hBITUuiCSD"],[17],18]],[1,"48qLMGvOtKMabnrTF8lxDJ",null,null,null,1,0],[1,-2.502,37.804,0],[3,1,0,0,6.123233995736766e-17],[1,180,0,0]],[42,"winLight",33554432,[[2,-199,[0,"88x/rmuPRCFJsWtY14BvGf"],[5,327,300]],[19,0,-200,[0,"aaP6Fe9WFFXINocgRLgQV+"],33],[22,true,-201,[0,"bbX+ait2dMd6WXb01X6TQK"],[34,35],36]],[1,"16GimssZ5G+p49lC6HmOHY",null,null,null,1,0]],[7,"multiSign",33554432,14,[[2,-202,[0,"c68UOAlNhN171Umca6yVvF"],[5,75,161.2]],[62,"x",130,130,120,true,5,-203,[0,"2frm37uaJHQr0AEEaYyM82"],[4,4294951424],[4,4294967295]],[21,-204,[0,"c3D2Fq/NZNaqVctXylOInO"]]],[1,"09iJXfJtBNIoH5Js3psUD1",null,null,null,1,0],[1,-73.12,13,0]],[8,"num",33554432,14,[[[2,-205,[0,"c68UOAlNhN171Umca6yVvF"],[5,136.24,130]],-206,[21,-207,[0,"93dSfoAmBKAJ4zPNNpbyJK"]]],4,1,4],[1,"ff3RYg745EPJ8P2bJwI7lG",null,null,null,1,0],[1,42.5,0,0]],[6,"fightImgLine",33554432,15,[-210],[[2,-208,[0,"02CgqUXJ5MLY6NYtQzHyw/"],[5,7,99]],[19,2,-209,[0,"05PQ+ARy5Bs5yZeDtPPwYw"],40]],[1,"aa+hN/f01JYrceeUq7EB7l",null,null,null,1,0],[1,182.561,-3.732,0]],[7,"icon",33554432,4,[[2,-211,[0,"f7NISe7HdAD68SLfhnddy8"],[5,58,71]],[5,-212,[0,"e71ctEmpxFC4KlSYRZNz/a"],1]],[1,"7bbwhF3XdPhYIL8+dVcA8+",null,null,null,1,0],[1,17.063,0,0]],[8,"num",33554432,4,[[[2,-213,[0,"c68UOAlNhN171Umca6yVvF"],[5,80.28,58]],-214],4,1],[1,"84saosrW5BiKe/ztMBycgb",null,null,null,1,0],[1,59.639,0,0]],[7,"icon",33554432,10,[[2,-215,[0,"f7NISe7HdAD68SLfhnddy8"],[5,56,79]],[5,-216,[0,"e71ctEmpxFC4KlSYRZNz/a"],4]],[1,"74A2HjSUZDJKWZG58QDghQ",null,null,null,1,0],[1,-34.716,5.736,0]],[8,"num",33554432,10,[[[2,-217,[0,"c68UOAlNhN171Umca6yVvF"],[5,33.36,40]],-218],4,1],[1,"fbyEtBOkZO3oMa4rtIJmoH",null,null,null,1,0],[1,12.466,0,0]],[7,"icon",33554432,16,[[2,-219,[0,"f7NISe7HdAD68SLfhnddy8"],[5,58,71]],[19,2,-220,[0,"e71ctEmpxFC4KlSYRZNz/a"],6]],[1,"96JgeFq8xHook5DjXWEukW",null,null,null,1,0],[1,-34.716,-2.868,0]],[8,"num",33554432,16,[[[2,-221,[0,"c68UOAlNhN171Umca6yVvF"],[5,33.36,40]],-222],4,1],[1,"b4Rb7LNpVNmLM6nJxNvCjB",null,null,null,1,0],[1,12.466,0,0]],[7,"icon",33554432,17,[[2,-223,[0,"f7NISe7HdAD68SLfhnddy8"],[5,62,69]],[5,-224,[0,"e71ctEmpxFC4KlSYRZNz/a"],8]],[1,"47TFZa70lOirC2MG2YmlOq",null,null,null,1,0],[1,-34.716,-8.604,0]],[8,"num",33554432,17,[[[2,-225,[0,"c68UOAlNhN171Umca6yVvF"],[5,33.36,40]],-226],4,1],[1,"eaAWU5buVG8ppvTU872sih",null,null,null,1,0],[1,12.466,0,0]],[8,"Bar",33554432,18,[[[11,-227,[0,"80SdIywIVFupwJOwCni0ux"],[5,430,28],[0,0,0.5]],-228],4,1],[1,"14JyZkvodM4JVyZZ7QdDz8",null,null,null,1,0],[1,-215,0,0]],[7,"timerIcon",33554432,6,[[2,-229,[0,"f7NISe7HdAD68SLfhnddy8"],[5,69,65]],[5,-230,[0,"e71ctEmpxFC4KlSYRZNz/a"],12]],[1,"d8fyb20/hEQpXsXQ//jWGd",null,null,null,1,0],[1,-255.48,4.914,0]],[7,"rewardScore",33554432,6,[[9,-231,[0,"64RKNLjlZDd6wiCArA4qla"]],[49,-232,[0,"eaRknZfUlFcJ7R79Q9AoY9"]]],[1,"0cWF3AGMxOwYCld6qcbjUs",null,null,null,1,0],[1,0,-147.96900000000005,0]],[7,"tip",33554432,12,[[2,-233,[0,"c68UOAlNhN171Umca6yVvF"],[5,225,75.6]],[63,"不断点击！",45,45,60,-234,[0,"2frm37uaJHQr0AEEaYyM82"]]],[1,"0covSO2TtCeZd8Jkvc3NGy",null,null,null,1,0],[1,31.341,-106.64,0]],[15,"icon",33554432,19,[[2,-235,[0,"e4/GRHqXhOSodycnOCRcvj"],[5,65,65]],[5,-236,[0,"66nevA47NGYqKkH2K9K15L"],19]],[1,"79RXL897VFbasKm3JPRLgU",null,null,null,1,0]],[8,"Bar",33554432,20,[[[11,-237,[0,"80SdIywIVFupwJOwCni0ux"],[5,80,28],[0,0,0.5]],-238],4,1],[1,"baWoNtGohK+rlUnptX5c4T",null,null,null,1,0],[1,-80,0,0]],[7,"icon",33554432,21,[[2,-239,[0,"9f/b2hEedIxrToeEAOoIfs"],[5,59,54]],[5,-240,[0,"08o9bXD45ApqyfL7ROvkLw"],21]],[1,"71I3UVavtKSJg+E+T3UHTR",null,null,null,1,0],[1,-13.536,7.219,0]],[8,"Bar",33554432,22,[[[11,-241,[0,"49XozMaXpGnJqBEwmbBKmD"],[5,80,28],[0,1,0.5]],-242],4,1],[1,"28h+uHrgVAYKb4hvN1JGEi",null,null,null,1,0],[1,80,0,0]],[8,"Bar",33554432,8,[[[11,-243,[0,"80SdIywIVFupwJOwCni0ux"],[5,430,30],[0,0,0.5]],-244],4,1],[1,"6eVZajrYROmpED/09EQu4Y",null,null,null,1,0],[1,-215,0,0]],[7,"icon",33554432,8,[[2,-245,[0,"f7NISe7HdAD68SLfhnddy8"],[5,113,124]],[5,-246,[0,"e71ctEmpxFC4KlSYRZNz/a"],23]],[1,"bdQW//u7pBAYKuIZIK6Qig",null,null,null,1,0],[1,-286.903,0,0]],[15,"icon",33554432,23,[[2,-247,[0,"e46ZGQE59GdaJk32fPPH+O"],[5,65,65]],[5,-248,[0,"408RiE9BVMaZu5Sy5lJLui"],25]],[1,"f0iVRn4lhJbYA/ejCjHGW6",null,null,null,1,0]],[8,"Bar",33554432,24,[[[11,-249,[0,"73TDYYwfRPZrTBUOAn7pCV"],[5,80,28],[0,0,0.5]],-250],4,1],[1,"3fWsKI8KJAsaryCpcob9lu",null,null,null,1,0],[1,-80,0,0]],[15,"icon",33554432,25,[[2,-251,[0,"39jfy+QlFF6Z92XWPJxCrF"],[5,59,54]],[5,-252,[0,"29YJymX1VP57jfcXtQSGvu"],27]],[1,"c0HKtf4WZL6LSi/C2LYRtf",null,null,null,1,0]],[8,"Bar",33554432,26,[[[11,-253,[0,"eetUuDG35PRaHri7EedFsX"],[5,80,28],[0,1,0.5]],-254],4,1],[1,"cbVroHoxFEnr6ajPBAOPkn",null,null,null,1,0],[1,80,0,0]],[43,"arrow01",33554432,27,[[2,-255,[0,"29TJQ34TVJ0rraKMUyD/fI"],[5,303,70]],[5,-256,[0,"434ro0rfFM4YkkThA8CDVM"],29]],[1,"cfTbHpYIpMaqCeBJFovQop",null,null,null,1,0],[1,190,0,0],[1,0.6,0.6,1]],[26,"arrow02",33554432,27,[[2,-257,[0,"a2T4EbT9NK1rufeAvGD0Yr"],[5,303,70]],[5,-258,[0,"7525pflRJFoaJRfjBM4vbn"],30]],[1,"e9JU9/LRxIgqFXm4QP9qEu",null,null,null,1,0],[1,-190,0,0],[3,0,1,0,6.123233995736766e-17],[1,0.6,0.6,1],[1,0,180,0]],[44,"light",33554432,13,[31],[[9,-259,[0,"b2c60qad1FDarLxGK7DfkC"]]],[1,"15B+di3hZDtJ9qfFQ1JbT6",null,null,null,1,0],[1,1.5,1.5,1.5]],[8,"Bar",33554432,28,[[[11,-260,[0,"ecv5v8YzdMG5YLH5ZdRlNe"],[5,491,48],[0,0,0.5]],-261],4,1],[1,"240//2qxVNUIqPe8loIFEr",null,null,null,1,0],[1,-245.138,0,0]],[20,3,2,0.833,60,[0,"2bEXT3iq1KhYrVckX0nKme"]],[7,"fightIconStar",33554432,34,[[2,-262,[0,"1ejZXopAlM3YOOZetyuOLK"],[5,62,59]],[5,-263,[0,"878PfulsJGtqvBQZ53e+ct"],39]],[1,"2aYB1fFylKHbakmuGZ+htj",null,null,null,1,0],[1,0,59.582,0]],[32,"9999",19.9,19.9,50,2,true,4,36,[0,"2frm37uaJHQr0AEEaYyM82"],[4,4282335042]],[23,"99",30,30,2,38,[0,"2frm37uaJHQr0AEEaYyM82"],[4,4281940297]],[23,"99",30,30,2,40,[0,"2frm37uaJHQr0AEEaYyM82"],[4,4281940297]],[23,"99",30,30,2,42,[0,"2frm37uaJHQr0AEEaYyM82"],[4,4281940297]],[32,"\b第1关",46,46,50,2,true,4,11,[0,"2frm37uaJHQr0AEEaYyM82"],[4,4282335042]],[20,3,0,1,43,[0,"e00niSjJdHzqQfr6Uq+1as"]],[24,2,1,18,[0,"3f/uAXDzRCkYMASuN3GC61"],68],[45,"pointLight",33554432,30,[[35,"Plane<ModelComponent>",-264,[0,"e0uHCYkZ1D1I9glcT6oLf2"],[13],[36],14]],[1,"8fGY60V/NAJpPRlhte8lg7",null,null,null,1,0],[3,0.7071067811865476,0,0,-0.7071067811865475],[1,10,10,10],[1,270,0,0]],[26,"finger",33554432,30,[[35,"Plane<ModelComponent>",-265,[0,"e0uHCYkZ1D1I9glcT6oLf2"],[15],[36],16]],[1,"b2Y29TNJtBP7Bn8PKP1qAX",null,null,null,1,0],[1,42.305,39.607,0],[3,-0.7071067811865475,0,0,0.7071067811865476],[1,10,10,10],[1,-90,0,0]],[29,1,0,48,[0,"e00niSjJdHzqQfr6Uq+1as"]],[33,160,0.5,20,[0,"3f/uAXDzRCkYMASuN3GC61"],72],[30,1,0,1,50,[0,"f2bVBadFhNQbT9pHC7VmK0"]],[34,160,0.5,true,22,[0,"a6dWrjm1ZOQr902tYnfFR+"],74],[20,3,0,1,51,[0,"e00niSjJdHzqQfr6Uq+1as"]],[24,2,1,8,[0,"3f/uAXDzRCkYMASuN3GC61"],76],[29,1,0,54,[0,"47LCBNORdIPIt+ioQ4QYj1"]],[33,160,0.5,24,[0,"56H9uFEWxLT650KvfGqiRA"],78],[30,1,0,1,56,[0,"52r7LzEWBFFZ3UJPyN1J0q"]],[34,160,0.5,true,26,[0,"87yAW3qkBNboBAyaAftoq8"],80],[64,"25",100,100,120,2,true,5,33,[0,"2frm37uaJHQr0AEEaYyM82"],[4,4294951424],[4,4294967295]],[61,14,[0,"449SJDcPRBb7XWoUy1Rszr"],[37]],[24,2,0.833,28,[0,"aeqsPa0AZKh4wjb/znMpA6"],61]],0,[0,-1,2,0,2,2,0,3,2,0,2,2,0,3,2,0,2,2,0,3,2,0,2,2,0,3,2,0,2,2,0,3,2,0,2,2,0,3,2,0,2,2,0,3,2,0,2,2,0,3,2,0,2,2,0,3,2,0,2,2,0,3,2,0,2,2,0,3,2,0,2,2,0,3,2,0,2,2,0,3,2,0,2,2,0,3,2,0,2,2,0,3,2,0,2,2,0,3,2,0,2,2,0,3,2,0,7,1,0,0,1,0,0,1,0,0,1,0,10,3,0,11,2,0,12,61,0,13,84,0,14,15,0,15,83,0,16,82,0,17,13,0,18,27,0,19,81,0,20,79,0,21,9,0,22,77,0,23,75,0,24,73,0,25,7,0,26,12,0,27,10,0,28,5,0,29,6,0,30,69,0,31,66,0,32,65,0,33,64,0,34,67,0,0,1,0,-1,2,0,-2,3,0,2,4,0,7,2,0,0,3,0,0,3,0,-1,5,0,-2,11,0,-3,6,0,-4,12,0,-5,7,0,-6,9,0,-7,13,0,-8,15,0,0,4,0,0,4,0,0,4,0,35,63,0,0,4,0,2,4,0,0,4,0,-1,35,0,-2,36,0,0,5,0,0,5,0,0,5,0,-1,10,0,-2,16,0,-3,17,0,0,6,0,0,6,0,-1,18,0,-2,44,0,-3,45,0,0,7,0,0,7,0,-1,19,0,-2,21,0,-3,8,0,0,8,0,0,8,0,-3,77,0,0,8,0,-1,51,0,-2,52,0,0,9,0,0,9,0,-1,23,0,-2,25,0,-3,27,0,0,10,0,0,10,0,-1,37,0,-2,38,0,0,11,0,-2,67,0,0,11,0,0,11,0,-1,29,0,0,12,0,0,12,0,-1,46,0,-2,30,0,0,13,0,0,13,0,-1,59,0,-2,14,0,0,14,0,0,14,0,-3,83,0,-1,32,0,-2,33,0,0,15,0,0,15,0,-1,28,0,-2,34,0,0,16,0,0,16,0,-1,39,0,-2,40,0,0,17,0,0,17,0,-1,41,0,-2,42,0,0,18,0,0,18,0,-3,69,0,-1,43,0,0,19,0,0,19,0,-1,47,0,-2,20,0,0,20,0,0,20,0,-3,73,0,-1,48,0,0,21,0,0,21,0,-1,49,0,-2,22,0,0,22,0,0,22,0,-3,75,0,-1,50,0,0,23,0,0,23,0,-1,53,0,-2,24,0,0,24,0,0,24,0,-3,79,0,-1,54,0,0,25,0,0,25,0,-1,55,0,-2,26,0,0,26,0,0,26,0,-3,81,0,-1,56,0,0,27,0,-1,57,0,-2,58,0,0,28,0,0,28,0,-3,84,0,-1,60,0,0,29,0,36,29,0,0,29,0,0,30,0,-1,70,0,-2,71,0,0,31,0,0,31,0,0,31,0,0,32,0,0,32,0,0,32,0,0,33,0,-2,82,0,0,33,0,0,34,0,0,34,0,-1,62,0,0,35,0,0,35,0,0,36,0,-2,63,0,0,37,0,0,37,0,0,38,0,-2,64,0,0,39,0,0,39,0,0,40,0,-2,65,0,0,41,0,0,41,0,0,42,0,-2,66,0,0,43,0,-2,68,0,0,44,0,0,44,0,0,45,0,0,45,0,0,46,0,0,46,0,0,47,0,0,47,0,0,48,0,-2,72,0,0,49,0,0,49,0,0,50,0,-2,74,0,0,51,0,-2,76,0,0,52,0,0,52,0,0,53,0,0,53,0,0,54,0,-2,78,0,0,55,0,0,55,0,0,56,0,-2,80,0,0,57,0,0,57,0,0,58,0,0,58,0,0,59,0,0,60,0,-2,61,0,0,62,0,0,62,0,0,70,0,0,71,0,37,1,31,38,59,265],[0,0,0,0,0,0,0,0,0,0,0,0,0,0,0,0,0,0,0,0,0,0,0,0,0,0,0,0,0,0,0,0,0,0,0,0,0,0,0,0,0,0,0,68,72,74,76,78,80,83,61],[39,1,1,8,1,1,1,1,1,1,8,1,1,-1,9,-1,9,-1,4,1,1,1,1,1,1,1,1,1,1,1,1,-1,4,1,-1,-2,4,-1,1,1,1,40,41,1,1,1,1,1,1,4,1],[16,3,0,0,17,0,3,0,18,0,19,20,21,22,4,23,4,5,5,6,1,7,1,24,25,6,1,7,1,8,8,9,9,26,10,27,10,11,28,29,30,12,31,32,13,14,33,13,14,11,12]],[[[25,"point",1,[{"rasterizerState":{},"depthStencilState":{},"blendState":{"targets":[{}]}}],[{"USE_TEXTURE":true}],[[[{},"mainTexture",6,0]],11]]],0,0,[0,0],[5,6],[34,2]]]]
