[1,["47uqfAoqRD5ojpblK2w9vu","f0I90iN0NIRIL3I8HXciuY@5cb85","37qs/78ExOQ5rQaKWqO7fg","f0I90iN0NIRIL3I8HXciuY@83f39","f0I90iN0NIRIL3I8HXciuY@b138d","03NUHRVNZHi52UMUwFa75e@6c48a","1brw/JvvpFnIvdrxpFCgMZ"],["node","_mesh","_material","root","data","mainTexture","_effectAsset"],[["cc.Node",["_name","_prefab","_children","_parent","_components","_lrot","_lscale","_euler"],2,4,2,1,9,5,5,5],["cc.MeshRenderer",["_enabled","node","__prefab","_materials","bakeSettings","_mesh"],2,1,4,3,4,6],["cc.MeshCollider",["_convex","node","__prefab","_mesh"],2,1,4,6],["cc.Prefab",["_name"],2],["cc.PrefabInfo",["fileId","instance","targetOverrides","nestedPrefabInstanceRoots","root","asset"],-1,1,1],["cc.CompPrefabInfo",["fileId"],2],["cc.ModelBakeSettings",[],3],["cc.RigidBody",["_group","_type","node","__prefab"],1,1,4],["cc.BoxCollider",["node","__prefab","_center","_size","_material"],3,1,4,5,5,6],["cc.PhysicsMaterial",["_friction","_rollingFriction","_spinningFriction"],0],["cc.Material",["_name","_states","_defines","_props"],0,12],["cc.Mesh",["_native","_hash","_struct"],1,11]],[[5,0,2],[4,0,1,2,3,4,5,5],[0,0,3,4,1,5,6,7,2],[6,1],[1,1,2,3,4,5,1],[11,0,1,2,3],[8,0,1,2,3,4,1],[3,0,2],[0,0,2,1,2],[0,0,3,2,1,2],[1,0,1,2,3,4,5,2],[2,1,2,3,1],[2,0,1,2,3,2],[7,0,1,2,3,3],[9,0,1,2,4],[10,0,1,2,3,4]],[[[[7,"road03"],[8,"road03",[-2],[1,"9aTu4Lb6pEAoff0MziG/bb",null,null,null,-1,0]],[9,"RootNode",1,[-3,-4,-5,-6],[1,"84p8mgtCNKw6J2JV1axPho",null,null,null,1,0]],[2,"road03A-001",2,[[10,false,-7,[0,"98yGYeUu9GQbum0Sr3mZmX"],[9],[3],10],[11,-8,[0,"b2n1mfZNZDCY7uKO7LnpD4"],11],[13,16,2,-9,[0,"f0vATGo+tMEqJBnFClGafX"]]],[1,"2fhX+KtsVC/bPQpJvf4lV+",null,null,null,1,0],[3,-0.7071067811865476,0,0,0.7071067811865476],[1,2.53999996185303,2.53999996185303,2.53999996185303],[1,-90.00000000000003,0,0]],[2,"road03C",2,[[4,-10,[0,"57yjdtOrdKCa1BCjsViGhl"],[0],[3],1],[6,-11,[0,"64A6lXATJMNa+aoEb53Shg"],[1,0.187,1.38,0.6],[1,0.02,2.755,0.7],2]],[1,"4ey0s3tSNJqJUqzXIlGfQM",null,null,null,1,0],[3,-0.7071067811865476,0,0,0.7071067811865476],[1,2.53999996185303,2.53999996185303,2.53999996185303],[1,-90.00000000000003,0,0]],[2,"road03A",2,[[4,-12,[0,"99fPkstp1HwZv987cqbeH/"],[3],[3],4],[12,true,-13,[0,"073+1SOnpOor3T+y5Ljia9"],5]],[1,"e1F0egk5FLvKY2ZyrBZeLO",null,null,null,1,0],[3,-0.7071067811865476,0,0,0.7071067811865476],[1,2.53999996185303,2.53999996185303,2.53999996185303],[1,-90.00000000000003,0,0]],[2,"road03B",2,[[4,-14,[0,"7cdS4bSUVBc5nIbWhGnnA7"],[6],[3],7],[6,-15,[0,"64A6lXATJMNa+aoEb53Shg"],[1,-0.187,1.38,0.6],[1,0.02,2.755,0.7],8]],[1,"df/LYPkTtDUos6+/HwdPOq",null,null,null,1,0],[3,-0.7071067811865476,0,0,0.7071067811865476],[1,2.53999996185303,2.53999996185303,2.53999996185303],[1,-90.00000000000003,0,0]]],0,[0,3,1,0,-1,2,0,-1,4,0,-2,5,0,-3,6,0,-4,3,0,0,3,0,0,3,0,0,3,0,0,4,0,0,4,0,0,5,0,0,5,0,0,6,0,0,6,0,4,1,15],[0,0,0,0,0,0,0,0,0,0,0,0],[-1,1,2,-1,1,1,-1,1,2,-1,1,1],[0,3,2,0,1,1,0,4,2,0,1,1]],[[[14,0.1,0.1,0.1]],0,0,[],[],[]],[[[15,"road",[{"rasterizerState":{},"depthStencilState":{},"blendState":{"targets":[{}]}},{},{}],[{"USE_INSTANCING":true,"USE_ALBEDO_MAP":true},{},{}],[[[{"occlusion":-1,"roughness":1,"metallic":0.1},"mainTexture",6,0],{},{}],11,0,0]]],0,0,[0,0],[5,6],[5,6]],[[[5,".bin",2660550130,[{"primitives":[{"primitiveMode":7,"vertexBundelIndices":[0],"indexView":{"offset":5760,"length":648,"count":324,"stride":2}}],"vertexBundles":[{"view":{"offset":0,"length":5760,"count":120,"stride":48},"attributes":[{"name":"a_position","format":32,"isNormalized":false},{"name":"a_normal","format":32,"isNormalized":false},{"name":"a_texCoord","format":21,"isNormalized":false},{"name":"a_tangent","format":44,"isNormalized":false}]}]},"minPosition",8,[1,-0.19685117900371552,-9.155273232863692e-7,-0.00014200514124240726],"maxPosition",8,[1,0.19685018062591553,2.7559056282043457,0.59055095911026]]],-1],0,0,[],[],[]],[[[5,".bin",2760744539,[{"primitives":[{"primitiveMode":7,"vertexBundelIndices":[0],"indexView":{"offset":24576,"length":5304,"count":2652,"stride":2}}],"vertexBundles":[{"view":{"offset":0,"length":24576,"count":512,"stride":48},"attributes":[{"name":"a_position","format":32,"isNormalized":false},{"name":"a_normal","format":32,"isNormalized":false},{"name":"a_texCoord","format":21,"isNormalized":false},{"name":"a_tangent","format":44,"isNormalized":false}]}]},"minPosition",8,[1,0.1771654337644577,-9.155273232863692e-7,-0.00014200514124240726],"maxPosition",8,[1,0.19685029983520508,2.7559053897857666,0.6062989830970764]]],-1],0,0,[],[],[]],[[[5,".bin",2705602298,[{"primitives":[{"primitiveMode":7,"vertexBundelIndices":[0],"indexView":{"offset":24576,"length":5304,"count":2652,"stride":2}}],"vertexBundles":[{"view":{"offset":0,"length":24576,"count":512,"stride":48},"attributes":[{"name":"a_position","format":32,"isNormalized":false},{"name":"a_normal","format":32,"isNormalized":false},{"name":"a_texCoord","format":21,"isNormalized":false},{"name":"a_tangent","format":44,"isNormalized":false}]}]},"minPosition",8,[1,-0.19685117900371552,-0.0000015258788153005298,-0.00014192878734320402],"maxPosition",8,[1,-0.17716513574123383,2.7559056282043457,0.606299102306366]]],-1],0,0,[],[],[]]]]
