[1,["afpqjAf+RFqpuu8hLrm42j","b3Qg9HDkpMtrqQD2NXtVlQ@2112a","54FoiFQpxE1KjGnHYGAr/v@6c48a","1brw/JvvpFnIvdrxpFCgMZ"],["root","node","data","_mesh","mainTexture","_effectAsset"],[["cc.Node",["_name","_prefab","_children","_lpos","_lrot","_lscale","_euler","_parent","_components"],2,4,2,5,5,5,5,1,9],["cc.Prefab",["_name"],2],["cc.PrefabInfo",["fileId","instance","targetOverrides","nestedPrefabInstanceRoots","root","asset"],-1,1,1],["cc.MeshRenderer",["_shadowCastingMode","node","__prefab","_materials","bakeSettings","_mesh"],2,1,4,3,4,6],["cc.CompPrefabInfo",["fileId"],2],["cc.ModelBakeSettings",[],3],["cc.Material",["_name","_states","_defines","_props"],0,12],["cc.Mesh",["_native","_hash","_struct"],1,11]],[[2,0,1,2,3,4,5,5],[1,0,2],[0,0,2,1,3,4,5,6,2],[0,0,7,2,1,2],[0,0,7,8,1,3,4,5,6,2],[3,0,1,2,3,4,5,2],[4,0,2],[5,1],[6,0,1,2,3,4],[7,0,1,2,3]],[[[[1,"cowBoyHat"],[2,"cowBoyHat",[-2],[0,"cbxUNmusVU0rCidR3c6Esb",null,null,null,-1,0],[1,-0.12,-0.151,0.047],[3,-0.6600370604167264,-0.25367514438045885,-0.6600370604167263,0.2536751443804589],[1,1.12,1.12,1.12],[1,-137.953,-90,0]],[3,"RootNode",1,[-3],[0,"e0XzuMu6JfKpMPIrNdEEL6",null,null,null,1,0]],[4,"cowBoyHat",2,[[5,1,-4,[6,"8biuvp1HhbfKWF9mP4REAA"],[0],[7],1]],[0,"0ePFn4g19TMIHUhFYRW4mC",null,null,null,1,0],[1,-0.024,0,-0.018],[3,-5.338508038181781e-8,0.7071067811865455,0.7071067811865455,5.338508038181781e-8],[1,98.0050735473633,98.0050735473633,98.0050735473633],[1,-89.99999999999999,179.9999913485774,0]]],0,[0,0,1,0,-1,2,0,-1,3,0,1,3,0,2,1,4],[0,0],[-1,3],[0,1]],[[[8,"cowBoyHat",[{"rasterizerState":{},"depthStencilState":{},"blendState":{"targets":[{}]}},{},{}],[{"USE_ALBEDO_MAP":true},{},{}],[[[{"roughness":0.6,"metallic":0.2},"mainColor",8,[4,4294963936],"mainTexture",6,0],{},{}],11,0,0]]],0,0,[0,0],[4,5],[2,3]],[[[9,".bin",1229228512,[{"primitives":[{"primitiveMode":7,"vertexBundelIndices":[0],"indexView":{"offset":10416,"length":1920,"count":960,"stride":2}}],"vertexBundles":[{"view":{"offset":0,"length":10416,"count":217,"stride":48},"attributes":[{"name":"a_position","format":32,"isNormalized":false},{"name":"a_normal","format":32,"isNormalized":false},{"name":"a_texCoord","format":21,"isNormalized":false},{"name":"a_tangent","format":44,"isNormalized":false}]}]},"minPosition",8,[1,-0.0029189991764724255,-0.0028243556153029203,-0.0011835376499220729],"maxPosition",8,[1,0.002919000107795,0.0037426974158734083,0.0021673168521374464]]],-1],0,0,[],[],[]]]]
