[1,["15a3e0720@6c48a"],["_textureSource"],["cc.SpriteFrame"],0,[[[{"name":"homeBtn01","rect":{"x":727,"y":507,"width":123,"height":155},"offset":{"x":0,"y":0},"originalSize":{"width":123,"height":155},"rotated":false,"capInsets":[0,0,0,0],"packable":true,"pixelsToUnit":100,"pivot":{"x":0.5,"y":0.5},"meshType":0}],[0],0,[0],[0],[0]],[[{"name":"homeBtn03","rect":{"x":856,"y":470,"width":123,"height":155},"offset":{"x":0,"y":0},"originalSize":{"width":123,"height":155},"rotated":true,"capInsets":[0,0,0,0],"packable":true,"pixelsToUnit":100,"pivot":{"x":0.5,"y":0.5},"meshType":0}],[0],0,[0],[0],[0]],[[{"name":"CO_icon_foot","rect":{"x":265,"y":3,"width":202,"height":254},"offset":{"x":-1,"y":1},"originalSize":{"width":256,"height":256},"rotated":false,"capInsets":[0,0,0,0],"packable":true,"pixelsToUnit":100,"pivot":{"x":0.5,"y":0.5},"meshType":0}],[0],0,[0],[0],[0]],[[{"name":"homeBtn05","rect":{"x":789,"y":740,"width":123,"height":155},"offset":{"x":0,"y":0},"originalSize":{"width":123,"height":155},"rotated":true,"capInsets":[0,0,0,0],"packable":true,"pixelsToUnit":100,"pivot":{"x":0.5,"y":0.5},"meshType":0}],[0],0,[0],[0],[0]],[[{"name":"CO_textbar","rect":{"x":473,"y":3,"width":256,"height":151},"offset":{"x":0,"y":-14.5},"originalSize":{"width":256,"height":256},"rotated":true,"capInsets":[0,0,0,0],"packable":true,"pixelsToUnit":100,"pivot":{"x":0.5,"y":0.5},"meshType":0}],[0],0,[0],[0],[0]],[[{"name":"homeIconSetting","rect":{"x":950,"y":808,"width":42,"height":42},"offset":{"x":0,"y":0},"originalSize":{"width":42,"height":42},"rotated":false,"capInsets":[0,0,0,0],"packable":true,"pixelsToUnit":100,"pivot":{"x":0.5,"y":0.5},"meshType":0}],[0],0,[0],[0],[0]],[[{"name":"homeTitleBox05","rect":{"x":630,"y":164,"width":74,"height":74},"offset":{"x":0,"y":0},"originalSize":{"width":74,"height":74},"rotated":false,"capInsets":[0,0,0,0],"packable":true,"pixelsToUnit":100,"pivot":{"x":0.5,"y":0.5},"meshType":0}],[0],0,[0],[0],[0]],[[{"name":"CO_Homebox","rect":{"x":3,"y":525,"width":252,"height":256},"offset":{"x":0,"y":0},"originalSize":{"width":256,"height":256},"rotated":false,"capInsets":[0,0,0,0],"packable":true,"pixelsToUnit":100,"pivot":{"x":0.5,"y":0.5},"meshType":0}],[0],0,[0],[0],[0]],[[{"name":"homeBtn04","rect":{"x":789,"y":869,"width":123,"height":155},"offset":{"x":0,"y":0},"originalSize":{"width":123,"height":155},"rotated":true,"capInsets":[0,0,0,0],"packable":true,"pixelsToUnit":100,"pivot":{"x":0.5,"y":0.5},"meshType":0}],[0],0,[0],[0],[0]],[[{"name":"CO_revive","rect":{"x":509,"y":510,"width":256,"height":212},"offset":{"x":0,"y":0},"originalSize":{"width":256,"height":256},"rotated":true,"capInsets":[0,0,0,0],"packable":true,"pixelsToUnit":100,"pivot":{"x":0.5,"y":0.5},"meshType":0}],[0],0,[0],[0],[0]],[[{"name":"homeTitleBox01","rect":{"x":263,"y":489,"width":363,"height":15},"offset":{"x":0,"y":0},"originalSize":{"width":363,"height":15},"rotated":false,"capInsets":[0,0,0,0],"packable":true,"pixelsToUnit":100,"pivot":{"x":0.5,"y":0.5},"meshType":0}],[0],0,[0],[0],[0]],[[{"name":"homeTitleBox02","rect":{"x":525,"y":449,"width":363,"height":15},"offset":{"x":0,"y":0},"originalSize":{"width":363,"height":15},"rotated":false,"capInsets":[0,0,0,0],"packable":true,"pixelsToUnit":100,"pivot":{"x":0.5,"y":0.5},"meshType":0}],[0],0,[0],[0],[0]],[[{"name":"homeIconBoss","rect":{"x":933,"y":599,"width":59,"height":54},"offset":{"x":0,"y":0},"originalSize":{"width":59,"height":54},"rotated":true,"capInsets":[0,0,0,0],"packable":true,"pixelsToUnit":100,"pivot":{"x":0.5,"y":0.5},"meshType":0}],[0],0,[0],[0],[0]],[[{"name":"homeIconGift","rect":{"x":698,"y":470,"width":39,"height":31},"offset":{"x":0,"y":0},"originalSize":{"width":39,"height":31},"rotated":false,"capInsets":[0,0,0,0],"packable":true,"pixelsToUnit":100,"pivot":{"x":0.5,"y":0.5},"meshType":0}],[0],0,[0],[0],[0]],[[{"name":"CO_shop","rect":{"x":265,"y":775,"width":256,"height":230},"offset":{"x":0,"y":0},"originalSize":{"width":256,"height":256},"rotated":false,"capInsets":[0,0,0,0],"packable":true,"pixelsToUnit":100,"pivot":{"x":0.5,"y":0.5},"meshType":0}],[0],0,[0],[0],[0]],[[{"name":"homeIconDiamond02","rect":{"x":743,"y":470,"width":28,"height":35},"offset":{"x":0,"y":0},"originalSize":{"width":28,"height":35},"rotated":true,"capInsets":[0,0,0,0],"packable":true,"pixelsToUnit":100,"pivot":{"x":0.5,"y":0.5},"meshType":0}],[0],0,[0],[0],[0]],[[{"name":"homeImgHand","rect":{"x":894,"y":336,"width":105,"height":112},"offset":{"x":0,"y":0},"originalSize":{"width":105,"height":112},"rotated":true,"capInsets":[0,0,0,0],"packable":true,"pixelsToUnit":100,"pivot":{"x":0.5,"y":0.5},"meshType":0}],[0],0,[0],[0],[0]],[[{"name":"CO_icon_hand","rect":{"x":527,"y":772,"width":203,"height":256},"offset":{"x":-1.5,"y":0},"originalSize":{"width":256,"height":256},"rotated":true,"capInsets":[0,0,0,0],"packable":true,"pixelsToUnit":100,"pivot":{"x":0.5,"y":0.5},"meshType":0}],[0],0,[0],[0],[0]],[[{"name":"CO_homeline","rect":{"x":527,"y":981,"width":256,"height":34},"offset":{"x":0,"y":-2},"originalSize":{"width":256,"height":256},"rotated":false,"capInsets":[0,0,0,0],"packable":true,"pixelsToUnit":100,"pivot":{"x":0.5,"y":0.5},"meshType":0}],[0],0,[0],[0],[0]],[[{"name":"CO_fist","rect":{"x":263,"y":265,"width":218,"height":256},"offset":{"x":0,"y":0},"originalSize":{"width":256,"height":256},"rotated":true,"capInsets":[0,0,0,0],"packable":true,"pixelsToUnit":100,"pivot":{"x":0.5,"y":0.5},"meshType":0}],[0],0,[0],[0],[0]],[[{"name":"homeBoxTips","rect":{"x":727,"y":668,"width":220,"height":66},"offset":{"x":0,"y":0},"originalSize":{"width":220,"height":66},"rotated":false,"capInsets":[0,0,0,0],"packable":true,"pixelsToUnit":100,"pivot":{"x":0.5,"y":0.5},"meshType":0}],[0],0,[0],[0],[0]],[[{"name":"homeBtn02","rect":{"x":630,"y":3,"width":123,"height":155},"offset":{"x":0,"y":0},"originalSize":{"width":123,"height":155},"rotated":false,"capInsets":[0,0,0,0],"packable":true,"pixelsToUnit":100,"pivot":{"x":0.5,"y":0.5},"meshType":0}],[0],0,[0],[0],[0]],[[{"name":"CO_feet","rect":{"x":3,"y":3,"width":256,"height":256},"offset":{"x":0,"y":0},"originalSize":{"width":256,"height":256},"rotated":false,"capInsets":[0,0,0,0],"packable":true,"pixelsToUnit":100,"pivot":{"x":0.5,"y":0.5},"meshType":0}],[0],0,[0],[0],[0]],[[{"name":"homeIconPlay","rect":{"x":820,"y":470,"width":26,"height":21},"offset":{"x":0,"y":0},"originalSize":{"width":26,"height":21},"rotated":true,"capInsets":[0,0,0,0],"packable":true,"pixelsToUnit":100,"pivot":{"x":0.5,"y":0.5},"meshType":0}],[0],0,[0],[0],[0]],[[{"name":"CO_pinkbg","rect":{"x":525,"y":265,"width":178,"height":178},"offset":{"x":0,"y":0},"originalSize":{"width":178,"height":178},"rotated":false,"capInsets":[0,0,0,0],"packable":true,"pixelsToUnit":100,"pivot":{"x":0.5,"y":0.5},"meshType":0}],[0],0,[0],[0],[0]],[[{"name":"CO_icon_invincible","rect":{"x":3,"y":787,"width":256,"height":232},"offset":{"x":0,"y":1},"originalSize":{"width":256,"height":256},"rotated":false,"capInsets":[0,0,0,0],"packable":true,"pixelsToUnit":100,"pivot":{"x":0.5,"y":0.5},"meshType":0}],[0],0,[0],[0],[0]],[[{"name":"homeIconDiamond01","rect":{"x":856,"y":599,"width":58,"height":71},"offset":{"x":0,"y":0},"originalSize":{"width":58,"height":71},"rotated":true,"capInsets":[0,0,0,0],"packable":true,"pixelsToUnit":100,"pivot":{"x":0.5,"y":0.5},"meshType":0}],[0],0,[0],[0],[0]],[[{"name":"homeTitleBox03","rect":{"x":953,"y":664,"width":66,"height":66},"offset":{"x":0,"y":0},"originalSize":{"width":66,"height":66},"rotated":false,"capInsets":[0,0,0,0],"packable":true,"pixelsToUnit":100,"pivot":{"x":0.5,"y":0.5},"meshType":0}],[0],0,[0],[0],[0]],[[{"name":"homeImgArrow","rect":{"x":894,"y":3,"width":327,"height":71},"offset":{"x":0,"y":0},"originalSize":{"width":327,"height":71},"rotated":true,"capInsets":[0,0,0,0],"packable":true,"pixelsToUnit":100,"pivot":{"x":0.5,"y":0.5},"meshType":0}],[0],0,[0],[0],[0]],[[{"name":"CO_lootbox","rect":{"x":784,"y":470,"width":30,"height":30},"offset":{"x":0,"y":0},"originalSize":{"width":30,"height":30},"rotated":false,"capInsets":[0,0,0,0],"packable":true,"pixelsToUnit":100,"pivot":{"x":0.5,"y":0.5},"meshType":0}],[0],0,[0],[0],[0]],[[{"name":"homeTitleBox04","rect":{"x":953,"y":736,"width":66,"height":66},"offset":{"x":0,"y":0},"originalSize":{"width":66,"height":66},"rotated":false,"capInsets":[0,0,0,0],"packable":true,"pixelsToUnit":100,"pivot":{"x":0.5,"y":0.5},"meshType":0}],[0],0,[0],[0],[0]],[[{"name":"CO_invincible","rect":{"x":261,"y":525,"width":244,"height":242},"offset":{"x":0,"y":0},"originalSize":{"width":256,"height":256},"rotated":true,"capInsets":[0,0,0,0],"packable":true,"pixelsToUnit":100,"pivot":{"x":0.5,"y":0.5},"meshType":0}],[0],0,[0],[0],[0]],[[{"name":"CO_cryface","rect":{"x":3,"y":265,"width":254,"height":254},"offset":{"x":0,"y":0},"originalSize":{"width":256,"height":256},"rotated":false,"capInsets":[0,0,0,0],"packable":true,"pixelsToUnit":100,"pivot":{"x":0.5,"y":0.5},"meshType":0}],[0],0,[0],[0],[0]],[[{"name":"homeBoxNum","rect":{"x":632,"y":470,"width":60,"height":33},"offset":{"x":0,"y":0},"originalSize":{"width":60,"height":33},"rotated":false,"capInsets":[0,0,0,0],"packable":true,"pixelsToUnit":100,"pivot":{"x":0.5,"y":0.5},"meshType":0}],[0],0,[0],[0],[0]]]]
