[1,["d42PTvvbdFKqzpEZ8F4lkm","caul4A2H9N3otEXnjkury1","fcC90ZES5KgpoHC6+dDq93","daHNxBQeNGspwp3IvjJMjx","aeYnHThE1AEYN8e5Pwq2Yz","12Y9dMgWdJKJGmTiZyQR9H@2e76e","6bVUr3Gt9NXr12U7NEDwfE@6c48a","f82bnynWlFKJZPLWtouqx3@6c48a","a3zQCfCrBCDZJ4uf2rk5u8","6bVUr3Gt9NXr12U7NEDwfE@f9941","fdT9dHYNJHS5ndqnLxG3HC@f9941","fdT9dHYNJHS5ndqnLxG3HC@6c48a"],["node","_font","_defaultClip","_textureSource","spriteFrame","root","data","_parent","_mesh","mainTexture","_effectAsset"],[["cc.Node",["_name","_layer","_active","_components","_prefab","_children","_parent","_lpos","_lrot","_lscale","_euler"],0,9,4,2,1,5,5,5,5],["cc.Label",["_string","_actualFontSize","_fontSize","_lineHeight","_enableOutline","_outlineWidth","_isSystemFontUsed","_cacheMode","node","__prefab","_outlineColor","_font","_color"],-5,1,4,5,6,5],"cc.SpriteFrame",["cc.Animation",["playOnLoad","node","__prefab","_clips","_defaultClip"],2,1,4,3,6],["cc.Prefab",["_name"],2],["cc.UITransform",["node","__prefab","_contentSize"],3,1,4,5],["cc.CompPrefabInfo",["fileId"],2],["5d312XjEjZE3o6DKbhOTSd3",["node","__prefab"],3,1,4],["cc.PrefabInfo",["fileId","instance","targetOverrides","nestedPrefabInstanceRoots","root","asset"],-1,1,1],["cc.Layout",["_resizeMode","_layoutType","_paddingLeft","_paddingRight","_spacingX","node","__prefab"],-2,1,4],["cc.LabelOutline",["node","__prefab"],3,1,4],["cc.MeshRenderer",["_name","node","__prefab","_materials","bakeSettings","_mesh"],2,1,4,3,4,6],["cc.ModelBakeSettings",[],3],["cc.Material",["_name","_techIdx","_states","_defines","_props"],-1,12],["cc.BitmapFont",["_name","fontSize","fntConfig"],0]],[[6,0,2],[8,0,1,2,3,4,5,5],[5,0,1,2,1],[0,0,1,6,3,4,7,3],[10,0,1,1],[0,0,2,1,6,5,3,4,4],[9,0,1,2,3,4,5,6,6],[1,0,1,2,3,6,4,5,8,9,10,11,8],[1,0,1,2,3,6,8,9,11,6],[14,0,1,2,4],[4,0,2],[0,0,1,5,3,4,3],[0,0,1,3,4,7,8,9,10,3],[0,0,2,1,6,5,3,4,8,9,10,4],[7,0,1,1],[1,0,1,2,3,7,4,5,8,9,12,10,8],[3,1,2,3,4,1],[3,0,1,2,3,4,2],[11,0,1,2,3,4,5,2],[12,1],[13,0,1,2,3,4,5]],[[[[10,"fightTip"],[11,"fightTip",33554432,[-4,-5,-6],[[2,-2,[0,"14nhhFupJMd4oKFhVVymSX"],[5,300,200]],[14,-3,[0,"63RLTcrLxKFaQb6mawpZ3O"]]],[1,"e1jOeVvK5DQo/kfxmSKdny",null,null,null,-1,0]],[5,"add",false,33554432,1,[-9,-10],[[2,-7,[0,"4fmONNjWZJ4JZqnqa1OZ1Q"],[5,159.06,100]],[6,1,1,10,10,10,-8,[0,"6eRnNcTb9DSrgoo18YgthN"]]],[1,"80l7AoGkdEV5enXFD3gQ5B",null,null,null,1,0]],[5,"minus",false,33554432,1,[-13,-14],[[2,-11,[0,"309xcFGJNIUZs+heHoSdL5"],[5,143.75,100]],[6,1,1,10,10,10,-12,[0,"cchvjgF+pJEJXQqM5KXV0p"]]],[1,"8dT1yuPNNEW5nDZkwKKOwV",null,null,null,1,0]],[12,"num",33554432,[[2,-15,[0,"cb/cfu0zJNHZT7QUxbqcbH"],[5,147.86,110]],[15,"x25",70,70,100,2,true,5,-16,[0,"c1ygpgtd5EoqFdsanW2QpJ"],[4,4279166446],[4,4278224383]],[4,-17,[0,"5dUP5AWvhBtYBt+TOJLJxz"]],[16,-18,[0,"b7FUlUIiJNGrRNOHFBAz6s"],[4],5]],[1,"fbT+P1ht1KirEZ1P6psvGR",null,null,null,1,0],[1,0,0,0.069],[3,-0.7071067811865475,0,0,0.7071067811865476],[1,0.025,0.025,0.025],[1,-89.99999999999999,0,0]],[3,"num",33554432,2,[[2,-19,[0,"87o85LssJGUKYgdKx4ku8g"],[5,85.31,100]],[7,"25",35,35,100,false,true,5,-20,[0,"1arAzCUj5Bl4uHen0H6KU5"],[4,4278255401],1],[4,-21,[0,"dalnC8RVRDR6stOC8d7vaV"]]],[1,"3fdSQERYFELJ1yeAKiU5De",null,null,null,1,0],[1,26.875,23.422,0]],[3,"num",33554432,3,[[2,-22,[0,"dfoBG+cU1OSK5MQOXX63DB"],[5,85.31,100]],[7,"25",35,35,100,false,true,5,-23,[0,"cbLvPW67VEzLB2hwvqeycM"],[4,4278190335],3],[4,-24,[0,"851mpppVFEa7jnzu4ZT3fQ"]]],[1,"f2IHBr6DhMD7PekPPLzeKv",null,null,null,1,0],[1,19.22,23.422,0]],[13,"doubleLight",false,33554432,1,[4],[[18,"Plane<ModelComponent>",-25,[0,"e0uHCYkZ1D1I9glcT6oLf2"],[6],[19],7],[17,true,-26,[0,"518yAmTplL96vOBmwmoue1"],[8],9]],[1,"3aTCqEFLpL0J1mDvXngMLG",null,null,null,1,0],[3,0.7071067811865475,0,0,0.7071067811865476],[1,40,40,40],[1,89.99999999999999,0,0]],[3,"addIcon",33554432,2,[[2,-27,[0,"c68UOAlNhN171Umca6yVvF"],[5,43.75,100]],[8,"+",35,35,100,false,-28,[0,"2frm37uaJHQr0AEEaYyM82"],0]],[1,"bcHcnxDmRK356/BtExzVEx",null,null,null,1,0],[1,-47.655,10.224,0]],[3,"minusIcon",33554432,3,[[2,-29,[0,"33xj02FLlAhI0PGQ8PaF8C"],[5,28.44,100]],[8,"-",35,35,100,false,-30,[0,"9apa26EodG0o1a0cVzmtAR"],2]],[1,"0c5zpstAhKj74O4A7MJ2nj",null,null,null,1,0],[1,-47.655,-1.321,0]]],0,[0,5,1,0,0,1,0,0,1,0,-1,2,0,-2,3,0,-3,7,0,0,2,0,0,2,0,-1,8,0,-2,5,0,0,3,0,0,3,0,-1,9,0,-2,6,0,0,4,0,0,4,0,0,4,0,0,4,0,0,5,0,0,5,0,0,5,0,0,6,0,0,6,0,0,6,0,0,7,0,0,7,0,0,8,0,0,8,0,0,9,0,0,9,0,6,1,4,7,7,30],[0,0,0,0,0,0,0,0,0,0],[1,1,1,1,-1,2,-1,8,-1,2],[0,0,1,1,2,2,4,5,3,3]],[[{"name":"fontLose_0","rect":{"x":0,"y":0,"width":199,"height":137},"offset":{"x":-0.5,"y":31.5},"originalSize":{"width":200,"height":200},"rotated":false,"capInsets":[0,0,0,0],"vertices":{"rawPosition":[-99.5,-68.5,0,99.5,-68.5,0,-99.5,68.5,0,99.5,68.5,0],"indexes":[0,1,2,2,1,3],"uv":[0,200,199,200,0,63,199,63],"nuv":[0,0.315,0.995,0.315,0,1,0.995,1],"minPos":{"x":-99.5,"y":-68.5,"z":0},"maxPos":{"x":99.5,"y":68.5,"z":0}},"packable":true,"pixelsToUnit":100,"pivot":{"x":0.5,"y":0.5},"meshType":0}],[2],0,[0],[3],[6]],[[[20,"doubleLight01",1,[{"rasterizerState":{},"depthStencilState":{},"blendState":{"targets":[{}]}}],[{"USE_TEXTURE":true}],[[[{},"mainTexture",6,0]],11]]],0,0,[0,0],[9,10],[7,8]],[[[9,"fontLose",32,{"commonHeight":32,"fontSize":32,"atlasName":"fontLose_0.png","fontDefDictionary":{"45":{"xOffset":0,"yOffset":0,"xAdvance":26,"rect":{"x":0,"y":119,"width":26,"height":18}},"48":{"xOffset":0,"yOffset":0,"xAdvance":38,"rect":{"x":161,"y":0,"width":38,"height":59}},"49":{"xOffset":0,"yOffset":0,"xAdvance":31,"rect":{"x":155,"y":60,"width":31,"height":57}},"50":{"xOffset":0,"yOffset":0,"xAdvance":38,"rect":{"x":41,"y":60,"width":38,"height":58}},"51":{"xOffset":0,"yOffset":0,"xAdvance":39,"rect":{"x":41,"y":0,"width":39,"height":59}},"52":{"xOffset":0,"yOffset":0,"xAdvance":40,"rect":{"x":80,"y":60,"width":40,"height":57}},"53":{"xOffset":0,"yOffset":0,"xAdvance":40,"rect":{"x":0,"y":60,"width":40,"height":58}},"54":{"xOffset":0,"yOffset":0,"xAdvance":39,"rect":{"x":81,"y":0,"width":39,"height":59}},"55":{"xOffset":0,"yOffset":0,"xAdvance":33,"rect":{"x":121,"y":60,"width":33,"height":57}},"56":{"xOffset":0,"yOffset":0,"xAdvance":40,"rect":{"x":0,"y":0,"width":40,"height":59}},"57":{"xOffset":0,"yOffset":0,"xAdvance":39,"rect":{"x":121,"y":0,"width":39,"height":59}},"58":{"xOffset":2,"yOffset":11,"xAdvance":8,"rect":{"x":27,"y":119,"width":4,"height":15}}},"kerningDict":{}}]],0,0,[0],[4],[9]],[[[9,"fontWin",32,{"commonHeight":32,"fontSize":32,"atlasName":"fontWin_0.png","fontDefDictionary":{"43":{"xOffset":0,"yOffset":0,"xAdvance":40,"rect":{"x":0,"y":119,"width":40,"height":39}},"48":{"xOffset":0,"yOffset":0,"xAdvance":38,"rect":{"x":161,"y":0,"width":38,"height":59}},"49":{"xOffset":0,"yOffset":0,"xAdvance":31,"rect":{"x":155,"y":60,"width":31,"height":57}},"50":{"xOffset":0,"yOffset":0,"xAdvance":38,"rect":{"x":41,"y":60,"width":38,"height":58}},"51":{"xOffset":0,"yOffset":0,"xAdvance":39,"rect":{"x":41,"y":0,"width":39,"height":59}},"52":{"xOffset":0,"yOffset":0,"xAdvance":40,"rect":{"x":80,"y":60,"width":40,"height":57}},"53":{"xOffset":0,"yOffset":0,"xAdvance":40,"rect":{"x":0,"y":60,"width":40,"height":58}},"54":{"xOffset":0,"yOffset":0,"xAdvance":39,"rect":{"x":81,"y":0,"width":39,"height":59}},"55":{"xOffset":0,"yOffset":0,"xAdvance":33,"rect":{"x":121,"y":60,"width":33,"height":57}},"56":{"xOffset":0,"yOffset":0,"xAdvance":40,"rect":{"x":0,"y":0,"width":40,"height":59}},"57":{"xOffset":0,"yOffset":0,"xAdvance":39,"rect":{"x":121,"y":0,"width":39,"height":59}}},"kerningDict":{}}]],0,0,[0],[4],[10]],[[{"name":"fontWin_0","rect":{"x":0,"y":0,"width":199,"height":158},"offset":{"x":-0.5,"y":21},"originalSize":{"width":200,"height":200},"rotated":false,"capInsets":[0,0,0,0],"vertices":{"rawPosition":[-99.5,-79,0,99.5,-79,0,-99.5,79,0,99.5,79,0],"indexes":[0,1,2,2,1,3],"uv":[0,200,199,200,0,42,199,42],"nuv":[0,0.21,0.995,0.21,0,1,0.995,1],"minPos":{"x":-99.5,"y":-79,"z":0},"maxPos":{"x":99.5,"y":79,"z":0}},"packable":true,"pixelsToUnit":100,"pivot":{"x":0.5,"y":0.5},"meshType":0}],[2],0,[0],[3],[11]]]]
