[1,["f6SJZOjTJB/JrJeh5xTdF7","cb1Oh3c8pNqJuHVdwmFriu@4b600","cb1Oh3c8pNqJuHVdwmFriu@d7dea","b4MHX8yOlLI5se/ROVtF9t","31vlJnq85P4JpphlLBP3S5@744f1","60UexLAedPVZRDr5COwAqp@6c48a","1brw/JvvpFnIvdrxpFCgMZ","cb1Oh3c8pNqJuHVdwmFriu@7daf4","cb1Oh3c8pNqJuHVdwmFriu@0b4a2","cb1Oh3c8pNqJuHVdwmFriu@a9c58","cb1Oh3c8pNqJuHVdwmFriu@2e991","cb1Oh3c8pNqJuHVdwmFriu@aeaac","cb1Oh3c8pNqJuHVdwmFriu@8019d","cb1Oh3c8pNqJuHVdwmFriu@41a05","cb1Oh3c8pNqJuHVdwmFriu@0b568","cb1Oh3c8pNqJuHVdwmFriu@8a286","cb1Oh3c8pNqJuHVdwmFriu@f579d"],["node","_mesh","_effectAsset","root","data","asset","mainTexture","_parent"],[["cc.Node",["_name","_objFlags","__editorExtras__","_active","_prefab","_parent","_lrot","_euler","_components","_lscale","_lpos","_children"],-1,4,1,5,5,9,5,5,2],["cc.MeshRenderer",["_shadowCastingMode","node","__prefab","_materials","bakeSettings","_mesh"],2,1,4,3,4,6],["cc.Prefab",["_name"],2],["cc.Node",["_name","_children","_prefab"],2,12,4],["cc.PrefabInfo",["fileId","instance","targetOverrides","root","asset","nestedPrefabInstanceRoots"],0,1,1,2],["cc.PrefabInfo",["fileId","instance","targetOverrides","nestedPrefabInstanceRoots","root","asset"],-1,1,1],["cc.PrefabInfo",["fileId","targetOverrides","nestedPrefabInstanceRoots","root","instance","asset"],0,1,4,6],["cc.TargetInfo",["localID"],2],["cc.PrefabInstance",["fileId","prefabRootNode","propertyOverrides"],2,1,9],["CCPropertyOverrideInfo",["value","propertyPath","targetInfo"],1,1],["CCPropertyOverrideInfo",["propertyPath","targetInfo","value"],2,1,8],["CCPropertyOverrideInfo",["value","propertyPath","targetInfo"],1,4],["cc.CompPrefabInfo",["fileId"],2],["cc.ModelBakeSettings",[],3],["cc.Mesh",["_native","_hash","_struct"],1,11],["cc.Material",["_name","_states","_defines","_props"],0,12]],[[5,0,1,2,3,4,5,5],[12,0,2],[13,1],[14,0,1,2,3],[10,0,1,2,2],[1,1,2,3,4,5,1],[15,0,1,2,3,4],[0,0,5,8,4,10,6,9,7,2],[7,0,2],[2,0,2],[0,0,5,8,4,6,9,7,2],[9,0,1,2,3],[0,0,11,4,10,6,7,2],[0,0,5,11,4,2],[0,1,2,5,4,3],[0,0,3,5,8,4,6,9,7,3],[0,0,5,4,10,6,9,7,2],[0,0,5,11,8,4,10,6,9,7,2],[0,0,5,8,4,6,7,2],[3,0,1,2,2],[4,0,1,2,3,4,5,4],[6,0,1,2,3,4,5,4],[8,0,1,2,2],[11,0,1,2,3],[1,0,1,2,3,4,5,2]],[[[[9,"hornHat"],[12,"hornHat",[-3],[20,"b4SJuifOFL/7jFLpwS2qo6",null,null,-2,0,[-1]],[1,-0.185,0.04,0],[3,-0.4822456651582974,-0.5171451618607983,-0.4822456651582973,0.5171451618607984],[1,-86,-90,3.1805546814635168e-15]],[8,["aeHdt+U3pWAJNG2wvukAv3"]],[8,["9453WwBk5eo6OMpqhVwx3I"]],[13,"RootNode",1,[-4,-5],[0,"71zprIo/dDqqNH3KhJzbaS",null,null,null,1,0]],[14,0,{},4,[21,"aeHdt+U3pWAJNG2wvukAv3",null,null,-6,[22,"f1fKfIY6NEpKqAeiu1ol6I",1,[[11,"10",["_name"],2],[4,["_lpos"],2,[1,6.162975822039155e-33,-0.21600000000000005,0]],[4,["_lrot"],2,[3,5.2881482004552406e-33,-6.1629758220391534e-33,6.1629758220391534e-33,1]],[4,["_euler"],2,[1,6.059771466515731e-31,-7.062250076880252e-31,7.062250076880252e-31]],[23,true,["_active"],[8,["46SXEzc/haK42u3jG+gs8E"]]],[4,["_lrot"],3,[3,-0.7259516375579641,0.006311970013345407,-0.014617328725696987,0.6875614246468353]],[4,["_euler"],3,[1,-93.122,-0.719,-1.677]],[4,["_lscale"],3,[1,20,20,20]],[4,["_lpos"],3,[1,0.007,0.246,0.004]],[11,true,["_active"],2]]],0]],[15,"hornHat",false,4,[[24,1,-7,[1,"aahbdHd5ZduIE4qjBcFN2Q"],[1],[2],2]],[0,"9fkuw8wGFNK4QVt9spmI/0",null,null,null,1,0],[3,-0.7071067811865476,0,0,0.7071067811865476],[1,2.53999996185303,2.53999996185303,2.53999996185303],[1,-90.00000000000003,0,0]]],0,[0,-1,5,0,3,1,0,-1,4,0,-1,5,0,-2,6,0,3,5,0,0,6,0,4,1,7],[0,0,0],[5,-1,1],[2,3,4]],[[[3,".bin",330573556,[{"primitives":[{"primitiveMode":7,"vertexBundelIndices":[0],"indexView":{"offset":20976,"length":4032,"count":2016,"stride":2}}],"vertexBundles":[{"view":{"offset":0,"length":20976,"count":437,"stride":48},"attributes":[{"name":"a_position","format":32,"isNormalized":false},{"name":"a_normal","format":32,"isNormalized":false},{"name":"a_texCoord","format":21,"isNormalized":false},{"name":"a_tangent","format":44,"isNormalized":false}]}]},"minPosition",8,[1,-0.13159345090389252,-0.08793003857135773,0.000014554857443727087],"maxPosition",8,[1,0.1316433548927307,0.08793003112077713,0.1878427118062973]]],-1],0,0,[],[],[]],[[[6,"hornHat",[{"rasterizerState":{},"depthStencilState":{},"blendState":{"targets":[{}]}},{},{}],[{"USE_ALBEDO_MAP":true},{},{}],[[[{"roughness":0.5,"metallic":0.2},"mainColor",8,[4,4294835709],"emissive",8,[4,4281472512],"mainTexture",6,0],{},{}],11,0,0]]],0,0,[0,0],[6,2],[5,6]],[[[3,".bin",1358901161,[{"primitives":[{"primitiveMode":7,"vertexBundelIndices":[0],"indexView":{"offset":73728,"length":36864,"count":18432,"stride":2}}],"vertexBundles":[{"view":{"offset":0,"length":73728,"count":3072,"stride":24},"attributes":[{"name":"a_position","format":32,"isNormalized":false},{"name":"a_normal","format":32,"isNormalized":false}]}]},"minPosition",8,[1,-0.006749826017767191,-0.006749826017767191,-0.001020481577143073],"maxPosition",8,[1,0.006749826017767191,0.006749826017767191,0.0010669821640476584]]],-1],0,0,[],[],[]],[[[3,".bin",2573075004,[{"primitives":[{"primitiveMode":7,"vertexBundelIndices":[0],"indexView":{"offset":418224,"length":96768,"count":48384,"stride":2}}],"vertexBundles":[{"view":{"offset":0,"length":418224,"count":8713,"stride":48},"attributes":[{"name":"a_position","format":32,"isNormalized":false},{"name":"a_normal","format":32,"isNormalized":false},{"name":"a_texCoord","format":21,"isNormalized":false},{"name":"a_tangent","format":44,"isNormalized":false}]}]},"minPosition",8,[1,-0.0009391737985424697,-0.0009391737985424697,-0.0014764410443603992],"maxPosition",8,[1,0.0009391737985424697,0.0009391737985424697,0.00022537777840625495]]],-1],0,0,[],[],[]],[[[3,".bin",3855767315,[{"primitives":[{"primitiveMode":7,"vertexBundelIndices":[0],"indexView":{"offset":172896,"length":42624,"count":21312,"stride":2}}],"vertexBundles":[{"view":{"offset":0,"length":172896,"count":3602,"stride":48},"attributes":[{"name":"a_position","format":32,"isNormalized":false},{"name":"a_normal","format":32,"isNormalized":false},{"name":"a_texCoord","format":21,"isNormalized":false},{"name":"a_tangent","format":44,"isNormalized":false}]}]},"minPosition",8,[1,-0.010819636285305023,-0.0012570482213050127,-0.009220373816788197],"maxPosition",8,[1,-0.0039016054943203926,0.001257046707905829,0.009220379404723644]]],-1],0,0,[],[],[]],[[[3,".bin",2011283980,[{"primitives":[{"primitiveMode":7,"vertexBundelIndices":[0],"indexView":{"offset":111168,"length":55296,"count":27648,"stride":2}}],"vertexBundles":[{"view":{"offset":0,"length":111168,"count":4632,"stride":24},"attributes":[{"name":"a_position","format":32,"isNormalized":false},{"name":"a_normal","format":32,"isNormalized":false}]}]},"minPosition",8,[1,-0.006948122289031744,-0.006948122289031744,-0.00041334424167871475],"maxPosition",8,[1,0.006948122289031744,0.006948122289031744,0.0004133445327170193]]],-1],0,0,[],[],[]],[[[6,"Material.047",[{"rasterizerState":{},"blendState":{"targets":[{}]},"depthStencilState":{}}],[{"DCC_APP_NAME":2,"HAS_EXPORTED_METALLIC":true}],[[[{"shininessExponent":66.64495807608297,"emissiveScale":1,"metallic":0.7163636088371277,"specularFactor":0.25,"transparencyFactor":0},"mainColor",8,[4,4285887861],"emissive",8,[4,4278190080]]],11]]],0,0,[0],[2],[0]],[[[3,".bin",144591476,[{"primitives":[{"primitiveMode":7,"vertexBundelIndices":[0],"indexView":{"offset":379392,"length":184308,"count":92154,"stride":2}}],"vertexBundles":[{"view":{"offset":0,"length":379392,"count":15808,"stride":24},"attributes":[{"name":"a_position","format":32,"isNormalized":false},{"name":"a_normal","format":32,"isNormalized":false}]}]},"minPosition",8,[1,-0.002070625079795718,-0.010358788073062897,-0.0006589211407117546],"maxPosition",8,[1,0.002070625079795718,0.010341381654143333,0.012117497622966766]]],-1],0,0,[],[],[]],[[[6,"Material.049",[{"rasterizerState":{},"blendState":{"targets":[{}]},"depthStencilState":{}}],[{"DCC_APP_NAME":2,"HAS_EXPORTED_METALLIC":true}],[[[{"shininessExponent":52.89256080123019,"emissiveScale":1,"metallic":1,"specularFactor":0.25,"transparencyFactor":0},"mainColor",8,[4,4293388263],"emissive",8,[4,4278190080]]],11]]],0,0,[0],[2],[0]],[[[6,"Material.046",[{"rasterizerState":{},"blendState":{"targets":[{}]},"depthStencilState":{}}],[{"DCC_APP_NAME":2,"HAS_EXPORTED_METALLIC":true}],[[[{"shininessExponent":45.01190294951449,"emissiveScale":1,"metallic":0.8218181729316711,"specularFactor":0,"transparencyFactor":0},"mainColor",8,[4,4287664272],"emissive",8,[4,4278190080]]],11]]],0,0,[0],[2],[0]],[[[6,"Material.048",[{"rasterizerState":{},"blendState":{"targets":[{}]},"depthStencilState":{}}],[{"DCC_APP_NAME":2,"HAS_EXPORTED_METALLIC":true}],[[[{"shininessExponent":2.388428881148741,"emissiveScale":1,"metallic":0,"specularFactor":0.16090908646583557,"transparencyFactor":0},"mainColor",8,[4,4284784871],"emissive",8,[4,4278190080]]],11]]],0,0,[0],[2],[0]],[[[3,".bin",1178709172,[{"primitives":[{"primitiveMode":7,"vertexBundelIndices":[0],"indexView":{"offset":663744,"length":165888,"count":82944,"stride":2}}],"vertexBundles":[{"view":{"offset":0,"length":663744,"count":13828,"stride":48},"attributes":[{"name":"a_position","format":32,"isNormalized":false},{"name":"a_normal","format":32,"isNormalized":false},{"name":"a_texCoord","format":21,"isNormalized":false},{"name":"a_tangent","format":44,"isNormalized":false}]}]},"minPosition",8,[1,-0.006856644060462713,-0.0018614790169522166,-0.0070010400377213955],"maxPosition",8,[1,-0.0034875564742833376,0.0018628528341650963,0.007001042831689119]]],-1],0,0,[],[],[]],[[[9,"10"],[19,"10",[[[16,"Camera.010",-3,[0,"46SXEzc/haK42u3jG+gs8E",null,null,null,-2,0],[1,1.7041728496551514,0.5835438966751099,7.318891525268555],[3,0.01972418267029583,0.7781040027365803,0.01590968659244419,0.6276240908504317],[1,100.00000762939453,100.00001525878906,100],[1,-0.0000021345630773043763,102.22022281111197,2.904164789277678]],-4],4,1],[0,"aeHdt+U3pWAJNG2wvukAv3",null,null,null,-1,0]],[17,"Roundcube.001",1,[-6,-7,-8,-9,-10,-11],[[5,-5,[1,"44SdnFCa5fapp+K+n3hop6"],[12],[2],13]],[0,"9453WwBk5eo6OMpqhVwx3I",null,null,null,1,0],[1,0,0.47664788365364075,0],[3,-0.7584295847694659,-0.12717896664391018,-0.1255793269942176,0.6267694217345658],[1,78.73005676269531,78.73005676269531,78.73005676269531],[1,-100.49128350044647,-20.49530031590247,2.0340846462099114]],[18,"Roundcube.002",2,[[5,-12,[1,"17GFOdBc9Wvp5gxv6lYy8j"],[0],[2],1]],[0,"05USGkNdhXGbOSdUMaJ5E1",null,null,null,1,0],[3,-0.006328802090721412,3.7253644617032605e-9,-3.0501425388220455e-8,0.9999799729315061],[1,-0.7252321397748479,4.047663058154658e-7,-0.000003497837625032616]],[10,"Roundcube.003",2,[[5,-13,[1,"40C+eTFgFWKIriygJMByAT"],[2],[2],3]],[0,"32aTKE8LxeQZzycPkWAlKo",null,null,null,1,0],[3,-0.006113150562428759,0.0016380183935730337,0.25881382567836986,0.9659064912938881],[1,1.6337019205093384,1.6337019205093384,1.633702039718628],[1,-0.8374107709548597,0.41869469131084003,29.99734582434409]],[7,"Circle.004",2,[[5,-14,[1,"b6cLltN0VVmZ23tvOhmGD6"],[4],[2],5]],[0,"cagCuXls9daIXpu0iUPbP2",null,null,null,1,0],[1,-9.313225537987968e-12,-0.000037269182939780876,-0.0029442308004945517],[3,-0.00447519127898363,0.7070924708340338,-0.004475106994289809,0.7070927688572606],[1,1.633702039718628,1.633702039718628,1.6337019205093384],[1,-0.000006982712827120636,89.99997580695756,-0.7252338027539676]],[7,"Circle.005",2,[[5,-15,[1,"b8TmcTm81f9o9ksJ59GPjh"],[6],[2],7]],[0,"8bH0n/qGpagZCwQ3tsNbAX",null,null,null,1,0],[1,-9.313225537987968e-12,-0.000037269182939780876,-0.0029442308004945517],[3,-0.00447519127898363,0.7070924708340338,-0.004475106994289809,0.7070927688572606],[1,1.633702039718628,1.633702039718628,1.6337019205093384],[1,-0.000006982712827120636,89.99997580695756,-0.7252338027539676]],[10,"Roundcube.004",2,[[5,-16,[1,"b3LEPCUipXK6S/29Fpm5I3"],[8],[2],9]],[0,"cc1R5GMCFcuKAnDT0wPNdL",null,null,null,1,0],[3,-0.006328802556364048,1.7102407269680336e-9,-2.6936291421990955e-8,0.9999799729285592],[1,1.6337019205093384,1.633702039718628,1.633702039718628],[1,-0.7252321931346398,1.7644029103218803e-7,-0.0000030878501247890265]],[7,"Cylinder.010",2,[[5,-17,[1,"70npAXYrJTJazYJKq+iN0M"],[10],[2],11]],[0,"c9zCpTznFYPog64DqG4kDF",null,null,null,1,0],[1,1.490116086078075e-10,0.000180990100488998,0.014298059977591038],[3,-0.006328802556364048,1.7102407269680336e-9,-2.6936291421990955e-8,0.9999799729285592],[1,1.6337019205093384,1.633702039718628,1.633702039718628],[1,-0.7252321931346398,1.7644029103218803e-7,-0.0000030878501247890265]]],0,[0,3,1,0,3,1,0,7,1,0,-2,2,0,0,2,0,-1,3,0,-2,4,0,-3,5,0,-4,6,0,-5,7,0,-6,8,0,0,3,0,0,4,0,0,5,0,0,6,0,0,7,0,0,8,0,4,1,17],[0,0,0,0,0,0,0,0,0,0,0,0,0,0],[-1,1,-1,1,-1,1,-1,1,-1,1,-1,1,-1,1],[1,7,1,8,9,10,1,11,12,13,1,14,15,16]],[[[3,".bin",1664721621,[{"primitives":[{"primitiveMode":7,"vertexBundelIndices":[0],"indexView":{"offset":67632,"length":33792,"count":16896,"stride":2}}],"vertexBundles":[{"view":{"offset":0,"length":67632,"count":2818,"stride":24},"attributes":[{"name":"a_position","format":32,"isNormalized":false},{"name":"a_normal","format":32,"isNormalized":false}]}]},"minPosition",8,[1,-0.010523872449994087,-0.010281438939273357,-0.0017640911974012852],"maxPosition",8,[1,0.010523872449994087,0.010281438939273357,0.011735595762729645]]],-1],0,0,[],[],[]]]]
