[1,["c0lVfDIWlCMJpZmR0bjjct@dee23","37qs/78ExOQ5rQaKWqO7fg","47uqfAoqRD5ojpblK2w9vu"],["node","_mesh","_material","_parent","root","data"],[["cc.Node",["_name","_prefab","_children","_components","_lrot","_lscale","_euler","_parent"],2,4,2,9,5,5,5,1],["cc.BoxCollider",["node","__prefab","_center","_size","_material"],3,1,4,5,5,6],["cc.Prefab",["_name"],2],["cc.CompPrefabInfo",["fileId"],2],["cc.CylinderCollider",["_radius","_height","node","__prefab","_center"],1,1,4,5],["cc.PrefabInfo",["fileId","instance","targetOverrides","nestedPrefabInstanceRoots","root","asset"],-1,1,1],["cc.MeshRenderer",["node","__prefab","_materials","bakeSettings","_mesh"],3,1,4,3,4,6],["cc.ModelBakeSettings",[],3],["cc.MeshCollider",["node","__prefab","_mesh"],3,1,4,6],["cc.RigidBody",["_group","_type","node","__prefab"],1,1,4],["cc.Mesh",["_native","_hash","_struct"],1,11]],[[3,0,2],[5,0,1,2,3,4,5,5],[1,0,1,2,3,4,1],[1,0,1,2,3,1],[0,0,3,1,4,5,6,2],[6,0,1,2,3,4,1],[7,1],[2,0,2],[0,0,2,3,1,2],[0,0,7,2,1,2],[4,0,1,2,3,4,3],[8,0,1,2,1],[9,0,1,2,3,3],[10,0,1,2,3]],[[[[7,"road07"],[8,"road07",[-6],[[2,-2,[0,"10yP/wktNBPp+bQ7CZYBGy"],[1,0,0.5,-1.5],[1,1,1,3],5],[10,0.75,1,-3,[0,"9f6f1lrclCaZb4zixleB66"],[1,0,0.5,-1.5]],[2,-4,[0,"978l/IH/JDz5uOGqshcKfD"],[1,0.6,1,-1.5],[1,0.2,1,3],6],[2,-5,[0,"978l/IH/JDz5uOGqshcKfD"],[1,-0.6,1,-1.5],[1,0.2,1,3],7]],[1,"c9+WP6SxBanZx0oSjoN1Vq",null,null,null,-1,0]],[4,"road07",[[5,-7,[0,"70R41BY0tXLYpsUyL4x+JZ"],[0],[6],1],[3,-8,[0,"64A6lXATJMNa+aoEb53Shg"],[1,-0.187,0.603,0.6],[1,0.02,1.2,0.7]],[3,-9,[0,"64A6lXATJMNa+aoEb53Shg"],[1,0.187,0.603,0.6],[1,0.02,1.2,0.7]],[3,-10,[0,"64A6lXATJMNa+aoEb53Shg"],[1,0,0.603,0.194],[1,0.4,1.193,0.4]]],[1,"52cKc3ZytbobWHVbChjzEm",null,null,null,1,0],[3,-0.7071067811865476,0,0,0.7071067811865476],[1,2.53999996185303,2.53999996185303,2.53999996185303],[1,-90.00000000000003,0,0]],[4,"road07-001",[[5,-11,[0,"e6XvuZ3eZGOaIG9VKREObC"],[2],[6],3],[11,-12,[0,"feteVMnohNUaVEVfpGddin"],4],[12,16,2,-13,[0,"a1TS0e1gBN6qvribZht8e7"]]],[1,"f7WTqKaM1IRom5YqWi+Mzn",null,null,null,1,0],[3,-0.7071067811865476,0,0,0.7071067811865476],[1,2.53999996185303,2.53999996185303,2.53999996185303],[1,-90.00000000000003,0,0]],[9,"RootNode",1,[2,3],[1,"57+lq1ByZbtLGXpMOTGS12",null,null,null,1,0]]],0,[0,4,1,0,0,1,0,0,1,0,0,1,0,0,1,0,-1,4,0,0,2,0,0,2,0,0,2,0,0,2,0,0,3,0,0,3,0,0,3,0,5,1,2,3,4,3,3,4,13],[0,0,0,0,0,0,0,0],[-1,1,-1,1,1,2,2,2],[2,0,2,0,0,1,1,1]],[[[13,".bin",3097867657,[{"primitives":[{"primitiveMode":7,"vertexBundelIndices":[0],"indexView":{"offset":21360,"length":2520,"count":1260,"stride":2}}],"vertexBundles":[{"view":{"offset":0,"length":21360,"count":445,"stride":48},"attributes":[{"name":"a_position","format":32,"isNormalized":false},{"name":"a_normal","format":32,"isNormalized":false},{"name":"a_texCoord","format":21,"isNormalized":false},{"name":"a_tangent","format":44,"isNormalized":false}]}]},"minPosition",8,[1,-0.29540327191352844,0.000002441406195430318,0],"maxPosition",8,[1,0.2951478958129883,1.1850427389144897,0.409447580575943]]],-1],0,0,[],[],[]]]]
