[1,["e9DHIZJR9H/7UvJ+PWTrBg","b7DwF2TjFBipklxcGH+HuO@7ef92"],["root","node","data","_mesh"],[["cc.Node",["_name","_prefab","_children","_lrot","_euler","_parent","_lpos","_components","_lscale"],2,4,2,5,5,1,5,9,5],["cc.Mesh",["_native","_hash","_struct"],1,11],["cc.Prefab",["_name"],2],["cc.PrefabInfo",["fileId","instance","targetOverrides","nestedPrefabInstanceRoots","root","asset"],-1,1,1],["cc.MeshRenderer",["node","__prefab","_materials","bakeSettings","_mesh"],3,1,4,3,4,6],["cc.CompPrefabInfo",["fileId"],2],["cc.ModelBakeSettings",[],3]],[[3,0,1,2,3,4,5,5],[1,0,1,2,3],[2,0,2],[0,0,2,1,6,3,4,2],[0,0,5,2,1,2],[0,0,5,7,1,3,8,4,2],[4,0,1,2,3,4,1],[5,0,2],[6,1]],[[[[1,".bin",3984697919,[{"primitives":[{"primitiveMode":7,"vertexBundelIndices":[0],"indexView":{"offset":15456,"length":1956,"count":978,"stride":2}}],"vertexBundles":[{"view":{"offset":0,"length":15456,"count":322,"stride":48},"attributes":[{"name":"a_position","format":32,"isNormalized":false},{"name":"a_normal","format":32,"isNormalized":false},{"name":"a_texCoord","format":21,"isNormalized":false},{"name":"a_tangent","format":44,"isNormalized":false}]}]},"minPosition",8,[1,-0.03818066418170929,-0.08753110468387604,-7.796287491146359e-7],"maxPosition",8,[1,0.0375269316136837,0.037047792226076126,0.0313652828335762]]],-1],0,0,[],[],[]],[[[2,"shoesR"],[3,"shoesR",[-2],[0,"9eKrrJzNlEJZc9F5RT4NEP",null,null,null,-1,0],[1,-0.09,-0.008,0],[3,0,0.7071067811865475,0,0.7071067811865477],[1,0,89.99999999999999,0]],[4,"RootNode",1,[-3],[0,"8cI3UO7jlIj5WaSLrNqQWy",null,null,null,1,0]],[5,"shoes",2,[[6,-4,[7,"49+dooZ1hMcLz8s6jEQzpt"],[0],[8],1]],[0,"5dTXqxNgdIwruTt4z4iOIa",null,null,null,1,0],[3,-0.7071067811865476,0,0,0.7071067811865476],[1,2.53999996185303,2.53999996185303,2.53999996185303],[1,-90.00000000000003,0,0]]],0,[0,0,1,0,-1,2,0,-1,3,0,1,3,0,2,1,4],[0,0],[-1,3],[0,1]]]]
