[1,["47uqfAoqRD5ojpblK2w9vu","10oeRwxrNHQrEJGutpf9z2@0267f","37qs/78ExOQ5rQaKWqO7fg","10oeRwxrNHQrEJGutpf9z2@17f98","10oeRwxrNHQrEJGutpf9z2@e928f"],["node","_mesh","_material","root","data"],[["cc.Node",["_name","_prefab","_children","_parent","_components","_lrot","_lscale","_euler"],2,4,2,1,9,5,5,5],["cc.MeshRenderer",["_enabled","node","__prefab","_materials","bakeSettings","_mesh"],2,1,4,3,4,6],["cc.MeshCollider",["_convex","node","__prefab","_mesh"],2,1,4,6],["cc.Mesh",["_native","_hash","_struct"],1,11],["cc.Prefab",["_name"],2],["cc.PrefabInfo",["fileId","instance","targetOverrides","nestedPrefabInstanceRoots","root","asset"],-1,1,1],["cc.CompPrefabInfo",["fileId"],2],["cc.ModelBakeSettings",[],3],["cc.RigidBody",["_group","_type","node","__prefab"],1,1,4],["cc.BoxCollider",["node","__prefab","_center","_size","_material"],3,1,4,5,5,6]],[[6,0,2],[5,0,1,2,3,4,5,5],[0,0,3,4,1,5,6,7,2],[7,1],[3,0,1,2,3],[1,1,2,3,4,5,1],[9,0,1,2,3,4,1],[4,0,2],[0,0,2,1,2],[0,0,3,2,1,2],[1,0,1,2,3,4,5,2],[2,1,2,3,1],[2,0,1,2,3,2],[8,0,1,2,3,3]],[[[[4,".bin",2500314146,[{"primitives":[{"primitiveMode":7,"vertexBundelIndices":[0],"indexView":{"offset":5760,"length":648,"count":324,"stride":2}}],"vertexBundles":[{"view":{"offset":0,"length":5760,"count":120,"stride":48},"attributes":[{"name":"a_position","format":32,"isNormalized":false},{"name":"a_normal","format":32,"isNormalized":false},{"name":"a_texCoord","format":21,"isNormalized":false},{"name":"a_tangent","format":44,"isNormalized":false}]}]},"minPosition",8,[1,-0.19685107469558716,-1.5258788721439487e-7,-0.000141901895403862],"maxPosition",8,[1,0.1968502700328827,2.755906343460083,0.5905511975288391]]],-1],0,0,[],[],[]],[[[4,".bin",962554338,[{"primitives":[{"primitiveMode":7,"vertexBundelIndices":[0],"indexView":{"offset":24576,"length":5304,"count":2652,"stride":2}}],"vertexBundles":[{"view":{"offset":0,"length":24576,"count":512,"stride":48},"attributes":[{"name":"a_position","format":32,"isNormalized":false},{"name":"a_normal","format":32,"isNormalized":false},{"name":"a_texCoord","format":21,"isNormalized":false},{"name":"a_tangent","format":44,"isNormalized":false}]}]},"minPosition",8,[1,0.1771656721830368,-1.5258788721439487e-7,-0.000141901895403862],"maxPosition",8,[1,0.19685043394565582,2.755906343460083,0.6062992215156555]]],-1],0,0,[],[],[]],[[[4,".bin",473528257,[{"primitives":[{"primitiveMode":7,"vertexBundelIndices":[0],"indexView":{"offset":24576,"length":5304,"count":2652,"stride":2}}],"vertexBundles":[{"view":{"offset":0,"length":24576,"count":512,"stride":48},"attributes":[{"name":"a_position","format":32,"isNormalized":false},{"name":"a_normal","format":32,"isNormalized":false},{"name":"a_texCoord","format":21,"isNormalized":false},{"name":"a_tangent","format":44,"isNormalized":false}]}]},"minPosition",8,[1,-0.19685111939907074,-1.5258788721439487e-7,-0.00014182554150465876],"maxPosition",8,[1,-0.17716513574123383,2.755906820297241,0.6062993407249451]]],-1],0,0,[],[],[]],[[[7,"road02"],[8,"road02",[-2],[1,"22JxQnFHtPPbY0XLrmwajd",null,null,null,-1,0]],[9,"RootNode",1,[-3,-4,-5,-6],[1,"eeZmwWP0JFJqt1KPVirOcC",null,null,null,1,0]],[2,"road02A-001",2,[[10,false,-7,[0,"57IoRSnRpH+o3EcZEgOukB"],[9],[3],10],[11,-8,[0,"b37dTvSs1PzLVDszYchh4E"],11],[13,16,2,-9,[0,"a0g6sNYd9Lqr/2mDoTFboh"]]],[1,"f7QIPWHv1AbZPUcUQr4VAW",null,null,null,1,0],[3,-0.7071067811865476,0,0,0.7071067811865476],[1,2.53999996185303,2.53999996185303,2.53999996185303],[1,-90.00000000000003,0,0]],[2,"road02C",2,[[5,-10,[0,"053pOkfCNBVY4Jz9usRmVY"],[0],[3],1],[6,-11,[0,"64A6lXATJMNa+aoEb53Shg"],[1,0.187,1.38,0.6],[1,0.02,2.755,0.7],2]],[1,"18zol60jxHZ722n6xaJpVK",null,null,null,1,0],[3,-0.7071067811865477,0,0,0.7071067811865474],[1,2.53999996185303,2.53999996185303,2.53999996185303],[1,-90.00000000000003,0,0]],[2,"road02A",2,[[5,-12,[0,"8fslqsCUhIgasOK0tsURjn"],[3],[3],4],[12,true,-13,[0,"49qXCogKNF3qeO2vjXUdYq"],5]],[1,"5bYsExA79C1aLKPiBqrwqy",null,null,null,1,0],[3,-0.7071067811865476,0,0,0.7071067811865476],[1,2.53999996185303,2.53999996185303,2.53999996185303],[1,-90.00000000000003,0,0]],[2,"road02B",2,[[5,-14,[0,"cdH2MAr7RH4oacrPkONyZX"],[6],[3],7],[6,-15,[0,"64A6lXATJMNa+aoEb53Shg"],[1,-0.187,1.38,0.6],[1,0.02,2.755,0.7],8]],[1,"97YtZn+EFGUrFef5nTM7ss",null,null,null,1,0],[3,-0.7071067811865476,0,0,0.7071067811865476],[1,2.53999996185303,2.53999996185303,2.53999996185303],[1,-90.00000000000003,0,0]]],0,[0,3,1,0,-1,2,0,-1,4,0,-2,5,0,-3,6,0,-4,3,0,0,3,0,0,3,0,0,3,0,0,4,0,0,4,0,0,5,0,0,5,0,0,6,0,0,6,0,4,1,15],[0,0,0,0,0,0,0,0,0,0,0,0],[-1,1,2,-1,1,1,-1,1,2,-1,1,1],[0,3,2,0,1,1,0,4,2,0,1,1]]]]
