[1,["34HKLL5JtGIbh1hkvO5Fqv","6dXvTxVOVJboKqEx78j++0","e15S3/9XdABpUPxAuUhJDR@6c48a","1brw/JvvpFnIvdrxpFCgMZ","3dxwvPDJZJqYh9qekNRKaI@f6fe2","3dxwvPDJZJqYh9qekNRKaI@d9331","3dxwvPDJZJqYh9qekNRKaI@12c9c","3dxwvPDJZJqYh9qekNRKaI@5d55c","3dxwvPDJZJqYh9qekNRKaI@08ad5"],["node","_mesh","mainTexture","_effectAsset","root","data","_defaultClip"],[["cc.Node",["_name","_prefab","_components","_parent","_children","_lrot","_lscale","_euler","_lpos"],2,4,9,1,2,5,5,5,5],["cc.Material",["_name","_states","_defines","_props"],0,12],["cc.Mesh",["_native","_hash","_struct"],1,11],["cc.Prefab",["_name"],2],["cc.Animation",["playOnLoad","node","__prefab","_clips","_defaultClip"],2,1,4,3,6],["cc.CompPrefabInfo",["fileId"],2],["cc.PrefabInfo",["fileId","instance","targetOverrides","nestedPrefabInstanceRoots","root","asset"],-1,1,1],["cc.MeshRenderer",["node","__prefab","_materials","bakeSettings","_mesh"],3,1,4,3,4,6],["cc.ModelBakeSettings",[],3],["cc.BoxCollider",["_isTrigger","node","__prefab","_center","_size"],2,1,4,5,5],["52708yzRJRNKKmsD4pqaco/",["colliderName","node","__prefab"],2,1,4],["cc.RigidBody",["_group","_type","node","__prefab"],1,1,4]],[[5,0,2],[6,0,1,2,3,4,5,5],[2,0,1,2,3],[7,0,1,2,3,4,1],[8,1],[0,0,3,2,1,8,5,6,7,2],[9,0,1,2,3,4,2],[10,0,1,2,2],[11,0,1,2,3,3],[1,0,1,2,3,4],[3,0,2],[0,0,4,2,1,2],[0,0,3,4,1,2],[0,0,3,2,1,5,6,7,2],[4,0,1,2,3,4,2]],[[[[9,"organDoor",[{"rasterizerState":{},"depthStencilState":{},"blendState":{"targets":[{}]}},{},{}],[{"USE_INSTANCING":true,"USE_ALBEDO_MAP":true},{},{}],[[[{"roughness":1,"metallic":0},"albedoScale",8,[1,0.588235318660736,0.588235318660736,0.588235318660736],"mainTexture",6,0],{},{}],11,0,0]]],0,0,[0,0],[2,3],[2,3]],[[[2,".bin",3012095075,[{"primitives":[{"primitiveMode":7,"vertexBundelIndices":[0],"indexView":{"offset":2304,"length":144,"count":72,"stride":2}}],"vertexBundles":[{"view":{"offset":0,"length":2304,"count":48,"stride":48},"attributes":[{"name":"a_position","format":32,"isNormalized":false},{"name":"a_normal","format":32,"isNormalized":false},{"name":"a_texCoord","format":21,"isNormalized":false},{"name":"a_tangent","format":44,"isNormalized":false}]}]},"minPosition",8,[1,0.009467601776123047,-0.009842521511018276,-8.604604251338799e-10],"maxPosition",8,[1,0.11312109977006912,0.0098425867035985,0.2661418318748474]]],-1],0,0,[],[],[]],[[[2,".bin",3017224548,[{"primitives":[{"primitiveMode":7,"vertexBundelIndices":[0],"indexView":{"offset":2304,"length":144,"count":72,"stride":2}}],"vertexBundles":[{"view":{"offset":0,"length":2304,"count":48,"stride":48},"attributes":[{"name":"a_position","format":32,"isNormalized":false},{"name":"a_normal","format":32,"isNormalized":false},{"name":"a_texCoord","format":21,"isNormalized":false},{"name":"a_tangent","format":44,"isNormalized":false}]}]},"minPosition",8,[1,-0.1131412461400032,-0.009842521511018276,0],"maxPosition",8,[1,-0.009467601776123047,0.00984255876392126,0.26614177227020264]]],-1],0,0,[],[],[]],[[[2,".bin",1376403357,[{"primitives":[{"primitiveMode":7,"vertexBundelIndices":[0],"indexView":{"offset":2304,"length":144,"count":72,"stride":2}}],"vertexBundles":[{"view":{"offset":0,"length":2304,"count":48,"stride":48},"attributes":[{"name":"a_position","format":32,"isNormalized":false},{"name":"a_normal","format":32,"isNormalized":false},{"name":"a_texCoord","format":21,"isNormalized":false},{"name":"a_tangent","format":44,"isNormalized":false}]}]},"minPosition",8,[1,-0.11474692821502686,-0.009842519648373127,0],"maxPosition",8,[1,-0.009467601776123047,0.009842554107308388,0.26614174246788025]]],-1],0,0,[],[],[]],[[[2,".bin",2949500578,[{"primitives":[{"primitiveMode":7,"vertexBundelIndices":[0],"indexView":{"offset":2304,"length":144,"count":72,"stride":2}}],"vertexBundles":[{"view":{"offset":0,"length":2304,"count":48,"stride":48},"attributes":[{"name":"a_position","format":32,"isNormalized":false},{"name":"a_normal","format":32,"isNormalized":false},{"name":"a_texCoord","format":21,"isNormalized":false},{"name":"a_tangent","format":44,"isNormalized":false}]}]},"minPosition",8,[1,0.009467601776123047,-0.009842521511018276,-8.604604251338799e-10],"maxPosition",8,[1,0.11480452865362167,0.0098425867035985,0.266141802072525]]],-1],0,0,[],[],[]],[[[2,".bin",1933542094,[{"primitives":[{"primitiveMode":7,"vertexBundelIndices":[0],"indexView":{"offset":9216,"length":540,"count":270,"stride":2}}],"vertexBundles":[{"view":{"offset":0,"length":9216,"count":192,"stride":48},"attributes":[{"name":"a_position","format":32,"isNormalized":false},{"name":"a_normal","format":32,"isNormalized":false},{"name":"a_texCoord","format":21,"isNormalized":false},{"name":"a_tangent","format":44,"isNormalized":false}]}]},"minPosition",8,[1,-0.22755908966064453,-0.019685043022036552,0],"maxPosition",8,[1,0.22751447558403015,0.019685063511133194,0.2782151997089386]]],-1],0,0,[],[],[]],[[[10,"organDoor"],[11,"organDoor",[-3],[[14,true,-2,[0,"4144kdimlHx56Imwblt+cW"],[10],11]],[1,"08yQQFbQlMDa0g+CD9cmwZ",null,null,null,-1,0]],[12,"RootNode",1,[-4,-5,-6,-7,-8],[1,"523XxVvUZLQrV5uPProRb5",null,null,null,1,0]],[5,"organDoor01",2,[[3,-9,[0,"8feO4UkpVF5bZOuO+6xYuz"],[2],[4],3],[6,true,-10,[0,"bcJt/T35ZGnawnttXjQXZp"],[1,0.054,0,0.13],[1,0.09,0.01,0.26]],[7,5,-11,[0,"21fs0KwQFKb7ee6JewIyFX"]],[8,4,2,-12,[0,"58T4Nwpu9A1Y8JH9wrtbQX"]]],[1,"70X2rBCFZGSKq72HkF16MG",null,null,null,1,0],[1,-0.567997932434082,0,0],[3,-0.7071067811865477,0,0,0.7071067811865474],[1,2.53999996185303,2.53999996185303,2.53999996185303],[1,-90.00000000000003,0,0]],[5,"organDoor02",2,[[3,-13,[0,"24YEz4T8FG0qIKT1Di+C+c"],[4],[4],5],[6,true,-14,[0,"bcJt/T35ZGnawnttXjQXZp"],[1,-0.054,0,0.13],[1,0.09,0.01,0.26]],[7,5,-15,[0,"21fs0KwQFKb7ee6JewIyFX"]],[8,4,2,-16,[0,"30VxYUxe9AsaNbTAp8kiVv"]]],[1,"2cXv/oAMdEfqpAreM3qIx9",null,null,null,1,0],[1,0.0160158313810825,0,0],[3,-0.7071067811865476,0,0,0.7071067811865476],[1,2.53999996185303,2.53999996185303,2.53999996185303],[1,-90.00000000000003,0,0]],[5,"organDoor04",2,[[3,-17,[0,"a7b6hdTgNAhrFmTjhmtzYY"],[6],[4],7],[6,true,-18,[0,"bcJt/T35ZGnawnttXjQXZp"],[1,-0.054,0,0.13],[1,0.09,0.01,0.26]],[8,4,2,-19,[0,"5c0H4DJfZBuaZO2C+ahxyQ"]],[7,5,-20,[0,"aeNJJqF0lL7I0FKnB/+qmz"]]],[1,"93Whgr7WJM24jDCO9bmTaL",null,null,null,1,0],[1,0.567886710166931,0,9.93133689859254e-17],[3,-0.7071067811865476,0,0,0.7071067811865476],[1,2.53999996185303,2.53999996185303,2.53999996185303],[1,-90.00000000000003,0,0]],[5,"organDoor03",2,[[3,-21,[0,"b1wCt1zDpLVaPUwqPNHZoP"],[8],[4],9],[6,true,-22,[0,"bcJt/T35ZGnawnttXjQXZp"],[1,0.054,0,0.13],[1,0.09,0.01,0.26]],[7,5,-23,[0,"21fs0KwQFKb7ee6JewIyFX"]],[8,4,2,-24,[0,"7bODCIkY1OdaZ6YmDS26O9"]]],[1,"2b+go+7rpNhIEd8VRrEX8s",null,null,null,1,0],[1,-0.0157709307968616,0,9.93133689859254e-17],[3,-0.7071067811865476,0,0,0.7071067811865476],[1,2.53999996185303,2.53999996185303,2.53999996185303],[1,-90.00000000000003,0,0]],[13,"organDoor",2,[[3,-25,[0,"2buurixuVHEJ9kNvzCOsp0"],[0],[4],1]],[1,"bc+6u4rYlKKqFFdBDq4Bnn",null,null,null,1,0],[3,-0.7071067811865476,0,0,0.7071067811865476],[1,2.53999996185303,2.53999996185303,2.53999996185303],[1,-90.00000000000003,0,0]]],0,[0,4,1,0,0,1,0,-1,2,0,-1,7,0,-2,3,0,-3,4,0,-4,5,0,-5,6,0,0,3,0,0,3,0,0,3,0,0,3,0,0,4,0,0,4,0,0,4,0,0,4,0,0,5,0,0,5,0,0,5,0,0,5,0,0,6,0,0,6,0,0,6,0,0,6,0,0,7,0,5,1,25],[0,0,0,0,0,0,0,0,0,0,0,0],[-1,1,-1,1,-1,1,-1,1,-1,1,-1,6],[0,4,0,5,0,6,0,7,0,8,1,1]]]]
