[1,["131077724@6c48a"],["_textureSource"],["cc.SpriteFrame"],0,[[[{"name":"shopBox02a","rect":{"x":3,"y":150,"width":123,"height":155},"offset":{"x":0,"y":0},"originalSize":{"width":123,"height":155},"rotated":true,"capInsets":[0,0,0,0],"packable":true,"pixelsToUnit":100,"pivot":{"x":0.5,"y":0.5},"meshType":0}],[0],0,[0],[0],[0]],[[{"name":"shopImgLine","rect":{"x":164,"y":150,"width":620,"height":8},"offset":{"x":0,"y":0},"originalSize":{"width":620,"height":8},"rotated":true,"capInsets":[0,0,0,0],"packable":true,"pixelsToUnit":100,"pivot":{"x":0.5,"y":0.5},"meshType":0}],[0],0,[0],[0],[0]],[[{"name":"shopTap02","rect":{"x":3,"y":408,"width":155,"height":67},"offset":{"x":0,"y":0},"originalSize":{"width":155,"height":67},"rotated":false,"capInsets":[0,0,0,0],"packable":true,"pixelsToUnit":100,"pivot":{"x":0.5,"y":0.5},"meshType":0}],[0],0,[0],[0],[0]],[[{"name":"shopIconLock","rect":{"x":132,"y":776,"width":92,"height":103},"offset":{"x":0,"y":0},"originalSize":{"width":92,"height":103},"rotated":true,"capInsets":[0,0,0,0],"packable":true,"pixelsToUnit":100,"pivot":{"x":0.5,"y":0.5},"meshType":0}],[0],0,[0],[0],[0]],[[{"name":"showBox01","rect":{"x":3,"y":554,"width":141,"height":141},"offset":{"x":0,"y":0},"originalSize":{"width":141,"height":141},"rotated":false,"capInsets":[0,0,0,0],"packable":true,"pixelsToUnit":100,"pivot":{"x":0.5,"y":0.5},"meshType":0}],[0],0,[0],[0],[0]],[[{"name":"shopBox01b","rect":{"x":3,"y":701,"width":123,"height":123},"offset":{"x":0,"y":0},"originalSize":{"width":123,"height":123},"rotated":false,"capInsets":[0,0,0,0],"packable":true,"pixelsToUnit":100,"pivot":{"x":0.5,"y":0.5},"meshType":0}],[0],0,[0],[0],[0]],[[{"name":"shopBox01a","rect":{"x":3,"y":830,"width":123,"height":123},"offset":{"x":0,"y":0},"originalSize":{"width":123,"height":123},"rotated":false,"capInsets":[0,0,0,0],"packable":true,"pixelsToUnit":100,"pivot":{"x":0.5,"y":0.5},"meshType":0}],[0],0,[0],[0],[0]],[[{"name":"shopImgGet","rect":{"x":178,"y":613,"width":70,"height":52},"offset":{"x":0,"y":0},"originalSize":{"width":70,"height":52},"rotated":false,"capInsets":[0,0,0,0],"packable":true,"pixelsToUnit":100,"pivot":{"x":0.5,"y":0.5},"meshType":0}],[0],0,[0],[0],[0]],[[{"name":"showBox02","rect":{"x":3,"y":3,"width":141,"height":173},"offset":{"x":0,"y":0},"originalSize":{"width":141,"height":173},"rotated":true,"capInsets":[0,0,0,0],"packable":true,"pixelsToUnit":100,"pivot":{"x":0.5,"y":0.5},"meshType":0}],[0],0,[0],[0],[0]],[[{"name":"shopBox02b","rect":{"x":3,"y":279,"width":123,"height":155},"offset":{"x":0,"y":0},"originalSize":{"width":123,"height":155},"rotated":true,"capInsets":[0,0,0,0],"packable":true,"pixelsToUnit":100,"pivot":{"x":0.5,"y":0.5},"meshType":0}],[0],0,[0],[0],[0]],[[{"name":"shopBtn","rect":{"x":182,"y":3,"width":299,"height":70},"offset":{"x":0,"y":0},"originalSize":{"width":299,"height":70},"rotated":true,"capInsets":[0,0,0,0],"packable":true,"pixelsToUnit":100,"pivot":{"x":0.5,"y":0.5},"meshType":0}],[0],0,[0],[0],[0]],[[{"name":"shopBtnGray","rect":{"x":178,"y":308,"width":299,"height":70},"offset":{"x":0,"y":0},"originalSize":{"width":299,"height":70},"rotated":true,"capInsets":[0,0,0,0],"packable":true,"pixelsToUnit":100,"pivot":{"x":0.5,"y":0.5},"meshType":0}],[0],0,[0],[0],[0]],[[{"name":"shopImg02","rect":{"x":132,"y":701,"width":17,"height":17},"offset":{"x":0,"y":0},"originalSize":{"width":17,"height":17},"rotated":false,"capInsets":[0,0,0,0],"packable":true,"pixelsToUnit":100,"pivot":{"x":0.5,"y":0.5},"meshType":0}],[0],0,[0],[0],[0]],[[{"name":"shopImg01","rect":{"x":132,"y":724,"width":17,"height":17},"offset":{"x":0,"y":0},"originalSize":{"width":17,"height":17},"rotated":false,"capInsets":[0,0,0,0],"packable":true,"pixelsToUnit":100,"pivot":{"x":0.5,"y":0.5},"meshType":0}],[0],0,[0],[0],[0]],[[{"name":"shopTap01","rect":{"x":3,"y":481,"width":155,"height":67},"offset":{"x":0,"y":0},"originalSize":{"width":155,"height":67},"rotated":false,"capInsets":[0,0,0,0],"packable":true,"pixelsToUnit":100,"pivot":{"x":0.5,"y":0.5},"meshType":0}],[0],0,[0],[0],[0]]]]
