[1,["04J4wn+qBAR7KqkTefTDGZ","eaApSSi3hOUYZoD2jH6kry","bc2Ws+ao1C4awKwlDwsqVo@eca8c","ecFNxUzzhJ+LB4SCPXmQ7A@6c48a","1brw/JvvpFnIvdrxpFCgMZ"],["node","root","data","_parent","_mesh","_defaultClip","mainTexture","_effectAsset"],[["cc.Node",["_name","_prefab","_children","_components","_parent","_lscale","_euler"],2,4,2,9,1,5,5],["cc.Mesh",["_native","_hash","_struct"],1,11],["cc.Prefab",["_name"],2],["cc.PrefabInfo",["fileId","instance","targetOverrides","nestedPrefabInstanceRoots","root","asset"],-1,1,1],["cc.MeshRenderer",["_shadowCastingMode","node","__prefab","_materials","bakeSettings","_mesh"],2,1,4,3,4,6],["cc.CompPrefabInfo",["fileId"],2],["cc.ModelBakeSettings",[],3],["cc.RigidBody",["_group","_type","node","__prefab"],1,1,4],["52708yzRJRNKKmsD4pqaco/",["colliderName","node","__prefab"],2,1,4],["cc.BoxCollider",["_isTrigger","node","__prefab","_center","_size"],2,1,4,5,5],["cc.Animation",["playOnLoad","node","__prefab","_clips","_defaultClip"],2,1,4,3,6],["cc.Material",["_name","_states","_defines","_props"],0,12]],[[5,0,2],[3,0,1,2,3,4,5,5],[1,0,1,2,3],[2,0,2],[0,0,2,1,2],[0,0,3,1,5,6,2],[0,0,4,2,3,1,2],[0,0,4,2,1,2],[4,0,1,2,3,4,5,2],[6,1],[7,0,1,2,3,3],[8,0,1,2,2],[9,0,1,2,3,4,2],[10,0,1,2,3,4,2],[11,0,1,2,3,4]],[[[[2,".bin",4252520964,[{"primitives":[{"primitiveMode":7,"vertexBundelIndices":[0],"indexView":{"offset":11520,"length":1512,"count":756,"stride":2}}],"vertexBundles":[{"view":{"offset":0,"length":11520,"count":240,"stride":48},"attributes":[{"name":"a_position","format":32,"isNormalized":false},{"name":"a_normal","format":32,"isNormalized":false},{"name":"a_texCoord","format":21,"isNormalized":false},{"name":"a_tangent","format":44,"isNormalized":false}]}]},"minPosition",8,[1,-0.01291434932500124,-0.014653011225163937,-0.003205970162525773],"maxPosition",8,[1,0.03836573287844658,0.014453690499067307,0.0032059731893241405]]],-1],0,0,[],[],[]],[[[3,"key"],[4,"key",[-2],[1,"f9DG/v0xhII6eBBC0/XLLB",null,null,null,-1,0]],[5,"content",[[8,1,-3,[0,"3bKcewUltX3ZmfDPKGiAG3"],[0],[9],1],[10,4,2,-4,[0,"84WRfQ9W9BIZv+pWHXmr6w"]],[11,10,-5,[0,"45hk2CBsFPnKAK83/N3hkh"]],[12,true,-6,[0,"16kc8mjA1I9LMvJhKO4fPm"],[1,0.012,0,0],[1,0.05,0.03,0.01]]],[1,"324SqfYXRGHLNSL0apNNvM",null,null,null,1,0],[1,2.45,2.45,2.45],[1,0.00000250447806548767,0,0]],[6,"ani",1,[-8],[[13,true,-7,[0,"b8VnFGVm5KCarQWXRYN6GR"],[2],3]],[1,"17jZXwMAxH4KdDWu5v4adq",null,null,null,1,0]],[7,"RootNode",3,[2],[1,"95f8CgWBdBRrvxGzLMAWZS",null,null,null,1,0]]],0,[0,1,1,0,-1,3,0,0,2,0,0,2,0,0,2,0,0,2,0,0,3,0,-1,4,0,2,1,2,3,4,8],[0,0,0,0],[-1,4,-1,5],[1,2,0,0]],[[[14,"key",[{"rasterizerState":{},"depthStencilState":{},"blendState":{"targets":[{}]}},{},{}],[{"USE_INSTANCING":true,"USE_ALBEDO_MAP":true},{},{}],[[[{"roughness":0.3,"metallic":0},"albedoScale",8,[1,0.588235318660736,0.588235318660736,0.588235318660736],"mainTexture",6,0],{},{}],11,0,0]]],0,0,[0,0],[6,7],[3,4]]]]
