[1,["50GRQxYM1JvKrkS0Q0v+/u","1brw/JvvpFnIvdrxpFCgMZ","2cV92Lw7RDNrHFaSvOM1iA","ce2CRKkDVPAJtkIiUYR0rc@c6026"],["node","_effectAsset","root","data","_mesh","_defaultClip"],[["cc.Node",["_name","_prefab","_children","_components","_lrot","_euler","_parent","_lscale"],2,4,2,9,5,5,1,5],["cc.Material",["_name","_states","_defines","_props"],0,12],["cc.Prefab",["_name"],2],["cc.Animation",["node","__prefab","_clips","_defaultClip"],3,1,4,3,6],["cc.CompPrefabInfo",["fileId"],2],["cc.PrefabInfo",["fileId","instance","targetOverrides","nestedPrefabInstanceRoots","root","asset"],-1,1,1],["cc.MeshRenderer",["_shadowCastingMode","node","__prefab","_materials","bakeSettings","_mesh"],2,1,4,3,4,6],["cc.ModelBakeSettings",[],3],["cc.Mesh",["_native","_hash","_struct"],1,11]],[[5,0,1,2,3,4,5,5],[4,0,2],[1,0,1,2,3,4],[2,0,2],[0,0,2,3,1,4,7,5,2],[0,0,6,2,1,2],[0,0,6,3,1,4,5,2],[3,0,1,2,3,1],[6,0,1,2,3,4,5,2],[7,1],[8,0,1,2,3]],[[[[2,"star01",[{"rasterizerState":{},"depthStencilState":{},"blendState":{"targets":[{}]}},{},{}],[{},{},{}],[[[{"roughness":0.4,"metallic":0},"mainColor",8,[4,4281202175],"albedoScale",8,[1,0.588235318660736,0.588235318660736,0.588235318660736],"emissive",8,[4,4278234304]],{},{}],11,0,0]]],0,0,[0],[1],[1]],[[[3,"star01"],[4,"star01",[-3],[[7,-2,[1,"04kGeAZDxBp44wwSYm7pZ6"],[2],3]],[0,"bd6AvstE9BMZWk8YcOIbKt",null,null,null,-1,0],[3,0,0,0.5182733151128145,0.8552150436246858],[1,0.5,0.5,0.5],[1,0,0,62.433]],[5,"RootNode",1,[-4],[0,"9133Nhg8FGur4+pive+q3+",null,null,null,1,0]],[6,"star01",2,[[8,1,-5,[1,"e3O/0lTKRP2740jlfqQ2BJ"],[0],[9],1]],[0,"53zGuNgV1JcqTlvGVxVjIg",null,null,null,1,0],[3,-0.7071067811865476,0,0,0.7071067811865476],[1,-90.00000000000003,0,0]]],0,[0,2,1,0,0,1,0,-1,2,0,-1,3,0,0,3,0,3,1,5],[0,0,0,0],[-1,4,-1,5],[2,3,0,0]],[[[10,".bin",3511141017,[{"primitives":[{"primitiveMode":7,"vertexBundelIndices":[0],"indexView":{"offset":12096,"length":1296,"count":648,"stride":2}}],"vertexBundles":[{"view":{"offset":0,"length":12096,"count":252,"stride":48},"attributes":[{"name":"a_position","format":32,"isNormalized":false},{"name":"a_normal","format":32,"isNormalized":false},{"name":"a_texCoord","format":21,"isNormalized":false},{"name":"a_tangent","format":44,"isNormalized":false}]}]},"minPosition",8,[1,-0.5151107907295227,-0.5116695165634155,-0.12248002737760544],"maxPosition",8,[1,0.5151106715202332,0.5116695761680603,0.15139375627040863]]],-1],0,0,[],[],[]]]]
