[1,["d3ueK+hzVAkI9KRrHanO5C","c97v6MKPpDDJ/2BHAbL3KR@6c48a","a3zQCfCrBCDZJ4uf2rk5u8","35O4Y6hIpNupCQ1OVedqwr","ccS0VWJFZJsJglJenobtPz@d043b","18aiOyRv1Her9P+hRdwTsF","0exBqWeyxEVpEaScYvXJ2Z@6c48a"],["node","mainTexture","_effectAsset","root","_particleSystem","data","_mesh","_mainTexture","_defaultClip"],[["cc.CurveRange",["mode","constantMin","constantMax","constant","spline"],-1,4],["cc.Node",["_name","_prefab","_children","_components","_lscale","_parent","_lrot","_euler"],2,4,2,9,5,1,5,5],["cc.GradientRange",["_mode","colorMin","colorMax"],2,5,5],["cc.RealKeyframeValue",["interpolationMode","value","leftTangent","rightTangent"],-1],["cc.Material",["_name","_techIdx","_states","_defines","_props"],-1,12],["cc.Prefab",["_name"],2],["cc.Node",["_name","_parent","_components","_prefab","_lpos","_lrot","_euler"],2,1,2,4,5,5,5],["cc.BoxCollider",["_isTrigger","node","__prefab","_center","_size"],2,1,4,5,5],["cc.CompPrefabInfo",["fileId"],2],["cc.RigidBody",["_group","_type","node","__prefab"],1,1,4],["cc.Animation",["playOnLoad","node","__prefab","_clips","_defaultClip"],2,1,4,3,6],["52708yzRJRNKKmsD4pqaco/",["colliderName","node"],2,1],["cc.PrefabInfo",["fileId","instance","targetOverrides","nestedPrefabInstanceRoots","root","asset"],-1,1,1],["cc.MeshRenderer",["node","__prefab","_materials","bakeSettings","_mesh"],3,1,4,3,4,6],["cc.ModelBakeSettings",[],3],["cc.ParticleSystem",["scaleSpace","duration","_simulationSpace","node","__prefab","_materials","startColor","startSizeX","startSizeY","startSizeZ","startSpeed","startRotationX","startRotationY","startRotationZ","startDelay","startLifetime","gravityModifier","rateOverTime","rateOverDistance","_colorOverLifetimeModule","_shapeModule","_sizeOvertimeModule","_velocityOvertimeModule","_forceOvertimeModule","_limitVelocityOvertimeModule","_rotationOvertimeModule","_textureAnimationModule","_trailModule","renderer"],0,1,4,12,4,4,4,4,4,4,4,4,4,4,4,4,4,4,4,4,4,4,4,4,4,4,4],["cc.ColorOvertimeModule",["_enable","color"],2,4],["cc.ShapeModule",["_enable","_shapeType","emitFrom","arcSpeed","_scale"],0,4,5],["cc.SizeOvertimeModule",["_enable","size","x","y","z"],2,4,4,4,4],["cc.RealCurve",["preExtrapolation","_times","_values"],1,9],["cc.VelocityOvertimeModule",["x","y","z","speedModifier"],3,4,4,4,4],["cc.ForceOvertimeModule",["x","y","z"],3,4,4,4],["cc.LimitVelocityOvertimeModule",["limitX","limitY","limitZ","limit"],3,4,4,4,4],["cc.RotationOvertimeModule",["x","y","z"],3,4,4,4],["cc.TextureAnimationModule",["frameOverTime","startFrame"],3,4,4],["cc.TrailModule",["lifeTime","widthRatio","colorOverTrail","colorOvertime","_particleSystem"],3,4,4,4,4,1],["cc.ParticleSystemRenderer",["_mainTexture"],3,6]],[[0,1],[8,0,2],[0,3,2],[12,0,1,2,3,4,5,5],[2,0,1,2,2],[2,1],[0,0,1,2,4],[4,0,1,2,3,4,5],[5,0,2],[1,0,2,3,1,4,2],[1,0,5,2,1,2],[1,0,5,3,1,6,4,7,2],[6,0,1,2,3,4,5,6,2],[7,0,1,2,3,4,2],[9,0,1,2,3,3],[10,0,1,2,3,4,2],[11,0,1,2],[13,0,1,2,3,4,1],[14,1],[15,0,1,2,3,4,5,6,7,8,9,10,11,12,13,14,15,16,17,18,19,20,21,22,23,24,25,26,27,28,4],[0,0,4,2],[16,0,1,2],[17,0,1,2,3,4,4],[18,0,1,2,3,4,2],[19,0,1,2,3],[3,0,1,3,2,5],[3,0,1,2,4],[20,0,1,2,3,1],[21,0,1,2,1],[22,0,1,2,3,1],[23,0,1,2,1],[24,0,1,1],[25,0,1,2,3,4,1],[26,0,1]],[[[[7,"colorLight-r",1,[{"rasterizerState":{},"depthStencilState":{},"blendState":{"targets":[{}]}}],[{"USE_TEXTURE":true}],[[[{},"tilingOffset",8,[2,1,1,0,1.02],"mainColor",8,[4,4286085373],"mainTexture",6,0]],11]]],0,0,[0,0],[1,2],[1,2]],[[[8,"colorLightRed"],[9,"colorLightRed",[-6,-7],[[13,true,-2,[1,"6cT+9OHAJC7bitnarSeOjl"],[1,0,0.3,0],[1,1.8,0.6,0.5]],[14,4,2,-3,[1,"6eXcalgbNGw7Hz40EXDpS/"]],[15,true,-4,[1,"33Z03JISJN26A83QBtDUAD"],[4],5],[16,11,-5]],[3,"8cCKTumxNC8Isg1wQs8aNA",null,null,null,-1,0],[1,0.7,1,1]],[10,"RootNode",1,[-8],[3,"ab99OOBxlGNLZOnaA0Zg42",null,null,null,1,0]],[11,"colorLight-r",2,[[17,-9,[1,"31XCo9G0hZDaJGLEZkex+/"],[0],[18],1]],[3,"5bzyIYFf5NI7v0ttbOGZ2p",null,null,null,1,0],[3,-0.7071067811865476,0,0,0.7071067811865476],[1,1.2,7.173,0.7],[1,-90.00000000000003,0,0]],[12,"colorLightR",1,[-10],[3,"ccuXQbW/xNZo5KDNrOklkC",null,null,null,1,0],[1,0,0,0.004],[3,0.7071067811865475,0,0,0.7071067811865477],[1,89.99999999999999,0,0]],[19,0,1,0,4,[1,"0b7a7v3FVOCpzmec7amMlB"],[[2,null],6,0],[4,2,[4,4285493247],[4,4285493247]],[6,3,0.07,0.03],[0],[0],[6,3,0.45,0.2],[0],[0],[0],[0],[2,0.5],[0],[2,90],[0],[21,true,[4,2,[4,3365707007],[4,3025491455]]],[22,true,0,2,[2,1],[1,1.4,0.499,0.7]],[23,true,[20,1,[24,2,[0,1],[[25,2,0.33,2.6,2],[26,2,0.43,-2.18]]]],[0],[0],[0]],[27,[0],[0],[0],[2,1]],[28,[0],[0],[0]],[29,[0],[0],[0],[0]],[30,[0],[0],[0]],[31,[0],[0]],[32,[2,1],[0],[5],[5],-11],[33,3]]],0,[0,3,1,0,0,1,0,0,1,0,0,1,0,0,1,0,-1,2,0,-2,4,0,-1,3,0,0,3,0,-1,5,0,4,5,0,5,1,11],[0,0,0,0,0,0],[-1,6,-1,7,-1,8],[3,4,5,6,0,0]]]]
