[1,["53A5aO7TxJLaFabF/7Zfb+@f9941","36sABh+JpLOoye/BKRg58F@6c48a","34uBvgob9Jt4v8VcZ1M+84@f9941","39ww1nc65FGLjDh/72bx1H@f9941","73FnMhT/dAgrUBGwY2c+Jy@f9941","43LXkF2aROnbfKb5tk5esp@f9941","36sABh+JpLOoye/BKRg58F@f9941"],["node","_spriteFrame","_textureSource","root","spHatIcon","ndSelect","ndTick","ndLock","spItemBg","target","data","sfWhite","sfGray","_normalSprite"],[["cc.Node",["_name","_layer","_components","_prefab","_children","_parent"],1,12,4,2,1],["cc.Node",["_name","_layer","_parent","_components","_prefab","_lpos"],1,1,9,4,5],["cc.Sprite",["node","__prefab","_spriteFrame"],3,1,4,6],"cc.SpriteFrame",["cc.Prefab",["_name"],2],["cc.UITransform",["node","__prefab","_contentSize"],3,1,4,5],["cc.CompPrefabInfo",["fileId"],2],["e4334jLz0BI8oGxYpsR8h1k",["node","__prefab","spItemBg","ndLock","ndTick","ndSelect","spHatIcon","sfWhite","sfGray"],3,1,4,1,1,1,1,1,6,6],["cc.Button",["_transition","node","__prefab","clickEvents","_normalSprite"],2,1,4,9,6],["cc.ClickEvent",["_componentId","handler","target"],1,1],["cc.PrefabInfo",["fileId","instance","targetOverrides","nestedPrefabInstanceRoots","root","asset"],-1,1,1]],[[6,0,2],[5,0,1,2,1],[10,0,1,2,3,4,5,5],[2,0,1,2,1],[1,0,1,2,3,4,3],[2,0,1,1],[4,0,2],[0,0,1,4,2,3,3],[0,0,1,5,2,3,3],[1,0,1,2,3,4,5,3],[7,0,1,2,3,4,5,6,7,8,1],[8,0,1,2,3,4,2],[9,0,1,2,3]],[[[{"name":"h10","rect":{"x":0,"y":0,"width":107,"height":63},"offset":{"x":0,"y":0},"originalSize":{"width":107,"height":63},"rotated":false,"capInsets":[0,0,0,0],"vertices":{"rawPosition":[-53.5,-31.5,0,53.5,-31.5,0,-53.5,31.5,0,53.5,31.5,0],"indexes":[0,1,2,2,1,3],"uv":[0,63,107,63,0,0,107,0],"nuv":[0,0,1,0,0,1,1,1],"minPos":{"x":-53.5,"y":-31.5,"z":0},"maxPos":{"x":53.5,"y":31.5,"z":0}},"packable":true,"pixelsToUnit":100,"pivot":{"x":0.5,"y":0.5},"meshType":0}],[3],0,[0],[2],[1]],[[[6,"hatItem"],[7,"hatItem",33554432,[-12,-13,-14,-15],[[[1,-2,[0,"85O95Q04VI7bCTkaeg9pyr"],[5,123,123]],-3,[10,-9,[0,"2bhLtHSsBIi4i9HgFzLsN9"],-8,-7,-6,-5,-4,3,4],[11,3,-11,[0,"f4SUIpvn1BQp+EEcfOPK38"],[[12,"e4334jLz0BI8oGxYpsR8h1k","onHatItemClick",-10]],5]],4,1,4,4],[2,"06BdHWAhFHz5qRD5Vamekx",null,null,null,-1,0]],[4,"lock",33554432,1,[[1,-16,[0,"f2AwlqvZRA4aQXTnsCAVib"],[5,92,103]],[3,-17,[0,"4dhiQp42BFEY/eXOkYB40c"],0]],[2,"31OE/mQHBEM7Cqz9jTr0nk",null,null,null,1,0]],[4,"select",33554432,1,[[1,-18,[0,"56ubGXIdpEGLV4EPKZ2VLA"],[5,141,141]],[3,-19,[0,"5eL9OLsrNArrTOJsJ623Ru"],1]],[2,"94wt17cXVDjZHk2ZIEIH2a",null,null,null,1,0]],[9,"tick",33554432,1,[[1,-20,[0,"51aKD5QKFFQ63cY0OceyKv"],[5,70,52]],[3,-21,[0,"85Lfuq/rFNpYWxO8i0+OvA"],2]],[2,"73+IJT57pD5YfgiyKaXALN",null,null,null,1,0],[1,48.922,-31.233,0]],[8,"icon",33554432,1,[[[1,-22,[0,"24ykhxjF9BH71qBHysYWvN"],[5,107,63]],-23],4,1],[2,"56X8oyqUhLTrlPrAoHt6b0",null,null,null,1,0]],[5,5,[0,"8ah+j1rdNKEKeloC6A/A1v"]],[5,1,[0,"1ePBZ9ga1Gy5MNCCeheQ07"]]],0,[0,3,1,0,0,1,0,-2,7,0,4,6,0,5,3,0,6,4,0,7,2,0,8,7,0,0,1,0,9,1,0,0,1,0,-1,2,0,-2,3,0,-3,4,0,-4,5,0,0,2,0,0,2,0,0,3,0,0,3,0,0,4,0,0,4,0,0,5,0,-2,6,0,10,1,23],[0,0,0,0,0,0,6,7],[1,1,1,11,12,13,1,1],[2,3,4,0,5,0,6,0]]]]
