[1,["a3boHF7NZNjbC2a4unRfKm","f2M43SBsFOBrMT57EHXwkl@f9941","a3zQCfCrBCDZJ4uf2rk5u8","8dKSjyxKBHiYdDxE3a0EjB","71BvMYXRFIqYck8ulS7GOf","7072h0FtJM1a0VcZeROF/n@f9941","0bfDh7LnJJ8py3Y4GLlyTC@f9941","aaI2j6nA9HDY/3cbQ6ZzNL@f9941","26ulWc3F9Nu4mWA2AcjXb/@f9941","c3JVw57uVKiZXjUwup6q1y@f9941","12Y9dMgWdJKJGmTiZyQR9H@2e76e","64q9zylhpMxYGlSgqjF5ar@6c48a","a7Ecv3Ed1OPrJC1A98LmH6@6c48a","deOPGn3fhIxLNxDVdcCAib@f9941","9d3KIJmFFKO6PDYyiYqwXW","3eQFKeOixLkJ8SfGrvbA49@f9941","ffVaBNgZFC7otEyGiJ0Ab1","3dUJBRdTNEK5EVKVwI2kk7@f9941","44IwYiuzVB8IOJTJtL8m05","59qaB/qUZLBI+nTAjvn/9F@f9941","52jjAG6DRIE5UfEEZ3TBXf@f9941","bbz/oYun1FRLkgRSTWSqCS@f9941","acluilnr5K7IPbTwhUFQkh@f9941","76qSkyucZKn6hVjjtv04SG","daHNxBQeNGspwp3IvjJMjx","84KADHwIlCQ7Km1qXihZm+","d8fAKSPP5CdK2UAk+HBmXJ@f9941","4cOXwxLFhBOIBjDHT5VKAV@f9941","e737Uc+GNAr6U2Kyb524dR@f9941","01afaf3xhJgKtXkPGxYlNc","41S2bXTe1Kr5F51nu0f9+i"],["node","_spriteFrame","targetInfo","root","asset","_defaultClip","data","mainTexture","_effectAsset","_normalSprite","_mesh","aniLottery","lbRewardNum","spRewardIcon","ndReward","ndBoxContent","ndLottery","ndSkin","lbSkinProgress","UIComImgGray","spSkinIcon","ndArrow","lbBtnMultiple","lbDiamondDouble","lbDiamondNormal","spIcon","ndBtnDouble","ndBtnNormal","ndList","lbMultiple","lbDiamond","lbPeople","ndMultiple","ndDiamond","ndPeople","value","pbBoxDiamond","sfKey","sfDiamond"],[["cc.Node",["_name","_layer","_active","_objFlags","__editorExtras__","_prefab","_components","_parent","_children","_lpos","_lscale","_lrot","_euler"],-2,4,9,1,2,5,5,5,5],["cc.Label",["_string","_actualFontSize","_fontSize","_lineHeight","_cacheMode","_outlineWidth","node","__prefab","_color","_outlineColor"],-3,1,4,5,5],["cc.Node",["_name","_layer","_parent","_components","_prefab","_lpos","_children","_lscale"],1,1,12,4,5,2,5],["cc.Widget",["_alignFlags","_verticalCenter","_originalWidth","_originalHeight","_top","_bottom","node","__prefab"],-3,1,4],["cc.Sprite",["_sizeMode","node","__prefab","_spriteFrame","_color"],2,1,4,6,5],["cc.UITransform",["node","__prefab","_contentSize","_anchorPoint"],3,1,4,5,5],["cc.Animation",["playOnLoad","node","__prefab","_clips","_defaultClip"],2,1,4,3,6],["cc.Layout",["_resizeMode","_layoutType","_spacingX","_isAlign","_paddingLeft","_paddingRight","node","__prefab"],-3,1,4],["cc.Material",["_name","_techIdx","_states","_defines","_props"],-1,12],["cc.Prefab",["_name"],2],["cc.CompPrefabInfo",["fileId"],2],["cc.BlockInputEvents",["node","__prefab"],3,1,4],["263787qKRpISIJ5Xla6M/7j",["node","__prefab","ndPeople","ndDiamond","ndMultiple","lbPeople","lbDiamond","lbMultiple","ndList","ndBtnNormal","ndBtnDouble","spIcon","lbDiamondNormal","lbDiamondDouble","lbBtnMultiple","ndArrow","spSkinIcon","UIComImgGray","lbSkinProgress","ndSkin","ndLottery","ndBoxContent","ndReward","spRewardIcon","lbRewardNum","aniLottery","pbBoxDiamond","sfKey","sfDiamond"],3,1,4,1,1,1,1,1,1,1,1,1,1,1,1,1,1,1,1,1,1,1,1,1,1,1,1,6,6,6],["cc.PrefabInfo",["fileId","instance","targetOverrides","root","asset","nestedPrefabInstanceRoots"],0,1,1,2],["cc.PrefabInfo",["fileId","instance","targetOverrides","nestedPrefabInstanceRoots","root","asset"],-1,1,1],["cc.PrefabInfo",["fileId","targetOverrides","nestedPrefabInstanceRoots","root","instance","asset"],0,1,4,6],["cc.Button",["_transition","node","__prefab","clickEvents","_normalSprite"],2,1,4,9,6],["cc.ClickEvent",["_componentId","handler","target"],1,1],["cc.TargetInfo",["localID"],2],["cc.LabelOutline",["node","__prefab"],3,1,4],["cc.PrefabInstance",["fileId","prefabRootNode","propertyOverrides"],2,1,9],["CCPropertyOverrideInfo",["value","propertyPath","targetInfo"],1,1],["CCPropertyOverrideInfo",["propertyPath","targetInfo","value"],2,1,8],["CCPropertyOverrideInfo",["value","propertyPath","targetInfo"],1,4],["CCPropertyOverrideInfo",["propertyPath","targetInfo","value"],2,1,6],["cc.MeshRenderer",["_name","node","__prefab","_materials","bakeSettings","_mesh"],2,1,4,3,4,6],["cc.ModelBakeSettings",[],3]],[[10,0,2],[14,0,1,2,3,4,5,5],[5,0,1,2,1],[2,0,1,2,3,4,5,3],[0,0,1,7,6,5,9,3],[0,0,1,7,8,6,5,9,3],[5,0,1,1],[5,0,1,2,3,1],[4,0,1,2,3,2],[4,1,2,3,1],[18,0,2],[22,0,1,2,2],[21,0,1,2,3],[0,3,4,7,5,3],[15,0,1,2,3,4,5,4],[20,0,1,2,2],[1,0,1,3,4,6,7,5],[9,0,2],[0,0,1,7,8,6,5,3],[0,0,1,7,6,5,3],[0,0,1,7,8,6,5,10,3],[3,0,4,1,6,7,4],[4,1,2,1],[23,0,1,2,3],[1,0,1,2,3,6,7,5],[1,0,1,2,3,4,6,7,6],[8,0,1,2,3,4,5],[0,0,1,7,6,5,9,10,3],[0,0,6,5,11,10,12,2],[3,0,2,3,6,7,4],[3,0,5,6,7,3],[4,0,1,2,4,3,2],[7,0,1,2,3,6,7,5],[7,0,1,4,5,2,3,6,7,7],[16,0,1,2,3,4,2],[17,0,1,2,3],[6,1,2,3,4,1],[1,0,1,2,4,6,7,8,5],[25,0,1,2,3,4,5,2],[26,1],[0,0,1,8,6,5,3],[0,0,2,1,7,8,6,5,9,4],[0,0,1,7,8,6,5,9,10,3],[0,0,1,7,8,6,5,9,11,12,3],[2,0,1,2,6,3,4,5,3],[2,0,1,2,3,4,7,3],[2,0,1,2,3,4,3],[11,0,1,1],[12,0,1,2,3,4,5,6,7,8,9,10,11,12,13,14,15,16,17,18,19,20,21,22,23,24,25,26,27,28,1],[3,0,1,6,7,3],[13,0,1,2,3,4,5,4],[6,0,1,2,3,4,2],[6,1,2,3,1],[19,0,1,1],[24,0,1,2,2],[1,0,1,2,3,5,6,7,8,9,6],[1,0,1,2,6,7,4]],[[[[26,"winLight02",1,[{"rasterizerState":{},"depthStencilState":{},"blendState":{"targets":[{}]}}],[{"USE_TEXTURE":true}],[[[{},"mainTexture",6,0]],11]]],0,0,[0,0],[7,8],[11,2]],[[[26,"winLight01",1,[{"rasterizerState":{},"depthStencilState":{},"blendState":{"targets":[{}]}}],[{"USE_TEXTURE":true}],[[[{},"mainTexture",6,0]],11]]],0,0,[0,0],[7,8],[12,2]],[[[17,"settlementSuccessPanel"],[40,"settlementSuccessPanel",33554432,[-34,-35,-36,-37,-38,-39,-40,-41],[[2,-6,[0,"ec3hAAZV1JlbN5y2hcsw1w"],[5,720,1280]],[47,-7,[0,"28iqJ1RiVDx6aRogSOHprV"]],[48,-32,[0,"5bm1Hl655KSqXQ5lXxMfKk"],-31,-30,-29,-28,-27,-26,-25,-24,-23,-22,-21,-20,-19,-18,-17,-16,-15,-14,-13,-12,-11,-10,-9,-8,26,27,28],[29,45,720,1280,-33,[0,"56YuAUkcdANprAC9/4Hns0"]]],[50,"adP4CY9vxHaJeEMaeDs/CJ",null,null,-5,0,[-1,-2,-3,-4]]],[41,"skin",false,33554432,1,[-45,-46,-47],[[2,-42,[0,"40mJkCdu5P9IbtHmChKadB"],[5,200,200]],[21,18,210,331.553,-43,[0,"beYI8q/mZAeqg16YXvymNF"]],[8,0,-44,[0,"39O9vz6XdJMK4DFbtP4Pgs"],3]],[1,"066CLiR05HwqT+X4UtMi1z",null,null,null,1,0],[1,0,331.553,0]],[5,"list",33554432,1,[-51,-52,-53],[[2,-48,[0,"e7Rw8pQfpDppWjlhyH/mj1"],[5,520,100]],[32,1,1,110,true,-49,[0,"2aKa50t+lHa7xnUKlnauBZ"]],[21,18,279.581,331.344,-50,[0,"64eL6bGxBNP50IasbJ4mDD"]]],[1,"c38VLUy41CeLzts1OMMuVu",null,null,null,1,0],[1,0,331.344,0]],[44,"lottery",33554432,1,[-58,-59],[[[2,-54,[0,"cbOhSjLEdG2I4rK78O0lOX"],[5,502,261]],[9,-55,[0,"3cVbIHf/pFOIs8F1DOqxf1"],14],[49,18,39.028,-56,[0,"57UQ6n88xC8ID7Sr3//sq4"]],-57],4,4,4,1],[1,"87y32dMsxJM5BYgzE6QRaB",null,null,null,1,0],[1,0,39.028,0]],[5,"btnNormal",33554432,1,[-64,-65],[[2,-60,[0,"28ekOeJF9CD4BVTcIHWvDG"],[5,179,70]],[34,3,-61,[0,"0eraiuebJDFqxsHn6iM0L8"],[[35,"263787qKRpISIJ5Xla6M/7j","onBtnNormalClick",1]],18],[30,20,253.788,-62,[0,"76l8SNQ0tD/4qDbb+1kh4w"]],[9,-63,[0,"5bM1v7+bJG9Jo337CAMuSf"],19]],[1,"b7o0/d+FBDYaVpo3ufzoAf",null,null,null,1,0],[1,0,-351.212,0]],[42,"btnDouble",33554432,1,[-70,-71],[[2,-66,[0,"cfibCMdklHy7UF0UIK9GQ1"],[5,217,70]],[34,3,-67,[0,"99ShLx9vtATIQQX/d21kHR"],[[35,"263787qKRpISIJ5Xla6M/7j","onBtnDoubleClick",1]],22],[30,20,376.702,-68,[0,"990wO9BDpC3aK/zUzL6ye/"]],[8,0,-69,[0,"637H+5K91EprzJ+wHOoPXi"],23]],[1,"58x1PuxghKhpBVEofU2Z+1",null,null,null,1,0],[1,0,-214.298,0],[1,1.4,1.4,1]],[18,"content",33554432,4,[-73,-74,-75,-76,-77],[[6,-72,[0,"13aHFv1atE17IFTqI47Yvp"]]],[1,"ddCv6XMktJmooT5KPVs1F2",null,null,null,1,0]],[5,"rewardContent",33554432,1,[-79,-80,-81],[[2,-78,[0,"48Z8stbc5GI4278b6ZzGk1"],[5,62,69]]],[1,"0eA40ITkJI9oyvlqHkuaVr",null,null,null,1,0],[1,0,29.154,335.056]],[5,"people",33554432,3,[-83,-84,-85],[[6,-82,[0,"02HwlyQTNDhIm9LG1wq8ho"]]],[1,"8fq+pGmPhPRJo+DZvxY2bk",null,null,null,1,0],[1,-210,0,0]],[18,"diamond",33554432,3,[-87,-88,-89],[[6,-86,[0,"876+ca9ttJkLiAMcYFOi5y"]]],[1,"ccEB+vVw9Ej5+Ecs8WfDcK",null,null,null,1,0]],[43,"arrow",33554432,4,[-93],[[7,-90,[0,"24mVHOBGVCz7YTmx/xxwKn"],[5,78,190],[0,0.5,0.25]],[9,-91,[0,"abpmmKlxpHuZMcc2RuzuqK"],11],[51,true,-92,[0,"bfUk649S9CZ52H0GJRY8Zo"],[12],13]],[1,"f0LNJVhFpCuLg2teZ/uKlC",null,null,null,1,0],[1,0,-121.592,0],[3,0,0,-0.45399049973954675,0.8910065241883679],[1,0,0,-54]],[5,"diamond",33554432,5,[-97,-98],[[2,-94,[0,"4dNYpDJehEw5HF4XvDHv31"],[5,121.37,35]],[8,0,-95,[0,"c4nEiAgF1MCZ8zO3hWEKLE"],17],[33,1,1,20,20,15,true,-96,[0,"fbs9JD7iRMF7tYqtlmTuO7"]]],[1,"0ffoIX+SVMV68lQuHn8KMb",null,null,null,1,0],[1,0,-42.973,0]],[5,"diamond",33554432,6,[-102,-103],[[2,-99,[0,"a9GXqgsahJZ7IIXezTfmcx"],[5,121.37,35]],[8,0,-100,[0,"98AaMnQEFFRobHXSjc75Dz"],21],[33,1,1,20,20,15,true,-101,[0,"fbs9JD7iRMF7tYqtlmTuO7"]]],[1,"84fVFHPcZL8Y3jOtBZU8lU",null,null,null,1,0],[1,0,-42.973,0]],[18,"content",33554432,6,[-106,-107,-108],[[2,-104,[0,"bcxm7wXY9L5Lziv0uJNthh"],[5,162.6943359375,70]],[32,1,1,20,true,-105,[0,"54vNVxVW1P6bReunwkLgB3"]]],[1,"a5BItrZqdA0oF/5OASLUgG",null,null,null,1,0]],[10,["d7AB+KPulPr6Wi1VbaT/EJ"]],[5,"multiple",33554432,3,[-110,-111],[[6,-109,[0,"b7NoHgh7pFKbduvKvL8VG/"]]],[1,"63K50t3VRODIFBaXotnBmC",null,null,null,1,0],[1,210,0,0]],[19,"bg",33554432,1,[[2,-112,[0,"f7NISe7HdAD68SLfhnddy8"],[5,720,1280]],[31,0,-113,[0,"e71ctEmpxFC4KlSYRZNz/a"],[4,2516582400],0],[29,45,720,1280,-114,[0,"78TkvAI0hPg7CyIF7Tswi7"]]],[1,"53ftAsFFNGD4XeIdY3e8DY",null,null,null,1,0]],[4,"winTitle",33554432,1,[[2,-115,[0,"24BATn5SdJk5N0UR4FW+9d"],[5,560,156]],[9,-116,[0,"05v5XssRZHyqU3NNDKtulj"],1],[21,18,49.04400000000004,512.433,-117,[0,"50MjFzvf5E27rJKq1wTuqc"]]],[1,"29s1HQY51BZ71UjtbSoj+Z",null,null,null,1,0],[1,0,512.433,0]],[3,"progrss",33554432,2,[[[2,-118,[0,"c68UOAlNhN171Umca6yVvF"],[5,110.0732421875,98.2]],-119,[53,-120,[0,"a1L/BM3j1NHZMIwbCSAM2T"]]],4,1,4],[1,"33EKDLt+xGzauOfNU4m2Z6",null,null,null,1,0],[1,0,1.273,0]],[45,"skinIcon",33554432,2,[[[2,-121,[0,"88R5ICORJP7ovj9Usve9P0"],[5,107,63]],-122],4,1],[1,"95AUb9aBtI25u0Q9V8+g2b",null,null,null,1,0],[1,1.5,1.5,1]],[3,"imgGray",33554432,2,[[-123,[31,0,-124,[0,"9drKVnAwJHdKECaUCXhLTx"],[4,3355443200],2]],1,4],[1,"3e1TIn7UtDz6RObIv2bg5T",null,null,null,1,0],[1,0,-100,0]],[20,"light",33554432,9,[-126],[[6,-125,[0,"acvC9VA3pD2bxM4cTn3Cgr"]]],[1,"e3yYzFJeJFr6dflAuGjnBo",null,null,null,1,0],[1,0.5,0.5,1]],[13,0,{},22,[14,"d7AB+KPulPr6Wi1VbaT/EJ",null,null,-130,[15,"17DInQnTBNZov1E4PY5ydz",1,[[12,"winLight02",["name"],-127],[11,["position"],-128,[1,0,0,0]],[11,["rotation"],-129,[3,0.7071067811865475,0,0,0.7071067811865476]],[23,true,["playOnLoad"],[10,["4c9xy/feJFW6aHRxanMaso"]]]]],4]],[10,["d7AB+KPulPr6Wi1VbaT/EJ"]],[4,"icon",33554432,9,[[2,-131,[0,"ce6tFTRP9GprstXGl6xzuX"],[5,56,79]],[9,-132,[0,"77leGb+nxKL6cAcdfgFQNU"],5]],[1,"b6WLEmI2VIW67ojFMJJaev",null,null,null,1,0],[1,-25,0,0]],[3,"num",33554432,9,[[[7,-133,[0,"c68UOAlNhN171Umca6yVvF"],[5,76.34,50],[0,0,0.5]],-134],4,1],[1,"3cfws9FVBCL4philx8Pf6J",null,null,null,1,0],[1,10,0,0]],[20,"light",33554432,10,[-136],[[6,-135,[0,"de76QI3XVAdpeziix46ri8"]]],[1,"30rYtR1XZKgJQoonqHX37I",null,null,null,1,0],[1,0.5,0.5,1]],[13,0,{},27,[14,"d7AB+KPulPr6Wi1VbaT/EJ",null,null,-137,[15,"a2kmHP7U5GYIwLNKQVOpxq",1,[[12,"winLight01",["name"],15],[11,["position"],15,[1,0,10,0]],[11,["rotation"],15,[3,0.7071067811865475,0,0,0.7071067811865476]],[11,["scale"],15,[1,40,40,40]],[23,true,["playOnLoad"],[10,["4c9xy/feJFW6aHRxanMaso"]]],[12,true,["active"],15]]],6]],[4,"icon",33554432,10,[[2,-138,[0,"ddnJgjAYpD8LGkQ3OOaT1S"],[5,58,71]],[8,2,-139,[0,"88m122mdZCs7W+OKgIYI2g"],7]],[1,"5c8ky89vFB3oaxKN+f46dP",null,null,null,1,0],[1,-25,0,0]],[3,"num",33554432,10,[[[7,-140,[0,"5d+UqWctpBGrwP0QTbIRcx"],[5,76.34,50],[0,0,0.5]],-141],4,1],[1,"d4ajnFzXRJqajQmHM/71tw",null,null,null,1,0],[1,10,0,0]],[3,"num",33554432,16,[[[7,-142,[0,"f683iO2H1Oo4UUCUF8z5LY"],[5,85.06,50],[0,0,0.5]],-143],4,1],[1,"bfb+P53vREVZj+XuUGI1JY",null,null,null,1,0],[1,-34.32,0,0]],[20,"light",33554432,16,[-145],[[6,-144,[0,"b0UBZmhpJI74Jk0plz5nVx"]]],[1,"ccR3hsq39J27Ojra2qCxcW",null,null,null,1,0],[1,0.5,0.5,1]],[13,0,{},32,[14,"d7AB+KPulPr6Wi1VbaT/EJ",null,null,-149,[15,"86PgXuZzRJV6g5eLh7r43u",1,[[12,"winLight03",["name"],-146],[11,["position"],-147,[1,0,0,0]],[11,["rotation"],-148,[3,0.7071067811865475,0,0,0.7071067811865476]],[23,true,["playOnLoad"],[10,["4c9xy/feJFW6aHRxanMaso"]]]]],8]],[10,["d7AB+KPulPr6Wi1VbaT/EJ"]],[4,"item1",33554432,7,[[2,-150,[0,"c68UOAlNhN171Umca6yVvF"],[5,42.25,60]],[16,"x3",40,60,2,-151,[0,"2frm37uaJHQr0AEEaYyM82"]]],[1,"20/ZIrp+ZAorj9F6zoGN51",null,null,null,1,0],[1,-177,-54,0]],[4,"item2",33554432,7,[[2,-152,[0,"d8YeiDEQVAv4Qf/vYm1tZS"],[5,42.25,60]],[16,"x2",40,60,2,-153,[0,"a7O5e9kxZJ66ICFG4mDAC2"]]],[1,"7364G+25pAsbTnPGctLkLM",null,null,null,1,0],[1,-113,23,0]],[4,"item3",33554432,7,[[2,-154,[0,"4apOxSDsRHNLu/1P1R6hzk"],[5,83,73]],[9,-155,[0,"ddGCAlfU5CQ7iLNdCtZj60"],9]],[1,"4dXCNRnDFAHZXDdDlHg2HN",null,null,null,1,0],[1,0,60.423,0]],[4,"item4",33554432,7,[[2,-156,[0,"e5ztxDtXtEKqKHJGvYn8Hn"],[5,42.25,60]],[16,"x2",40,60,2,-157,[0,"0537Ei3nVNP6uXQRWANNqq"]]],[1,"9cp4dSsU1MlYmRiVDFQHMg",null,null,null,1,0],[1,113,23,0]],[4,"item5",33554432,7,[[2,-158,[0,"835R+AItpFF71tkUnop/4i"],[5,42.25,60]],[16,"x3",40,60,2,-159,[0,"67WcoL2mNJeJJMSctyhVTi"]]],[1,"92K6uMqClENJzlzAr5scjL",null,null,null,1,0],[1,177,-53,0]],[19,"winImg03",33554432,11,[[2,-160,[0,"d8rT3HT8tOdrWyVpcGxs4l"],[5,25,25]],[9,-161,[0,"2ayoPab5FIip9/wpq44lET"],10]],[1,"61c5PIyElCFI49F3WUMqIz",null,null,null,1,0]],[19,"txt",33554432,5,[[2,-162,[0,"c68UOAlNhN171Umca6yVvF"],[5,60,75.6]],[24,"领取",30,30,60,-163,[0,"2frm37uaJHQr0AEEaYyM82"]]],[1,"93V90hEAxEILHwJxXmxrUS",null,null,null,1,0]],[27,"icon",33554432,12,[[2,-164,[0,"f7NISe7HdAD68SLfhnddy8"],[5,28,35]],[8,2,-165,[0,"e71ctEmpxFC4KlSYRZNz/a"],16]],[1,"e0u+StwKJC9JyX1wFjVb9x",null,null,null,1,0],[1,-26.685000000000002,0,0],[1,0.9,0.9,1]],[3,"num",33554432,12,[[[7,-166,[0,"c68UOAlNhN171Umca6yVvF"],[5,38.37,40],[0,0,0.5]],-167],4,1],[1,"d1C8qvzTZHN5u0G8fC+27N",null,null,null,1,0],[1,2.3149999999999977,0,0]],[27,"icon",33554432,13,[[2,-168,[0,"e87J9vJCxJfK29CA3pQAq6"],[5,28,35]],[8,2,-169,[0,"45DSX1HotPPKx3jpoMCivJ"],20]],[1,"89wxl6Y8NLd61ZECfs1Hji",null,null,null,1,0],[1,-26.685000000000002,0,0],[1,0.9,0.9,1]],[3,"num",33554432,13,[[[7,-170,[0,"49Z2ZlGmlBB63/a7DVM+Fy"],[5,38.37,40],[0,0,0.5]],-171],4,1],[1,"65Zlax/alA07jBq9YyCKjH",null,null,null,1,0],[1,2.3149999999999977,0,0]],[3,"icon",33554432,14,[[[2,-172,[0,"f7NISe7HdAD68SLfhnddy8"],[5,26,21]],-173],4,1],[1,"c3if4v5uxAEooCEjuZAPkd",null,null,null,1,0],[1,-68.34716796875,0,0]],[4,"txt",33554432,14,[[2,-174,[0,"1aqc2Lf/lDjLYjrNezK9em"],[5,60,75.6]],[24,"领取",30,30,60,-175,[0,"f3odOjE6pJM6e5l+ay2yWW"]]],[1,"85nAwH6jBC8afhy4X7AxoM",null,null,null,1,0],[1,-5.34716796875,0,0]],[3,"multiple",33554432,14,[[[2,-176,[0,"eeDxKCBk5J6b6lVplJL5gy"],[5,36.6943359375,75.6]],-177],4,1],[1,"201B+9A2NEQK9YJwcumKAJ",null,null,null,1,0],[1,63,0,0]],[13,0,{},8,[14,"16GimssZ5G+p49lC6HmOHY",null,null,-180,[15,"12G7KWAstOvJ3aXtYiZ3t7",1,[[12,true,["playOnLoad"],-178],[54,["defaultClip"],-179,25]]],24]],[46,"rewardIcon",33554432,8,[[[2,-181,[0,"f7NISe7HdAD68SLfhnddy8"],[5,62,69]],-182],4,1],[1,"4dSQM4rDZNDq8QFHhb9K/k",null,null,null,1,0]],[3,"num",33554432,8,[[[2,-183,[0,"c68UOAlNhN171Umca6yVvF"],[5,33.369140625,50.4]],-184],4,1],[1,"24snpnVOVCLrnrQWIdpbjD",null,null,null,1,0],[1,0,-59.449,0]],[22,20,[0,"9eOLIjFt1JxLkr2hZTRVOW"]],[7,21,[0,"1f1a6bysJPXbRdANsWvRlP"],[5,200,50],[0,0.5,0]],[55,"10%",50,50,70,5,19,[0,"2frm37uaJHQr0AEEaYyM82"],[4,4293171755],[4,4294967295]],[25,"+99",45,45,50,2,26,[0,"2frm37uaJHQr0AEEaYyM82"]],[25,"+99",45,45,50,2,30,[0,"05KMG1PJtB4omdi50OV5QX"]],[25,"x5.0",45,45,50,2,31,[0,"36y/NdQ+BK2J2495W6EWxt"]],[52,4,[0,"a9Npb8exZBOqCw/8hdsV0/"],[15]],[37,"999",23,23,2,43,[0,"2frm37uaJHQr0AEEaYyM82"],[4,4278190080]],[37,"999",23,23,2,45,[0,"d4oNvXyDpDDKz6VLVCxGvL"],[4,4278190080]],[22,46,[0,"e71ctEmpxFC4KlSYRZNz/a"]],[24,"X2",30,30,60,48,[0,"59jfBddZtG86zz5gPrMWTN"]],[10,["bbX+ait2dMd6WXb01X6TQK"]],[22,50,[0,"e71ctEmpxFC4KlSYRZNz/a"]],[56,"30",30,30,51,[0,"2frm37uaJHQr0AEEaYyM82"]]],0,[0,-1,49,0,-2,33,0,-3,28,0,-4,23,0,3,1,0,0,1,0,0,1,0,11,58,0,12,65,0,13,64,0,14,8,0,15,8,0,16,4,0,17,2,0,18,54,0,19,53,0,20,52,0,21,11,0,22,62,0,23,60,0,24,59,0,25,61,0,26,6,0,27,5,0,28,3,0,29,57,0,30,56,0,31,55,0,32,16,0,33,10,0,34,9,0,0,1,0,0,1,0,-1,17,0,-2,18,0,-3,2,0,-4,3,0,-5,4,0,-6,5,0,-7,6,0,-8,8,0,0,2,0,0,2,0,0,2,0,-1,20,0,-2,21,0,-3,19,0,0,3,0,0,3,0,0,3,0,-1,9,0,-2,10,0,-3,16,0,0,4,0,0,4,0,0,4,0,-4,58,0,-1,7,0,-2,11,0,0,5,0,0,5,0,0,5,0,0,5,0,-1,41,0,-2,12,0,0,6,0,0,6,0,0,6,0,0,6,0,-1,13,0,-2,14,0,0,7,0,-1,35,0,-2,36,0,-3,37,0,-4,38,0,-5,39,0,0,8,0,-1,49,0,-2,50,0,-3,51,0,0,9,0,-1,22,0,-2,25,0,-3,26,0,0,10,0,-1,27,0,-2,29,0,-3,30,0,0,11,0,0,11,0,0,11,0,-1,40,0,0,12,0,0,12,0,0,12,0,-1,42,0,-2,43,0,0,13,0,0,13,0,0,13,0,-1,44,0,-2,45,0,0,14,0,0,14,0,-1,46,0,-2,47,0,-3,48,0,0,16,0,-1,31,0,-2,32,0,0,17,0,0,17,0,0,17,0,0,18,0,0,18,0,0,18,0,0,19,0,-2,54,0,0,19,0,0,20,0,-2,52,0,-1,53,0,0,21,0,0,22,0,-1,23,0,2,24,0,2,24,0,2,24,0,3,23,0,0,25,0,0,25,0,0,26,0,-2,55,0,0,27,0,-1,28,0,3,28,0,0,29,0,0,29,0,0,30,0,-2,56,0,0,31,0,-2,57,0,0,32,0,-1,33,0,2,34,0,2,34,0,2,34,0,3,33,0,0,35,0,0,35,0,0,36,0,0,36,0,0,37,0,0,37,0,0,38,0,0,38,0,0,39,0,0,39,0,0,40,0,0,40,0,0,41,0,0,41,0,0,42,0,0,42,0,0,43,0,-2,59,0,0,44,0,0,44,0,0,45,0,-2,60,0,0,46,0,-2,61,0,0,47,0,0,47,0,0,48,0,-2,62,0,2,63,0,2,63,0,3,49,0,0,50,0,-2,64,0,0,51,0,-2,65,0,6,1,184],[0,0,0,0,0,0,0,0,0,0,0,0,0,0,0,0,0,0,0,0,0,0,0,0,0,0,0,0,0,52,58,61,64],[1,1,1,1,4,1,4,1,4,1,1,1,-1,5,1,-1,1,1,9,1,1,1,9,1,4,35,36,37,38,1,5,1,1],[1,13,1,1,14,15,16,17,18,19,20,21,3,3,22,4,5,6,7,7,5,6,8,8,23,24,25,9,26,27,4,28,9]],[[[17,"winLight02"],[28,"winLight02",[[38,"Plane<ModelComponent>",-2,[0,"e0uHCYkZ1D1I9glcT6oLf2"],[0],[39],1],[36,-3,[0,"4c9xy/feJFW6aHRxanMaso"],[2],3]],[1,"d7AB+KPulPr6Wi1VbaT/EJ",null,null,null,-1,0],[3,0.7071067811865475,0,0,0.7071067811865476],[1,40,40,40],[1,90,0,0]]],0,[0,3,1,0,0,1,0,0,1,0,6,1,3],[0,0,0,0],[-1,10,-1,5],[29,10,0,0]],[[[17,"winLight01"],[28,"winLight01",[[38,"Plane<ModelComponent>",-2,[0,"e0uHCYkZ1D1I9glcT6oLf2"],[0],[39],1],[36,-3,[0,"4c9xy/feJFW6aHRxanMaso"],[2],3]],[1,"d7AB+KPulPr6Wi1VbaT/EJ",null,null,null,-1,0],[3,0.7071067811865475,0,0,0.7071067811865476],[1,40,40,40],[1,90,0,0]]],0,[0,3,1,0,0,1,0,0,1,0,6,1,3],[0,0,0,0],[-1,10,-1,5],[30,10,0,0]]]]
