[1,["47uqfAoqRD5ojpblK2w9vu","f0LyTihFpNlL8nY8k1dYFo@37d5a","f0LyTihFpNlL8nY8k1dYFo@cd92e","f0LyTihFpNlL8nY8k1dYFo@85949","f0LyTihFpNlL8nY8k1dYFo@bde91","f0LyTihFpNlL8nY8k1dYFo@8ea8b","0ahhNq6oVEGonKHr5oWNvC@bf586"],["node","_mesh","root","data"],[["cc.Node",["_name","_prefab","_children","_parent","_components","_lrot","_lscale","_euler"],2,4,2,1,9,5,5,5],["cc.MeshRenderer",["_enabled","node","__prefab","_materials","bakeSettings","_mesh"],2,1,4,3,4,6],["cc.MeshCollider",["_convex","node","__prefab","_mesh"],2,1,4,6],["cc.Mesh",["_native","_hash","_struct"],1,11],["cc.Prefab",["_name"],2],["cc.PrefabInfo",["fileId","instance","targetOverrides","nestedPrefabInstanceRoots","root","asset"],-1,1,1],["cc.CompPrefabInfo",["fileId"],2],["cc.ModelBakeSettings",[],3],["cc.RigidBody",["_group","_type","node","__prefab"],1,1,4],["cc.BoxCollider",["node","__prefab","_center","_size"],3,1,4,5,5]],[[6,0,2],[5,0,1,2,3,4,5,5],[0,0,3,4,1,5,6,7,2],[7,1],[3,0,1,2,3],[1,1,2,3,4,5,1],[9,0,1,2,3,1],[2,1,2,3,1],[8,0,1,2,3,3],[4,0,2],[0,0,2,1,2],[0,0,3,2,1,2],[1,0,1,2,3,4,5,2],[2,0,1,2,3,2]],[[[[4,".bin",2715556833,[{"primitives":[{"primitiveMode":7,"vertexBundelIndices":[0],"indexView":{"offset":4704,"length":540,"count":270,"stride":2}}],"vertexBundles":[{"view":{"offset":0,"length":4704,"count":98,"stride":48},"attributes":[{"name":"a_position","format":32,"isNormalized":false},{"name":"a_normal","format":32,"isNormalized":false},{"name":"a_texCoord","format":21,"isNormalized":false},{"name":"a_tangent","format":44,"isNormalized":false}]}]},"minPosition",8,[1,-0.19685058295726776,-1.5258788721439487e-7,0],"maxPosition",8,[1,-0.009842285886406898,2.3622045516967773,0.3937010169029236]]],-1],0,0,[],[],[]],[[[9,"road10"],[10,"road10",[-2],[1,"c1H6kFda5HkINamTvs7wXv",null,null,null,-1,0]],[11,"RootNode",1,[-3,-4,-5,-6,-7,-8,-9],[1,"66M7MeHxxHepNZ4BcVHCwZ",null,null,null,1,0]],[2,"road10RA-001",2,[[12,false,-10,[0,"08RQMIgmRL7qKyyUH/hFUo"],[11],[3],12],[7,-11,[0,"e5dkdUUppJTK8YoVcMjyax"],13],[8,16,2,-12,[0,"f0vATGo+tMEqJBnFClGafX"]]],[1,"7fh3Yi2dxH+5xRD3FzHdna",null,null,null,1,0],[3,-0.7071067811865476,0,0,0.7071067811865476],[1,2.53999996185303,2.53999996185303,2.53999996185303],[1,-90.00000000000003,0,0]],[2,"road10LA-001",2,[[5,-13,[0,"ecTUk8xVBKKY+QZ0BWMfUq"],[14],[3],15],[7,-14,[0,"0am/y+8o1M1IKFVrC+PMae"],16],[8,16,2,-15,[0,"0bfjEmm6NNurFK75++tPwJ"]]],[1,"ceUGYKmghPIIhZwXLBKM5m",null,null,null,1,0],[3,-0.7071067811865476,0,0,0.7071067811865476],[1,2.53999996185303,2.53999996185303,2.53999996185303],[1,-90.00000000000003,0,0]],[2,"road10RC",2,[[5,-16,[0,"21ldM9qaNLCpdhl4SR2nRk"],[0],[3],1],[6,-17,[0,"64A6lXATJMNa+aoEb53Shg"],[1,0.195,1.184,0.6],[1,0.02,2.368,0.7]]],[1,"54xZR7qsFFKKqjZUlIYEwf",null,null,null,1,0],[3,-0.7071067811865476,0,0,0.7071067811865476],[1,2.53999996185303,2.53999996185303,2.53999996185303],[1,-90.00000000000003,0,0]],[2,"road10LA",2,[[5,-18,[0,"3f3ySGtCJMdLRZdsK4d/Ns"],[2],[3],3],[6,-19,[0,"64A6lXATJMNa+aoEb53Shg"],[1,-0.095,1.181,0.194],[1,0.169,2.364,0.4]]],[1,"1daSX2vkBHZpBxlU1/aT9+",null,null,null,1,0],[3,-0.7071067811865476,0,0,0.7071067811865476],[1,2.53999996185303,2.53999996185303,2.53999996185303],[1,-90.00000000000003,0,0]],[2,"road10RA",2,[[5,-20,[0,"4aB/oHLTZDEbLA7WWee1vu"],[4],[3],5],[13,true,-21,[0,"8dh7sqCRFMDaWdAY8GEqU4"],6]],[1,"52JDwMnytKl6goV5Q6OiYx",null,null,null,1,0],[3,-0.7071067811865476,0,0,0.7071067811865476],[1,2.53999996185303,2.53999996185303,2.53999996185303],[1,-90.00000000000003,0,0]],[2,"road10LB",2,[[5,-22,[0,"bdC1FlciVPl6mAoACir9Nl"],[7],[3],8],[6,-23,[0,"64A6lXATJMNa+aoEb53Shg"],[1,-0.195,1.184,0.6],[1,0.02,2.368,0.7]]],[1,"8fTlitUDpEdKxkuGXUO6yd",null,null,null,1,0],[3,-0.7071067811865476,0,0,0.7071067811865476],[1,2.53999996185303,2.53999996185303,2.53999996185303],[1,-90.00000000000003,0,0]],[2,"road10RB",2,[[5,-24,[0,"741+bLo1pMcr88SGFakYU9"],[9],[3],10],[6,-25,[0,"64A6lXATJMNa+aoEb53Shg"],[1,0,1.184,0.6],[1,0.02,2.368,0.7]]],[1,"27+BpiXQZDzqHgcPrOaKKX",null,null,null,1,0],[3,-0.7071067811865476,0,0,0.7071067811865476],[1,2.53999996185303,2.53999996185303,2.53999996185303],[1,-90.00000000000003,0,0]]],0,[0,2,1,0,-1,2,0,-1,5,0,-2,6,0,-3,7,0,-4,8,0,-5,9,0,-6,3,0,-7,4,0,0,3,0,0,3,0,0,3,0,0,4,0,0,4,0,0,4,0,0,5,0,0,5,0,0,6,0,0,6,0,0,7,0,0,7,0,0,8,0,0,8,0,0,9,0,0,9,0,3,1,25],[0,0,0,0,0,0,0,0,0,0,0,0,0,0,0,0,0],[-1,1,-1,1,-1,1,1,-1,1,-1,1,-1,1,1,-1,1,1],[0,3,0,2,0,1,1,0,4,0,5,0,1,1,0,2,6]],[[[4,".bin",1080655539,[{"primitives":[{"primitiveMode":7,"vertexBundelIndices":[0],"indexView":{"offset":4704,"length":540,"count":270,"stride":2}}],"vertexBundles":[{"view":{"offset":0,"length":4704,"count":98,"stride":48},"attributes":[{"name":"a_position","format":32,"isNormalized":false},{"name":"a_normal","format":32,"isNormalized":false},{"name":"a_texCoord","format":21,"isNormalized":false},{"name":"a_tangent","format":44,"isNormalized":false}]}]},"minPosition",8,[1,0.009842407889664173,7.629394360719743e-8,1.1444091541079615e-7],"maxPosition",8,[1,0.1968505084514618,2.3622047901153564,0.5911837816238403]]],-1],0,0,[],[],[]],[[[4,".bin",2812920673,[{"primitives":[{"primitiveMode":7,"vertexBundelIndices":[0],"indexView":{"offset":38304,"length":4740,"count":2370,"stride":2}}],"vertexBundles":[{"view":{"offset":0,"length":38304,"count":798,"stride":48},"attributes":[{"name":"a_position","format":32,"isNormalized":false},{"name":"a_normal","format":32,"isNormalized":false},{"name":"a_texCoord","format":21,"isNormalized":false},{"name":"a_tangent","format":44,"isNormalized":false}]}]},"minPosition",8,[1,0.17716525495052338,7.629394360719743e-8,1.1444091541079615e-7],"maxPosition",8,[1,0.19685053825378418,2.3622047901153564,0.6064534783363342]]],-1],0,0,[],[],[]],[[[4,".bin",2390076057,[{"primitives":[{"primitiveMode":7,"vertexBundelIndices":[0],"indexView":{"offset":38592,"length":4764,"count":2382,"stride":2}}],"vertexBundles":[{"view":{"offset":0,"length":38592,"count":804,"stride":48},"attributes":[{"name":"a_position","format":32,"isNormalized":false},{"name":"a_normal","format":32,"isNormalized":false},{"name":"a_texCoord","format":21,"isNormalized":false},{"name":"a_tangent","format":44,"isNormalized":false}]}]},"minPosition",8,[1,-0.00984265934675932,7.629394360719743e-8,1.1444091541079615e-7],"maxPosition",8,[1,0.009842665866017342,2.3622047901153564,0.6064534783363342]]],-1],0,0,[],[],[]],[[[4,".bin",1703752443,[{"primitives":[{"primitiveMode":7,"vertexBundelIndices":[0],"indexView":{"offset":37440,"length":4740,"count":2370,"stride":2}}],"vertexBundles":[{"view":{"offset":0,"length":37440,"count":780,"stride":48},"attributes":[{"name":"a_position","format":32,"isNormalized":false},{"name":"a_normal","format":32,"isNormalized":false},{"name":"a_texCoord","format":21,"isNormalized":false},{"name":"a_tangent","format":44,"isNormalized":false}]}]},"minPosition",8,[1,-0.1968504935503006,7.629394360719743e-8,1.1444091541079615e-7],"maxPosition",8,[1,-0.17716506123542786,2.3622047901153564,0.40944889187812805]]],-1],0,0,[],[],[]],[[[4,".bin",3472541761,[{"primitives":[{"primitiveMode":7,"vertexBundelIndices":[0],"indexView":{"offset":4704,"length":540,"count":270,"stride":2}}],"vertexBundles":[{"view":{"offset":0,"length":4704,"count":98,"stride":48},"attributes":[{"name":"a_position","format":32,"isNormalized":false},{"name":"a_normal","format":32,"isNormalized":false},{"name":"a_texCoord","format":21,"isNormalized":false},{"name":"a_tangent","format":44,"isNormalized":false}]}]},"minPosition",8,[1,-0.1968504935503006,7.629394360719743e-8,1.1444091541079615e-7],"maxPosition",8,[1,-0.009842374362051487,2.3622047901153564,0.3937009274959564]]],-1],0,0,[],[],[]]]]
