[1,["94qbupPCBCxIsnA80qMi6C@6c48a","7fXbr4es1HBLka0pgMJPBR@6c48a","d1NGQ2rJZCcbhjH0/erZWw","a1xwA2U0BI6anD2ksu53cx","82VzNkhaFLFaTs30pN5UqR"],["_particleSystem","_mainTexture","mainTexture","_effectAsset","root","data"],[["cc.CurveRange",["mode","constantMin","constantMax","constant","spline"],-1,4],["cc.GradientRange",["_mode","gradient","color"],2,4,5],["cc.Node",["_name","_layer","_prefab","_children","_parent","_components","_lrot","_euler"],1,4,2,1,2,5,5],["cc.AlphaKey",["alpha","time"],1],["cc.ShapeModule",["emitFrom","_enable","radius","_angle","arcSpeed"],-1,4],["cc.RotationOvertimeModule",["_enable","x","y","z"],2,4,4,4],["cc.TextureAnimationModule",["_enable","_numTilesX","_numTilesY","animation","randomRow","frameOverTime","startFrame"],-2,4,4],["cc.RealKeyframeValue",["interpolationMode","rightTangent","leftTangent","value"],-1],["cc.Material",["_name","_states","_defines","_techIdx","_props"],-1,12],["cc.Prefab",["_name"],2],["cc.PrefabInfo",["fileId","instance","targetOverrides","nestedPrefabInstanceRoots","root","asset"],-1,1,1],["cc.ParticleSystem",["scaleSpace","duration","loop","_capacity","_simulationSpace","node","__prefab","_materials","startColor","startSizeX","startSizeY","startSizeZ","startSpeed","startRotationX","startRotationY","startRotationZ","startDelay","startLifetime","gravityModifier","rateOverTime","rateOverDistance","bursts","_colorOverLifetimeModule","_shapeModule","_sizeOvertimeModule","_velocityOvertimeModule","_forceOvertimeModule","_limitVelocityOvertimeModule","_rotationOvertimeModule","_textureAnimationModule","_trailModule","renderer"],-2,1,4,12,4,4,4,4,4,4,4,4,4,4,4,4,4,9,4,4,4,4,4,4,4,4,4,4],["cc.ParticleSystem",["duration","loop","node","__prefab","_materials","startColor","startSizeX","startSizeY","startSizeZ","startSpeed","startRotationX","startRotationY","startRotationZ","startDelay","startLifetime","gravityModifier","rateOverTime","rateOverDistance","bursts","_colorOverLifetimeModule","_shapeModule","_sizeOvertimeModule","_velocityOvertimeModule","_forceOvertimeModule","_limitVelocityOvertimeModule","_rotationOvertimeModule","_textureAnimationModule","_trailModule","renderer"],1,1,4,3,4,4,4,4,4,4,4,4,4,4,4,4,4,9,4,4,4,4,4,4,4,4,4,4],["cc.CompPrefabInfo",["fileId"],2],["cc.Burst",["count"],3,4],["cc.ColorOvertimeModule",["_enable","color"],2,4],["cc.Gradient",["alphaKeys"],3,9],["cc.SizeOvertimeModule",["size","x","y","z"],3,4,4,4,4],["cc.VelocityOvertimeModule",["x","y","z","speedModifier"],3,4,4,4,4],["cc.ForceOvertimeModule",["x","y","z"],3,4,4,4],["cc.LimitVelocityOvertimeModule",["limitX","limitY","limitZ","limit"],3,4,4,4,4],["cc.RealCurve",["preExtrapolation","_times","_values"],1,9],["cc.TrailModule",["lifeTime","widthRatio","colorOverTrail","colorOvertime","_particleSystem"],3,4,4,4,4,1],["cc.ParticleSystemRenderer",["_mainTexture"],3,6]],[[0,1],[0,3,2],[1,1],[3,0,1,3],[0,0,1,2,4],[10,0,1,2,3,4,5,5],[2,0,1,4,5,2,6,7,3],[13,0,2],[1,0,1,2],[0,0,4,2],[14,0,1],[15,0,1,2],[16,0,1],[3,0,2],[17,0,1,2,3,1],[18,0,1,2,3,1],[19,0,1,2,1],[20,0,1,2,3,1],[21,0,1,2,3],[7,0,1,2,4],[7,0,3,1,2,5],[22,0,1,2,3,4,1],[23,0,1],[9,0,2],[2,0,1,3,2,3],[11,0,1,2,3,4,5,6,7,8,9,10,11,12,13,14,15,16,17,18,19,20,21,22,23,24,25,26,27,28,29,30,31,6],[12,0,1,2,3,4,5,6,7,8,9,10,11,12,13,14,15,16,17,18,19,20,21,22,23,24,25,26,27,28,3],[1,2,1],[4,1,0,2,3,4,5],[4,0,4,2],[5,0,1,2,3,2],[5,1,2,3,1],[6,0,1,2,3,4,5,6,6],[6,5,6,1],[8,0,1,2,4,4],[8,0,3,1,2,4,5]],[[[[23,"colorBar01"],[24,"colorBar01",524288,[-2,-3],[5,"7ddaT7H/hOiYRg18tkkxT2",null,null,null,-1,0]],[6,"cd",524288,1,[-4],[5,"achur8Fr9DYLnCAPwNRj04",null,null,null,1,0],[3,0.7071067811865475,0,0,0.7071067811865476],[1,90,0,0]],[25,0,0.6,false,180,0,2,[7,"0b7a7v3FVOCpzmec7amMlB"],[[0,null],6,0],[2],[4,3,0.04,0.1],[0],[0],[4,3,2,5],[0],[0],[0],[0],[4,3,1,3],[1,0.3],[1,150],[0],[[10,[1,30]]],[11,true,[8,1,[12,[[13,0],[3,255,0.2790178571428572],[3,255,0.6227678571428571],[3,0,1]]]]],[28,true,0,0.03,0.3279299131572146,[1,1]],[14,[0],[0],[0],[0]],[15,[0],[0],[0],[1,1]],[16,[0],[0],[0]],[17,[0],[0],[0],[0]],[30,true,[0],[0],[4,3,-6.283185307179586,6.283185307179586]],[32,true,1,6,1,true,[9,1,[18,2,[0,1],[[19,2,1,1],[20,2,1,1,1]]]],[9,1,[18,2,[0,1],[[19,2,1,1],[20,2,1,1,1]]]]],[21,[1,1],[0],[2],[2],-5],[22,1]],[6,"Particle",524288,1,[-6],[5,"87kf8D3mlG+o+y18Bm7ZZI",null,null,null,1,0],[3,0.7071067811865475,0,0,0.7071067811865476],[1,90,0,0]],[26,1,false,4,[7,"9aycXq5L9PEL/qj6v8tf+N"],[2],[27,[4,2533359615]],[1,0.3],[0],[0],[0],[0],[0],[0],[0],[1,0.5],[0],[0],[0],[[10,[1,2]]],[11,true,[8,1,[12,[[13,0],[3,255,0.46875],[3,0,1]]]]],[29,0,[1,1]],[14,[0],[0],[0],[0]],[15,[0],[0],[0],[1,1]],[16,[0],[0],[0]],[17,[0],[0],[0],[0]],[31,[0],[0],[0]],[33,[0],[0]],[21,[1,1],[0],[2],[2],-7],[22,3]]],0,[0,4,1,0,-1,2,0,-2,4,0,-1,3,0,0,3,0,-1,5,0,0,5,0,5,1,7],[0,0,0,0],[-1,1,-1,1],[3,0,4,1]],[[[34,"glow01",[{"rasterizerState":{},"depthStencilState":{},"blendState":{"targets":[{}]}}],[{}],[[[{},"mainTexture",6,0]],11]]],0,0,[0,0],[2,3],[1,2]],[[[35,"caidai2",1,[{"rasterizerState":{},"depthStencilState":{},"blendState":{"targets":[{}]}}],[{}],[[[{},"mainTexture",6,0]],11]]],0,0,[0,0],[2,3],[0,2]]]]
