[1,["20g1ukYUVPvKWKBRznAKo+@f9941","54TknWPwVPqJqeCR+Y/Czo@f9941","95EkngnxZFbYuFpsqVTaFr@f9941","32mPJvSgRJCahCmtTv9Fgo","c4MZJuUbFD16Sa4viDDZEC@f9941","54TknWPwVPqJqeCR+Y/Czo@6c48a","ffuIqPr2JI9I8dPLYGRDpD@f9941","b7MFJ8MjNBwqr3fNq1j5dJ@f9941","93OjvmRAVHpoGyDT4YhUm+@f9941","afxHkx8GZGsJC+n+YfITQo@f9941","afxHkx8GZGsJC+n+YfITQo@6c48a","b7MFJ8MjNBwqr3fNq1j5dJ@6c48a","ffuIqPr2JI9I8dPLYGRDpD@6c48a"],["node","_spriteFrame","_textureSource","_normalSprite","_target","targetInfo","_hoverSprite","_pressedSprite","_disabledSprite","root","ndContent","data","_parent","_scrollView","asset","pbLevelItem"],[["cc.Node",["_name","_layer","_objFlags","__editorExtras__","_prefab","_components","_parent","_children","_lpos"],-1,4,9,1,2,5],"cc.SpriteFrame",["cc.Sprite",["_sizeMode","_type","node","__prefab","_spriteFrame"],1,1,4,6],["cc.Node",["_name","_layer","_parent","_components","_prefab","_lpos","_children"],1,1,12,4,5,2],["cc.UITransform",["node","__prefab","_contentSize","_anchorPoint"],3,1,4,5,5],["cc.Widget",["_alignFlags","_originalHeight","_originalWidth","_alignMode","node","__prefab"],-1,1,4],["cc.Button",["_transition","node","__prefab","clickEvents","_normalSprite","_normalColor","_target","_hoverSprite","_pressedSprite","_disabledSprite"],2,1,4,9,6,5,1,6,6,6],["cc.Label",["_string","_actualFontSize","_fontSize","_overflow","_enableWrapText","node","__prefab","_color"],-2,1,4,5],["cc.Prefab",["_name"],2],["cc.CompPrefabInfo",["fileId"],2],["cc.BlockInputEvents",["node","__prefab"],3,1,4],["2be6523odhOBpHGGn8NMbw1",["node","__prefab","ndContent","pbLevelItem"],3,1,4,1,6],["cc.PrefabInfo",["fileId","instance","targetOverrides","root","asset","nestedPrefabInstanceRoots"],0,1,1,2],["cc.PrefabInfo",["fileId","instance","targetOverrides","nestedPrefabInstanceRoots","root","asset"],-1,1,1],["cc.PrefabInfo",["fileId","targetOverrides","nestedPrefabInstanceRoots","root","instance","asset"],0,1,4,6],["cc.Layout",["_layoutType","_paddingLeft","_paddingRight","_paddingTop","_paddingBottom","_spacingX","_spacingY","_isAlign","node","__prefab"],-5,1,4],["cc.ClickEvent",["_componentId","handler","target"],1,1],["cc.Mask",["node","__prefab"],3,1,4],["cc.PrefabInstance",["fileId","prefabRootNode","propertyOverrides"],2,1,9],["CCPropertyOverrideInfo",["value","propertyPath","targetInfo"],1,1],["CCPropertyOverrideInfo",["propertyPath","targetInfo","value"],2,1,8],["cc.TargetInfo",["localID"],2],["cc.ScrollBar",["_direction","node","__prefab","_handle"],2,1,4,1],["cc.ScrollView",["bounceDuration","brake","horizontal","node","__prefab","_content","_verticalScrollBar"],0,1,4,1,1]],[[9,0,2],[13,0,1,2,3,4,5,5],[4,0,1,2,1],[2,1,0,2,3,4,3],[16,0,1,2,3],[0,0,1,6,7,5,4,8,3],[0,0,1,6,5,4,3],[4,0,1,2,3,1],[6,0,1,2,3,5,6,4,7,8,9,2],[7,0,1,2,3,4,5,6,7,6],[0,0,1,6,7,5,4,3],[0,0,1,6,5,4,8,3],[3,0,1,2,6,3,4,5,3],[20,0,1,2,2],[8,0,2],[0,0,1,7,5,4,3],[0,0,1,7,5,4,8,3],[0,2,3,6,4,3],[3,0,1,2,3,4,5,3],[5,0,2,1,4,5,4],[5,0,1,3,4,5,4],[10,0,1,1],[11,0,1,2,3,1],[12,0,1,2,3,4,5,4],[14,0,1,2,3,4,5,4],[2,0,2,3,4,2],[2,1,0,2,3,3],[15,0,1,2,3,4,5,6,7,8,9,9],[6,0,1,2,3,4,2],[17,0,1,1],[18,0,1,2,2],[19,0,1,2,3],[21,0,2],[7,0,1,2,5,6,4],[22,0,1,2,3,2],[23,0,1,2,3,4,5,6,4]],[[[{"name":"default_btn_pressed","rect":{"x":0,"y":0,"width":40,"height":40},"offset":{"x":0,"y":0},"originalSize":{"width":40,"height":40},"rotated":false,"capInsets":[12,12,12,12],"vertices":{"rawPosition":[-20,-20,0,20,-20,0,-20,20,0,20,20,0],"indexes":[0,1,2,2,1,3],"uv":[0,40,40,40,0,0,40,0],"nuv":[0,0,1,0,0,1,1,1],"minPos":{"x":-20,"y":-20,"z":0},"maxPos":{"x":20,"y":20,"z":0}},"packable":true,"pixelsToUnit":100,"pivot":{"x":0.5,"y":0.5},"meshType":0}],[1],0,[0],[2],[5]],[[[14,"debugPanel"],[15,"debugPanel",33554432,[-8],[[2,-3,[0,"3c5lRnU49Af76c6F1WsaO8"],[5,720,1280]],[19,45,720,1280,-4,[0,"3bMK/y4a1H968Yu5b3qmcA"]],[21,-5,[0,"40AbutVYdAwI8roNlnqYMG"]],[22,-7,[0,"a0ojR3Tw9OAqvcmITqJIom"],-6,21]],[23,"91w8k3fs1PrqlTOl9NpTb6",null,null,-2,0,[-1]]],[10,"commonRectangle",33554432,1,[-11,-12,-13,-14,-15,-16],[[2,-9,[0,"bdfBZH1d5NOLOJTPs/kUjW"],[5,636,800]],[3,1,0,-10,[0,"bam5tuUcBDXLsDz4kANdaG"],20]],[1,"25NmcBWBxIPKQYGdqpLdBy",null,null,null,1,0]],[12,"ScrollView",33554432,2,[-20,-21],[[[2,-17,[0,"71kmounFRG/K27WWBbH2RB"],[5,600,300]],[3,1,0,-18,[0,"8ce2Xg/B9GhY0DNafD/vxa"],2],-19],4,4,1],[1,"01TUQqLH9M+reuvw5lWbkT",null,null,null,1,0],[1,0,169.558,0]],[12,"scrollBar",33554432,3,[-26],[[[7,-22,[0,"17lQPXOPpO0b6Z/3qQRAz3"],[5,12,300],[0,1,0.5]],[3,1,0,-23,[0,"9dLJe/n0BKVoGauB1wT/Tc"],0],[20,37,250,1,-24,[0,"88/VBmjEBOMLWb2cOiN0kU"]],-25],4,4,4,1],[1,"e9VT1N1RJKMKhzQuGaTReB",null,null,null,1,0],[1,300,0,0]],[16,"content",33554432,[-29],[[7,-27,[0,"99yn0cfL9MmZYfJbPmK9qL"],[5,590,500],[0,0.5,1]],[27,3,10,10,10,10,16,10,true,-28,[0,"90L0GstI9ESaES9wxt9RnS"]]],[1,"64TMDkNH1OoIts1NPaHh7x",null,null,null,1,0],[1,-5,147.548,0]],[5,"btnClearStorage",33554432,2,[-34],[[2,-30,[0,"98TYGMtwRBTYZZn4EZmhzJ"],[5,150,40]],[3,1,0,-31,[0,"77BcV1zfNHo4LI4KRqZupe"],3],[8,3,-33,[0,"2fOwBXUwBNvaJ4NyyrOq4C"],[[4,"2be6523odhOBpHGGn8NMbw1","onBtnClearStorageClick",1]],[4,4292269782],-32,4,5,6,7]],[1,"5dXxO1HAlF+YU4jNoVvCuY",null,null,null,1,0],[1,-184.871,-231.188,0]],[5,"btnFrame30",33554432,2,[-39],[[2,-35,[0,"286exld6ZMIL8ekXfBClr5"],[5,150,40]],[3,1,0,-36,[0,"300HdJBelJz71X++78/Rqs"],10],[8,3,-38,[0,"ffXIe6D8pBArQ1KnD4gC7Q"],[[4,"2be6523odhOBpHGGn8NMbw1","onToggleFrame30Click",1]],[4,4292269782],-37,11,12,13,14]],[1,"0fp5t5P6NOpIda0IpyanTj",null,null,null,1,0],[1,-184.871,-146.099,0]],[5,"btnFrame60",33554432,2,[-44],[[2,-40,[0,"c4pdEqUA9BJZ7SREAfa5CO"],[5,150,40]],[3,1,0,-41,[0,"a66CQAeVtD1o7QBgP0LuhG"],15],[8,3,-43,[0,"af43TyXeVI55TxMy/g4bVV"],[[4,"2be6523odhOBpHGGn8NMbw1","onToggleFrame60Click",1]],[4,4292269782],-42,16,17,18,19]],[1,"08+d+tF0VPor4PzpAx9DEu",null,null,null,1,0],[1,-184.871,-62.646,0]],[10,"view",33554432,3,[5],[[2,-45,[0,"adVJjE6iNG9YcIKwDKe/zq"],[5,600,280]],[29,-46,[0,"4eIg29oQZFVLk+NZnwDdlk"]]],[1,"6aL1O3omNEIbCgss6zqJlK",null,null,null,1,0]],[11,"btnClose",33554432,2,[[2,-47,[0,"45p8dKucxPaoVtnAszkTIg"],[5,40,40]],[25,0,-48,[0,"a5rOeV+CVCo6VnMJvvv8ds"],8],[28,3,-49,[0,"a9RoN6qFNLaaCshi2k5XcJ"],[[4,"2be6523odhOBpHGGn8NMbw1","onBtnCloseClick",1]],9]],[1,"3akzWCzV5BQqez9hnCJ/ri",null,null,null,1,0],[1,278.266,365.85,0]],[18,"bar",33554432,4,[[[7,-50,[0,"95oWyE8aJJxJ5UvVmOXyZU"],[5,10,156.25],[0,0,0]],-51],4,1],[1,"7bMSuyO19APJuo4S1VFcAH",null,null,null,1,0],[1,-11,-31.25,0]],[17,0,{},5,[24,"947Yw8bL5GCLPy+GDef+vs",null,null,-55,[30,"3cb6AsRY9AupTQNiZ3KkAp",1,[[31,"debugLevelItem",["name"],-52],[13,["position"],-53,[1,-285,-10,0]],[13,["rotation"],-54,[3,0,0,0,1]]]],1]],[32,["947Yw8bL5GCLPy+GDef+vs"]],[6,"Label",33554432,6,[[2,-56,[0,"07QMd0h1dLcYd/vjigaip6"],[5,150,40]],[9,"清除玩家缓存",20,20,1,false,-57,[0,"ee3IZdy2dLIaAWpjI7P0FL"],[4,4278190080]]],[1,"daKCRUIvNOnrR4AaD/LFXr",null,null,null,1,0]],[11,"title",33554432,2,[[2,-58,[0,"c68UOAlNhN171Umca6yVvF"],[5,140,50.4]],[33,"调试界面",35,35,-59,[0,"2frm37uaJHQr0AEEaYyM82"]]],[1,"19WdoxholJ9o01mBfI7WaP",null,null,null,1,0],[1,0,364.397,0]],[6,"Label",33554432,7,[[2,-60,[0,"b2WhOGhghB/bvnRNFGjOGC"],[5,150,40]],[9,"设置为30帧",20,20,1,false,-61,[0,"d1cCU3jGlJBZdUO3KuOcyN"],[4,4278190080]]],[1,"abQYtC11NFSrP1nfgY9d1F",null,null,null,1,0]],[6,"Label",33554432,8,[[2,-62,[0,"beGtfdP0JIBbEwlaQlS84V"],[5,150,40]],[9,"设置为60帧",20,20,1,false,-63,[0,"f2W0PxlnJN+pZx/kFVPU9j"],[4,4278190080]]],[1,"c66+ISLh1AAqefBsCOmmtR",null,null,null,1,0]],[26,1,0,11,[0,"02Vchn8fFF/77B+7pVCQuQ"]],[34,1,4,[0,"f4i77UV0dH4pcD0KQOXx7c"],18],[35,0.23,0.75,false,3,[0,"a8UaPDxYhIX5MrqvKGMJdR"],5,19]],0,[0,-1,12,0,9,1,0,0,1,0,0,1,0,0,1,0,10,5,0,0,1,0,-1,2,0,0,2,0,0,2,0,-1,3,0,-2,6,0,-3,10,0,-4,15,0,-5,7,0,-6,8,0,0,3,0,0,3,0,-3,20,0,-1,4,0,-2,9,0,0,4,0,0,4,0,0,4,0,-4,19,0,-1,11,0,0,5,0,0,5,0,-1,12,0,0,6,0,0,6,0,4,6,0,0,6,0,-1,14,0,0,7,0,0,7,0,4,7,0,0,7,0,-1,16,0,0,8,0,0,8,0,4,8,0,0,8,0,-1,17,0,0,9,0,0,9,0,0,10,0,0,10,0,0,10,0,0,11,0,-2,18,0,5,13,0,5,13,0,5,13,0,9,12,0,0,14,0,0,14,0,0,15,0,0,15,0,0,16,0,0,16,0,0,17,0,0,17,0,11,1,5,12,9,19,13,20,63],[0,0,0,0,0,0,0,0,0,0,0,0,0,0,0,0,0,0,0,0,0,0,18],[1,14,1,1,3,6,7,8,1,3,1,3,6,7,8,1,3,6,7,8,1,15,1],[6,3,7,0,0,0,1,2,4,4,0,0,0,1,2,0,0,0,1,2,8,3,9]],[[{"name":"default_scrollbar_vertical","rect":{"x":0,"y":0,"width":15,"height":30},"offset":{"x":0,"y":0},"originalSize":{"width":15,"height":30},"rotated":false,"capInsets":[4,10,4,10],"vertices":{"rawPosition":[-7.5,-15,0,7.5,-15,0,-7.5,15,0,7.5,15,0],"indexes":[0,1,2,2,1,3],"uv":[0,30,15,30,0,0,15,0],"nuv":[0,0,1,0,0,1,1,1],"minPos":{"x":-7.5,"y":-15,"z":0},"maxPos":{"x":7.5,"y":15,"z":0}},"packable":true,"pixelsToUnit":100,"pivot":{"x":0.5,"y":0.5},"meshType":0}],[1],0,[0],[2],[10]],[[{"name":"default_panel","rect":{"x":0,"y":0,"width":20,"height":20},"offset":{"x":0,"y":0},"originalSize":{"width":20,"height":20},"rotated":false,"capInsets":[8,8,8,8],"vertices":{"rawPosition":[-10,-10,0,10,-10,0,-10,10,0,10,10,0],"indexes":[0,1,2,2,1,3],"uv":[0,20,20,20,0,0,20,0],"nuv":[0,0,1,0,0,1,1,1],"minPos":{"x":-10,"y":-10,"z":0},"maxPos":{"x":10,"y":10,"z":0}},"packable":true,"pixelsToUnit":100,"pivot":{"x":0.5,"y":0.5},"meshType":0}],[1],0,[0],[2],[11]],[[{"name":"default_scrollbar_vertical_bg","rect":{"x":0,"y":0,"width":15,"height":30},"offset":{"x":0,"y":0},"originalSize":{"width":15,"height":30},"rotated":false,"capInsets":[4,10,4,10],"vertices":{"rawPosition":[-7.5,-15,0,7.5,-15,0,-7.5,15,0,7.5,15,0],"indexes":[0,1,2,2,1,3],"uv":[0,30,15,30,0,0,15,0],"nuv":[0,0,1,0,0,1,1,1],"minPos":{"x":-7.5,"y":-15,"z":0},"maxPos":{"x":7.5,"y":15,"z":0}},"packable":true,"pixelsToUnit":100,"pivot":{"x":0.5,"y":0.5},"meshType":0}],[1],0,[0],[2],[12]]]]
