[1,["12Y9dMgWdJKJGmTiZyQR9H@2e76e","ad/VEAdftLU71KgYYPTBSp@280c8","c5k97nsFtE9LRbF8fVH1nY","404iEc5rFNi7M+PuMBKA4w","ffqZ9r94FIC5W1Cjjbubf0","1brw/JvvpFnIvdrxpFCgMZ","d4QHBwu/5C2KaLhDN1+F+U@6c48a","47uqfAoqRD5ojpblK2w9vu","921YwmZ6NCjJaszf/ALWX6@197d1","a5Cm1TtepLorqh0ZqHdGZa"],["node","_mesh","_parent","_effectAsset","mainTexture","root","data"],[["cc.Node",["_name","_active","_prefab","_parent","_children","_components","_lscale","_lpos","_lrot","_euler"],1,4,1,2,9,5,5,5,5],["cc.MeshRenderer",["_shadowCastingMode","_name","node","__prefab","_materials","bakeSettings","_mesh"],1,1,4,3,4,6],["cc.BoxCollider",["node","__prefab","_center","_size"],3,1,4,5,5],["cc.Material",["_name","_states","_defines","_props"],0,12],["cc.Mesh",["_native","_hash","_struct"],1,11],["cc.Prefab",["_name"],2],["cc.CompPrefabInfo",["fileId"],2],["cc.PrefabInfo",["fileId","instance","targetOverrides","nestedPrefabInstanceRoots","root","asset"],-1,1,1],["423e6cUn0hLkZnhwZVWsgaI",["_enabled","node","__prefab","arrBatching"],2,1,4,2],["423e6cUn0hLkZnhwZVWsgaI",["arrBatching","node","__prefab"],2,1,4],["cc.ModelBakeSettings",[],3]],[[7,0,1,2,3,4,5,5],[6,0,2],[10,1],[0,0,3,5,2,7,6,2],[1,1,2,3,4,5,6,2],[0,0,3,4,2,2],[0,0,3,5,2,8,9,2],[1,2,3,4,5,6,1],[0,0,1,3,4,2,7,3],[0,0,4,2,2],[3,0,1,2,3,4],[2,0,1,2,3,1],[4,0,1,2,3],[5,0,2],[0,0,4,5,2,6,2],[0,0,3,4,5,2,6,2],[0,0,3,5,2,8,6,9,2],[0,0,3,5,2,2],[0,0,3,4,2,7,6,2],[2,0,1,2,1],[8,0,1,2,3,2],[9,0,1,2,2],[1,0,2,3,4,5,6,2]],[[[[10,"scoreLine",[{"rasterizerState":{},"depthStencilState":{},"blendState":{"targets":[{}]}},{},{}],[{"USE_ALBEDO_MAP":true},{},{}],[[[{"roughness":0.70710676908493,"metallic":0.400000005960464},"mainColor",8,[4,3707764735],"albedoScale",8,[1,0.587999999523163,0.587999999523163,0.587999999523163],"mainTexture",6,0],{},{}],11,0,0]]],0,0,[0,0],[4,3],[6,5]],[[[12,".bin",4154987510,[{"primitives":[{"primitiveMode":7,"vertexBundelIndices":[0],"indexView":{"offset":192,"length":12,"count":6,"stride":2}}],"vertexBundles":[{"view":{"offset":0,"length":192,"count":4,"stride":48},"attributes":[{"name":"a_position","format":32,"isNormalized":false},{"name":"a_normal","format":32,"isNormalized":false},{"name":"a_texCoord","format":21,"isNormalized":false},{"name":"a_tangent","format":44,"isNormalized":false}]}]},"minPosition",8,[1,-0.4749999940395355,-0.00021216392633505166,0],"maxPosition",8,[1,0.4749999940395355,0.5,0]]],-1],0,0,[],[],[]],[[[10,"scoreLine01",[{"rasterizerState":{},"depthStencilState":{},"blendState":{"targets":[{}]}},{},{}],[{},{},{}],[[[{"roughness":1,"metallic":0.6},"mainColor",8,[4,4287401100]],{},{}],11,0,0]]],0,0,[0],[3],[5]],[[[13,"roadScore"],[14,"roadScore",[-5,-6,-7],[[19,-2,[1,"46FJkrD4BFhZxcICFUvPPo"],[1,0,0.5,-0.5]],[11,-3,[1,"6cPEFWfBZEMqpM41qtzJx9"],[1,0.55,1,-0.5],[1,0.2,0.5,1]],[11,-4,[1,"084HV+QIxLq6OjrQxKaxKb"],[1,-0.55,1,-0.5],[1,0.2,0.5,1]]],[0,"83HKg+U+hBaZszXyREGi3D",null,null,null,-1,0],[1,1,1,12.5]],[9,"x",[-8,-9,-10,-11,-12,-13,-14,-15,-16,-17,-18,-19,-20,-21,-22,-23,-24,-25,-26,-27,-28,-29,-30,-31,-32],[0,"88Nj3a0RtN7aM+Yl59rJA2",null,null,null,1,0]],[9,"dot",[-33,-34,-35,-36,-37,-38,-39,-40,-41,-42,-43,-44,-45,-46,-47,-48,-49,-50,-51,-52,-53,-54,-55,-56,-57],[0,"dcB16sODJKC7eStyZgQMg6",null,null,null,1,0]],[9,"board",[-58,-59,-60,-61,-62,-63,-64,-65,-66,-67,-68,-69,-70,-71,-72,-73,-74,-75,-76,-77,-78,-79,-80,-81,-82],[0,"1a8V4Z2VJA0oDY0jVOJxgq",null,null,null,1,0]],[15,"scoreLineColor",1,[4,2,3,-84],[[20,false,-83,[1,"f3Q0O4OLpGqakrE/PJZzSZ"],[2,3]]],[0,"54BkoJ1tZAPqQHr9qseriZ",null,null,null,1,0],[1,1,1,0.0808]],[5,"RootNode",1,[-85],[0,"450vkTPuFIdKLVaAdd4Dsi",null,null,null,1,0]],[16,"road01",6,[[22,1,-86,[1,"09zwseJpBfXpTcMp5JEA0B"],[0],[2],1]],[0,"060/LrTfFMiamclw/t8C/j",null,null,null,1,0],[3,-0.7071067811865476,0,0,0.7071067811865476],[1,2.54,2.53999996185303,2.53999996185303],[1,-90.00000000000003,0,0]],[8,"boardItem",false,4,[-87],[0,"dcNr+QIm9AKoC+KOt+tDiT",null,null,null,1,0],[1,0,1.005,0]],[5,"RootNode",8,[-88],[0,"acRONjFXxL7JWtO4KWv+81",null,null,null,1,0]],[6,"board",9,[[7,-89,[1,"b3YGOr3w1GIJqzV5xSUjCt"],[2],[2],3]],[0,"b5LyjcF/JI+Z3DOQUA8nXg",null,null,null,1,0],[3,-0.7071067811865476,0,0,0.7071067811865476],[1,-90.00000000000003,0,0]],[8,"boardItem",false,4,[-90],[0,"acd5jmBAlKjJvxQE0ZnBU3",null,null,null,1,0],[1,0,1.005,-0.5]],[5,"RootNode",11,[-91],[0,"29+iOV+lxFCrOxWUfIRI7P",null,null,null,1,0]],[6,"board",12,[[7,-92,[1,"b3YGOr3w1GIJqzV5xSUjCt"],[4],[2],5]],[0,"21ZWGzmH9P4ZzbT2Q0MtEe",null,null,null,1,0],[3,-0.7071067811865476,0,0,0.7071067811865476],[1,-90.00000000000003,0,0]],[8,"boardItem",false,4,[-93],[0,"89VZ2POblCi4ExrHQVmipF",null,null,null,1,0],[1,0,1.005,-1]],[5,"RootNode",14,[-94],[0,"83y62bzftLla2vhViaFtBO",null,null,null,1,0]],[6,"board",15,[[7,-95,[1,"b3YGOr3w1GIJqzV5xSUjCt"],[6],[2],7]],[0,"e6fDMAAPhCF7Heq0xk45Mu",null,null,null,1,0],[3,-0.7071067811865476,0,0,0.7071067811865476],[1,-90.00000000000003,0,0]],[8,"boardItem",false,4,[-96],[0,"7a3V/Nb2tBH5P9JNaQxZ5j",null,null,null,1,0],[1,0,1.005,-1.5]],[5,"RootNode",17,[-97],[0,"82r6qHneVAZZN0to0C5SE2",null,null,null,1,0]],[6,"board",18,[[7,-98,[1,"b3YGOr3w1GIJqzV5xSUjCt"],[8],[2],9]],[0,"90UEuJZS1OE5/Yg863HCas",null,null,null,1,0],[3,-0.7071067811865476,0,0,0.7071067811865476],[1,-90.00000000000003,0,0]],[8,"boardItem",false,4,[-99],[0,"e6qudgDGtMiKqhgVEQUsB6",null,null,null,1,0],[1,0,1.005,-2]],[5,"RootNode",20,[-100],[0,"04oTmqTbxEuJ7wWV8aUK09",null,null,null,1,0]],[6,"board",21,[[7,-101,[1,"b3YGOr3w1GIJqzV5xSUjCt"],[10],[2],11]],[0,"e9aO10qVxF9bB/wmp+bVtW",null,null,null,1,0],[3,-0.7071067811865477,0,0,0.7071067811865474],[1,-90.00000000000003,0,0]],[8,"boardItem",false,4,[-102],[0,"019s4WSfVBgqA/hSZMISRp",null,null,null,1,0],[1,0,1.005,-2.5]],[5,"RootNode",23,[-103],[0,"36rtm39ZZGmYn0dMINNvLl",null,null,null,1,0]],[6,"board",24,[[7,-104,[1,"b3YGOr3w1GIJqzV5xSUjCt"],[12],[2],13]],[0,"bfZjMzJcxOH5dUO+Fy0dIl",null,null,null,1,0],[3,-0.7071067811865476,0,0,0.7071067811865476],[1,-90.00000000000003,0,0]],[8,"boardItem",false,4,[-105],[0,"de+nytqPVGeY4OrdAsU45X",null,null,null,1,0],[1,0,1.005,-3]],[5,"RootNode",26,[-106],[0,"59SIlCbM1LpL502BCCG9K9",null,null,null,1,0]],[6,"board",27,[[7,-107,[1,"b3YGOr3w1GIJqzV5xSUjCt"],[14],[2],15]],[0,"53qDQGKDROOLpML5BwC3CQ",null,null,null,1,0],[3,-0.7071067811865476,0,0,0.7071067811865476],[1,-90.00000000000003,0,0]],[8,"boardItem",false,4,[-108],[0,"e2VGpBY/RKgarhEo2llaJH",null,null,null,1,0],[1,0,1.005,-3.5]],[5,"RootNode",29,[-109],[0,"70ETlgILlC3KP+tFGWk9Fc",null,null,null,1,0]],[6,"board",30,[[7,-110,[1,"b3YGOr3w1GIJqzV5xSUjCt"],[16],[2],17]],[0,"489Tv7OOBKTJzAZDC2cJ6B",null,null,null,1,0],[3,-0.7071067811865476,0,0,0.7071067811865476],[1,-90.00000000000003,0,0]],[8,"boardItem",false,4,[-111],[0,"fdX4oHm0VEq42AmeLWnaHo",null,null,null,1,0],[1,0,1.005,-4]],[5,"RootNode",32,[-112],[0,"e8fJgtiTJJlK2tyHkRtW/W",null,null,null,1,0]],[6,"board",33,[[7,-113,[1,"b3YGOr3w1GIJqzV5xSUjCt"],[18],[2],19]],[0,"7dWIs+cDJPcrMchjvf+Upl",null,null,null,1,0],[3,-0.7071067811865476,0,0,0.7071067811865476],[1,-90.00000000000003,0,0]],[8,"boardItem",false,4,[-114],[0,"cecaYpAlxKgp1iM2JCY+E5",null,null,null,1,0],[1,0,1.005,-4.5]],[5,"RootNode",35,[-115],[0,"c6oMabTzRJx7qDRta2UxQD",null,null,null,1,0]],[6,"board",36,[[7,-116,[1,"b3YGOr3w1GIJqzV5xSUjCt"],[20],[2],21]],[0,"86Up1us59HW70PgFnguDYx",null,null,null,1,0],[3,-0.7071067811865476,0,0,0.7071067811865476],[1,-90.00000000000003,0,0]],[8,"boardItem",false,4,[-117],[0,"e5QBmr4xFLC6TDpaUNTBAB",null,null,null,1,0],[1,0,1.005,-5]],[5,"RootNode",38,[-118],[0,"e9GE1EDAtC268gYftBXCee",null,null,null,1,0]],[6,"board",39,[[7,-119,[1,"b3YGOr3w1GIJqzV5xSUjCt"],[22],[2],23]],[0,"0arDfFsHBCbL5iHZ+kekSv",null,null,null,1,0],[3,-0.7071067811865476,0,0,0.7071067811865476],[1,-90.00000000000003,0,0]],[8,"boardItem",false,4,[-120],[0,"b6LOoZh0BJmIu5Nn9NuBeL",null,null,null,1,0],[1,0,1.005,-5.5]],[5,"RootNode",41,[-121],[0,"11eoc9VFFJj4og/19bdUYa",null,null,null,1,0]],[6,"board",42,[[7,-122,[1,"b3YGOr3w1GIJqzV5xSUjCt"],[24],[2],25]],[0,"aaxBFjXohG564gbv7elJpo",null,null,null,1,0],[3,-0.7071067811865476,0,0,0.7071067811865476],[1,-90.00000000000003,0,0]],[8,"boardItem",false,4,[-123],[0,"6fZI6HaRhI0Jwm1CBkmTQp",null,null,null,1,0],[1,0,1.005,-6]],[5,"RootNode",44,[-124],[0,"09DhS3Fy1BLJoPxeT5eS3J",null,null,null,1,0]],[6,"board",45,[[7,-125,[1,"b3YGOr3w1GIJqzV5xSUjCt"],[26],[2],27]],[0,"67TQOS3kREc5aoGa8607wM",null,null,null,1,0],[3,-0.7071067811865476,0,0,0.7071067811865476],[1,-90.00000000000003,0,0]],[8,"boardItem",false,4,[-126],[0,"d1H4GdqP1J7KmVv/mr1xvb",null,null,null,1,0],[1,0,1.005,-6.5]],[5,"RootNode",47,[-127],[0,"9100Tl2xpIZ7t2UDT6UlzQ",null,null,null,1,0]],[6,"board",48,[[7,-128,[1,"b3YGOr3w1GIJqzV5xSUjCt"],[28],[2],29]],[0,"f5keL7iqhDp5hiWmfLYw3p",null,null,null,1,0],[3,-0.7071067811865476,0,0,0.7071067811865476],[1,-90.00000000000003,0,0]],[8,"boardItem",false,4,[-129],[0,"1586c8ag5KjKu5IZ5kQB8t",null,null,null,1,0],[1,0,1.005,-7]],[5,"RootNode",50,[-130],[0,"31vcsb2XBBy5OV9fc6oevQ",null,null,null,1,0]],[6,"board",51,[[7,-131,[1,"b3YGOr3w1GIJqzV5xSUjCt"],[30],[2],31]],[0,"c3Q6oRpjNDmIdfo8XCribB",null,null,null,1,0],[3,-0.7071067811865476,0,0,0.7071067811865476],[1,-90.00000000000003,0,0]],[8,"boardItem",false,4,[-132],[0,"80jIgzsEZFrb5n3PbcCshA",null,null,null,1,0],[1,0,1.005,-7.5]],[5,"RootNode",53,[-133],[0,"0d2N0zivRKoYiat94nvK9j",null,null,null,1,0]],[6,"board",54,[[7,-134,[1,"b3YGOr3w1GIJqzV5xSUjCt"],[32],[2],33]],[0,"8d44SGO35OlaZ2Loixd/BW",null,null,null,1,0],[3,-0.7071067811865476,0,0,0.7071067811865476],[1,-90.00000000000003,0,0]],[8,"boardItem",false,4,[-135],[0,"e6yNthvwdCQ7Wa+O4UxPXv",null,null,null,1,0],[1,0,1.005,-8]],[5,"RootNode",56,[-136],[0,"46O9mHteZE9pyiTardUxtv",null,null,null,1,0]],[6,"board",57,[[7,-137,[1,"b3YGOr3w1GIJqzV5xSUjCt"],[34],[2],35]],[0,"61zvQQ0A1CIbPsbkbeCS62",null,null,null,1,0],[3,-0.7071067811865476,0,0,0.7071067811865476],[1,-90.00000000000003,0,0]],[8,"boardItem",false,4,[-138],[0,"cdxTcIZRFM2bEOa7Of18zg",null,null,null,1,0],[1,0,1.005,-8.5]],[5,"RootNode",59,[-139],[0,"5fTtrcSYFGn4bnHM6geGOa",null,null,null,1,0]],[6,"board",60,[[7,-140,[1,"b3YGOr3w1GIJqzV5xSUjCt"],[36],[2],37]],[0,"31dO2JOWZK1LUmzAvC4yo0",null,null,null,1,0],[3,-0.7071067811865476,0,0,0.7071067811865476],[1,-90.00000000000003,0,0]],[8,"boardItem",false,4,[-141],[0,"87jaPe6D1O+bW3lcPguKnK",null,null,null,1,0],[1,0,1.005,-9]],[5,"RootNode",62,[-142],[0,"07S3vzHHxCgaFkZA4UECRc",null,null,null,1,0]],[6,"board",63,[[7,-143,[1,"b3YGOr3w1GIJqzV5xSUjCt"],[38],[2],39]],[0,"d120zWW/FJtoZO3KC1WXjH",null,null,null,1,0],[3,-0.7071067811865476,0,0,0.7071067811865476],[1,-90.00000000000003,0,0]],[8,"boardItem",false,4,[-144],[0,"f8Rpe4DLdIHKDqMCvuAcUV",null,null,null,1,0],[1,0,1.005,-9.5]],[5,"RootNode",65,[-145],[0,"6d4cJvuMBA9rJpn5Cgq0Fd",null,null,null,1,0]],[6,"board",66,[[7,-146,[1,"b3YGOr3w1GIJqzV5xSUjCt"],[40],[2],41]],[0,"1eYT2hGH1E6r91A/JJh/rV",null,null,null,1,0],[3,-0.7071067811865476,0,0,0.7071067811865476],[1,-90.00000000000003,0,0]],[8,"boardItem",false,4,[-147],[0,"cduql9mKVHlqe5ILXvTg00",null,null,null,1,0],[1,0,1.005,-10]],[5,"RootNode",68,[-148],[0,"59d5AH+dxHpqyS3oSCLUc3",null,null,null,1,0]],[6,"board",69,[[7,-149,[1,"b3YGOr3w1GIJqzV5xSUjCt"],[42],[2],43]],[0,"dcmgSu4tdO/oYEdd4v3qOV",null,null,null,1,0],[3,-0.7071067811865476,0,0,0.7071067811865476],[1,-90.00000000000003,0,0]],[8,"boardItem",false,4,[-150],[0,"71KUAI5EZM5KvCrA4A8OXv",null,null,null,1,0],[1,0,1.005,-10.5]],[5,"RootNode",71,[-151],[0,"7d8Y/h2QJBP4xVGBuum2NA",null,null,null,1,0]],[6,"board",72,[[7,-152,[1,"b3YGOr3w1GIJqzV5xSUjCt"],[44],[2],45]],[0,"165xgGjHNHL7GxBpGQozEB",null,null,null,1,0],[3,-0.7071067811865476,0,0,0.7071067811865476],[1,-90.00000000000003,0,0]],[8,"boardItem",false,4,[-153],[0,"2fWw2b091PlILD+qyfM+C7",null,null,null,1,0],[1,0,1.005,-11]],[5,"RootNode",74,[-154],[0,"0ctd38jmZEJJJL0wl6LWx6",null,null,null,1,0]],[6,"board",75,[[7,-155,[1,"b3YGOr3w1GIJqzV5xSUjCt"],[46],[2],47]],[0,"13yfE48TZOuJL+qTG6bRdj",null,null,null,1,0],[3,-0.7071067811865476,0,0,0.7071067811865476],[1,-90.00000000000003,0,0]],[8,"boardItem",false,4,[-156],[0,"dcpOz4uftMRoVD/xU5Jux0",null,null,null,1,0],[1,0,1.005,-11.5]],[5,"RootNode",77,[-157],[0,"015E4ts9BMKrsTM9y8Wvv1",null,null,null,1,0]],[6,"board",78,[[7,-158,[1,"b3YGOr3w1GIJqzV5xSUjCt"],[48],[2],49]],[0,"3edZ6D5+5EGKabqLbak6HW",null,null,null,1,0],[3,-0.7071067811865476,0,0,0.7071067811865476],[1,-90.00000000000003,0,0]],[8,"boardItem",false,4,[-159],[0,"71ehfIQJpHUaPRhDVyLgt/",null,null,null,1,0],[1,0,1.005,-12]],[5,"RootNode",80,[-160],[0,"03bmfmqFFG7LFg/KHyqiiI",null,null,null,1,0]],[6,"board",81,[[7,-161,[1,"b3YGOr3w1GIJqzV5xSUjCt"],[50],[2],51]],[0,"92DnyyZfRKYYGGuETnNZUV",null,null,null,1,0],[3,-0.7071067811865476,0,0,0.7071067811865476],[1,-90.00000000000003,0,0]],[3,"plane01",2,[[4,"Plane<ModelComponent>",-162,[1,"e0uHCYkZ1D1I9glcT6oLf2"],[52],[2],53]],[0,"24c2srGh5G0J+BDNga37Wx",null,null,null,1,0],[1,-0.135,1.007,-0.242],[1,0.013,0.528,0.016]],[3,"plane01",2,[[4,"Plane<ModelComponent>",-163,[1,"e0uHCYkZ1D1I9glcT6oLf2"],[54],[2],55]],[0,"81Ondn9gtHPomvT93VoZEt",null,null,null,1,0],[1,-0.135,1.007,-0.742],[1,0.013,0.528,0.016]],[3,"plane01",2,[[4,"Plane<ModelComponent>",-164,[1,"e0uHCYkZ1D1I9glcT6oLf2"],[56],[2],57]],[0,"b5FcTIo9FDv7KxXwRDN7a5",null,null,null,1,0],[1,-0.135,1.007,-1.242],[1,0.013,0.528,0.016]],[3,"plane01",2,[[4,"Plane<ModelComponent>",-165,[1,"e0uHCYkZ1D1I9glcT6oLf2"],[58],[2],59]],[0,"cfpj7q9wVOA6IetCmQg65E",null,null,null,1,0],[1,-0.135,1.007,-1.7420000000000002],[1,0.013,0.528,0.016]],[3,"plane01",2,[[4,"Plane<ModelComponent>",-166,[1,"e0uHCYkZ1D1I9glcT6oLf2"],[60],[2],61]],[0,"f9qYRnncZC35zl8z4qWf/V",null,null,null,1,0],[1,-0.135,1.007,-2.242],[1,0.013,0.528,0.016]],[3,"plane01",2,[[4,"Plane<ModelComponent>",-167,[1,"e0uHCYkZ1D1I9glcT6oLf2"],[62],[2],63]],[0,"79AC981kVM54MxA/Q9lvxD",null,null,null,1,0],[1,-0.135,1.007,-2.7419999999999995],[1,0.013,0.528,0.016]],[3,"plane01",2,[[4,"Plane<ModelComponent>",-168,[1,"e0uHCYkZ1D1I9glcT6oLf2"],[64],[2],65]],[0,"d1duUNbzROQrASBYx2IXvz",null,null,null,1,0],[1,-0.135,1.007,-3.242],[1,0.013,0.528,0.016]],[3,"plane01",2,[[4,"Plane<ModelComponent>",-169,[1,"e0uHCYkZ1D1I9glcT6oLf2"],[66],[2],67]],[0,"4d3/aKLSJMF4gGoT1QvHXp",null,null,null,1,0],[1,-0.135,1.007,-3.742],[1,0.013,0.528,0.016]],[3,"plane01",2,[[4,"Plane<ModelComponent>",-170,[1,"e0uHCYkZ1D1I9glcT6oLf2"],[68],[2],69]],[0,"9d7Q35PnJI7ZNSAy0RcrUa",null,null,null,1,0],[1,-0.135,1.007,-4.242],[1,0.013,0.528,0.016]],[3,"plane01",2,[[4,"Plane<ModelComponent>",-171,[1,"e0uHCYkZ1D1I9glcT6oLf2"],[70],[2],71]],[0,"1bvLVTkPVGaIqCzCFKg5j+",null,null,null,1,0],[1,-0.135,1.007,-4.742],[1,0.013,0.528,0.016]],[3,"plane01",2,[[4,"Plane<ModelComponent>",-172,[1,"e0uHCYkZ1D1I9glcT6oLf2"],[72],[2],73]],[0,"81sykdd0FBqrg3bWwhkmZi",null,null,null,1,0],[1,-0.135,1.007,-5.242],[1,0.013,0.528,0.016]],[3,"plane01",2,[[4,"Plane<ModelComponent>",-173,[1,"e0uHCYkZ1D1I9glcT6oLf2"],[74],[2],75]],[0,"0aM8kqgK1DrJYaSvX+ztMC",null,null,null,1,0],[1,-0.135,1.007,-5.741999999999999],[1,0.013,0.528,0.016]],[3,"plane01",2,[[4,"Plane<ModelComponent>",-174,[1,"e0uHCYkZ1D1I9glcT6oLf2"],[76],[2],77]],[0,"37ZqZiOQ9FZrZ8wkcPSFMC",null,null,null,1,0],[1,-0.135,1.007,-6.242],[1,0.013,0.528,0.016]],[3,"plane01",2,[[4,"Plane<ModelComponent>",-175,[1,"e0uHCYkZ1D1I9glcT6oLf2"],[78],[2],79]],[0,"d2IenuczZKq7ofTlJrzdKi",null,null,null,1,0],[1,-0.135,1.007,-6.742],[1,0.013,0.528,0.016]],[3,"plane01",2,[[4,"Plane<ModelComponent>",-176,[1,"e0uHCYkZ1D1I9glcT6oLf2"],[80],[2],81]],[0,"e48lKoT91FG4CDCAi2UpkS",null,null,null,1,0],[1,-0.135,1.007,-7.242],[1,0.013,0.528,0.016]],[3,"plane01",2,[[4,"Plane<ModelComponent>",-177,[1,"e0uHCYkZ1D1I9glcT6oLf2"],[82],[2],83]],[0,"7erL5BkkROJ61EHnxbJovR",null,null,null,1,0],[1,-0.135,1.007,-7.742],[1,0.013,0.528,0.016]],[3,"plane01",2,[[4,"Plane<ModelComponent>",-178,[1,"e0uHCYkZ1D1I9glcT6oLf2"],[84],[2],85]],[0,"15qdiFvI9D/ZFEFGEbzDsn",null,null,null,1,0],[1,-0.135,1.007,-8.241999999999999],[1,0.013,0.528,0.016]],[3,"plane01",2,[[4,"Plane<ModelComponent>",-179,[1,"e0uHCYkZ1D1I9glcT6oLf2"],[86],[2],87]],[0,"340RHGBr9L0o4//Ay30t2w",null,null,null,1,0],[1,-0.135,1.007,-8.742],[1,0.013,0.528,0.016]],[3,"plane01",2,[[4,"Plane<ModelComponent>",-180,[1,"e0uHCYkZ1D1I9glcT6oLf2"],[88],[2],89]],[0,"b88Dd/AZRJ247tyXdBCLr4",null,null,null,1,0],[1,-0.135,1.007,-9.241999999999999],[1,0.013,0.528,0.016]],[3,"plane01",2,[[4,"Plane<ModelComponent>",-181,[1,"e0uHCYkZ1D1I9glcT6oLf2"],[90],[2],91]],[0,"de6nTepfRFALtD6zdfvebA",null,null,null,1,0],[1,-0.135,1.007,-9.742],[1,0.013,0.528,0.016]],[3,"plane01",2,[[4,"Plane<ModelComponent>",-182,[1,"e0uHCYkZ1D1I9glcT6oLf2"],[92],[2],93]],[0,"bbKYHErERDBZfSYqDrBENH",null,null,null,1,0],[1,-0.135,1.007,-10.241999999999999],[1,0.013,0.528,0.016]],[3,"plane01",2,[[4,"Plane<ModelComponent>",-183,[1,"e0uHCYkZ1D1I9glcT6oLf2"],[94],[2],95]],[0,"85LyccwCFLSq9gxqZujgHH",null,null,null,1,0],[1,-0.135,1.007,-10.742],[1,0.013,0.528,0.016]],[3,"plane01",2,[[4,"Plane<ModelComponent>",-184,[1,"e0uHCYkZ1D1I9glcT6oLf2"],[96],[2],97]],[0,"eaVefy9+xM7I3U16nCAccX",null,null,null,1,0],[1,-0.135,1.007,-11.241999999999999],[1,0.013,0.528,0.016]],[3,"plane01",2,[[4,"Plane<ModelComponent>",-185,[1,"e0uHCYkZ1D1I9glcT6oLf2"],[98],[2],99]],[0,"cbGB+i3txEx6z01oiLxUf5",null,null,null,1,0],[1,-0.135,1.007,-11.741999999999999],[1,0.013,0.528,0.016]],[3,"plane01",2,[[4,"Plane<ModelComponent>",-186,[1,"e0uHCYkZ1D1I9glcT6oLf2"],[100],[2],101]],[0,"c9Q99OpNVLZa5BJJk2D5lE",null,null,null,1,0],[1,-0.135,1.007,-12.242],[1,0.013,0.528,0.016]],[3,"plane03",3,[[4,"Plane<ModelComponent>",-187,[1,"e0uHCYkZ1D1I9glcT6oLf2"],[102],[2],103]],[0,"24qoaJeMJHH7LAYC1KCLJ0",null,null,null,1,0],[1,0.06,1.007,-0.192],[1,0.003,0.116,0.003]],[3,"plane03",3,[[4,"Plane<ModelComponent>",-188,[1,"e0uHCYkZ1D1I9glcT6oLf2"],[104],[2],105]],[0,"f9s2kyzpRLtZLaKpzH6+z8",null,null,null,1,0],[1,0.06,1.007,-0.692],[1,0.003,0.116,0.003]],[3,"plane03",3,[[4,"Plane<ModelComponent>",-189,[1,"e0uHCYkZ1D1I9glcT6oLf2"],[106],[2],107]],[0,"c22Yzc00pIda3HRAEV8DJZ",null,null,null,1,0],[1,0.06,1.007,-1.1920000000000002],[1,0.003,0.116,0.003]],[3,"plane03",3,[[4,"Plane<ModelComponent>",-190,[1,"e0uHCYkZ1D1I9glcT6oLf2"],[108],[2],109]],[0,"222SJr+SFNE5h/0D65KJN4",null,null,null,1,0],[1,0.06,1.007,-1.6920000000000002],[1,0.003,0.116,0.003]],[3,"plane03",3,[[4,"Plane<ModelComponent>",-191,[1,"e0uHCYkZ1D1I9glcT6oLf2"],[110],[2],111]],[0,"0480xio6tK7YSREy0zXd+1",null,null,null,1,0],[1,0.06,1.007,-2.1919999999999997],[1,0.003,0.116,0.003]],[3,"plane03",3,[[4,"Plane<ModelComponent>",-192,[1,"e0uHCYkZ1D1I9glcT6oLf2"],[112],[2],113]],[0,"23t31u5QJJBaaZKtVyjKKw",null,null,null,1,0],[1,0.06,1.007,-2.6919999999999997],[1,0.003,0.116,0.003]],[3,"plane03",3,[[4,"Plane<ModelComponent>",-193,[1,"e0uHCYkZ1D1I9glcT6oLf2"],[114],[2],115]],[0,"71kmD80fZPVbooahnjfafw",null,null,null,1,0],[1,0.06,1.007,-3.192],[1,0.003,0.116,0.003]],[3,"plane03",3,[[4,"Plane<ModelComponent>",-194,[1,"e0uHCYkZ1D1I9glcT6oLf2"],[116],[2],117]],[0,"c5+npVMZtNuaMf6fc0f5xB",null,null,null,1,0],[1,0.06,1.007,-3.692],[1,0.003,0.116,0.003]],[3,"plane03",3,[[4,"Plane<ModelComponent>",-195,[1,"e0uHCYkZ1D1I9glcT6oLf2"],[118],[2],119]],[0,"6bVTPpNm5IMor6nzt8VLEr",null,null,null,1,0],[1,0.06,1.007,-4.192],[1,0.003,0.116,0.003]],[3,"plane03",3,[[4,"Plane<ModelComponent>",-196,[1,"e0uHCYkZ1D1I9glcT6oLf2"],[120],[2],121]],[0,"9e+Scoa39G2JPxA3aSTLQI",null,null,null,1,0],[1,0.06,1.007,-4.692],[1,0.003,0.116,0.003]],[3,"plane03",3,[[4,"Plane<ModelComponent>",-197,[1,"e0uHCYkZ1D1I9glcT6oLf2"],[122],[2],123]],[0,"9cXN8rhW5FLL9inmpODPHg",null,null,null,1,0],[1,0.06,1.007,-5.192],[1,0.003,0.116,0.003]],[3,"plane03",3,[[4,"Plane<ModelComponent>",-198,[1,"e0uHCYkZ1D1I9glcT6oLf2"],[124],[2],125]],[0,"02npCegnlD8Ybj4/47Lgty",null,null,null,1,0],[1,0.06,1.007,-5.692],[1,0.003,0.116,0.003]],[3,"plane03",3,[[4,"Plane<ModelComponent>",-199,[1,"e0uHCYkZ1D1I9glcT6oLf2"],[126],[2],127]],[0,"447caCVAxHCrUjIlIheoq+",null,null,null,1,0],[1,0.06,1.007,-6.192000000000001],[1,0.003,0.116,0.003]],[3,"plane03",3,[[4,"Plane<ModelComponent>",-200,[1,"e0uHCYkZ1D1I9glcT6oLf2"],[128],[2],129]],[0,"77t1D3uFdGepdF9DcMFERd",null,null,null,1,0],[1,0.06,1.007,-6.692000000000001],[1,0.003,0.116,0.003]],[3,"plane03",3,[[4,"Plane<ModelComponent>",-201,[1,"e0uHCYkZ1D1I9glcT6oLf2"],[130],[2],131]],[0,"cfqr0kCrlLzrhOtn1dqfjp",null,null,null,1,0],[1,0.06,1.007,-7.192],[1,0.003,0.116,0.003]],[3,"plane03",3,[[4,"Plane<ModelComponent>",-202,[1,"e0uHCYkZ1D1I9glcT6oLf2"],[132],[2],133]],[0,"e60ocslARN76H1bIBXVttN",null,null,null,1,0],[1,0.06,1.007,-7.692],[1,0.003,0.116,0.003]],[3,"plane03",3,[[4,"Plane<ModelComponent>",-203,[1,"e0uHCYkZ1D1I9glcT6oLf2"],[134],[2],135]],[0,"337sNKkCNJlKY+6LjmgFz/",null,null,null,1,0],[1,0.06,1.007,-8.192],[1,0.003,0.116,0.003]],[3,"plane03",3,[[4,"Plane<ModelComponent>",-204,[1,"e0uHCYkZ1D1I9glcT6oLf2"],[136],[2],137]],[0,"59moCP0h1LlrN3iF2JU1xK",null,null,null,1,0],[1,0.06,1.007,-8.692000000000002],[1,0.003,0.116,0.003]],[3,"plane03",3,[[4,"Plane<ModelComponent>",-205,[1,"e0uHCYkZ1D1I9glcT6oLf2"],[138],[2],139]],[0,"d7GBekHjBOwp0Xy0QvRaLF",null,null,null,1,0],[1,0.06,1.007,-9.192],[1,0.003,0.116,0.003]],[3,"plane03",3,[[4,"Plane<ModelComponent>",-206,[1,"e0uHCYkZ1D1I9glcT6oLf2"],[140],[2],141]],[0,"105euSaCxH5rLr3gznFKpn",null,null,null,1,0],[1,0.06,1.007,-9.692],[1,0.003,0.116,0.003]],[3,"plane03",3,[[4,"Plane<ModelComponent>",-207,[1,"e0uHCYkZ1D1I9glcT6oLf2"],[142],[2],143]],[0,"b8zaIYUdRPnpS2Q12VTT0H",null,null,null,1,0],[1,0.06,1.007,-10.192],[1,0.003,0.116,0.003]],[3,"plane03",3,[[4,"Plane<ModelComponent>",-208,[1,"e0uHCYkZ1D1I9glcT6oLf2"],[144],[2],145]],[0,"71MNtPT6BJcag8E/5IjZev",null,null,null,1,0],[1,0.06,1.007,-10.692],[1,0.003,0.116,0.003]],[3,"plane03",3,[[4,"Plane<ModelComponent>",-209,[1,"e0uHCYkZ1D1I9glcT6oLf2"],[146],[2],147]],[0,"bdXr0s/RFMcLurCqYFHiYl",null,null,null,1,0],[1,0.06,1.007,-11.192],[1,0.003,0.116,0.003]],[3,"plane03",3,[[4,"Plane<ModelComponent>",-210,[1,"e0uHCYkZ1D1I9glcT6oLf2"],[148],[2],149]],[0,"2elnskVbFAYr/qU73BGznL",null,null,null,1,0],[1,0.06,1.007,-11.692],[1,0.003,0.116,0.003]],[3,"plane03",3,[[4,"Plane<ModelComponent>",-211,[1,"e0uHCYkZ1D1I9glcT6oLf2"],[150],[2],151]],[0,"03h8wESwxFj46obrJUF+26",null,null,null,1,0],[1,0.06,1.007,-12.192000000000002],[1,0.003,0.116,0.003]],[17,"num",5,[[21,[null,null,null,null,null,null],-212,[1,"6cEfzyWpxB0aeDaUgbkfcH"]]],[0,"aeBmmS1OtOBK8MUQueaaGG",null,null,null,1,0]],[18,"scoreLine",1,[-213],[0,"f4b//V8eBM4recw2JdOP0y",null,null,null,1,0],[1,0,1.002,0],[1,1,1,2.02]],[5,"RootNode",134,[-214],[0,"69aC/baypPCpK2+S7P/KQm",null,null,null,1,0]],[6,"scoreLine",135,[[7,-215,[1,"b3YGOr3w1GIJqzV5xSUjCt"],[152],[2],153]],[0,"0cYVirXXxPfKZne15ttdCO",null,null,null,1,0],[3,-0.7071067811865476,0,0,0.7071067811865476],[1,-90.00000000000003,0,0]]],0,[0,5,1,0,0,1,0,0,1,0,0,1,0,-1,6,0,-2,5,0,-3,134,0,-1,83,0,-2,84,0,-3,85,0,-4,86,0,-5,87,0,-6,88,0,-7,89,0,-8,90,0,-9,91,0,-10,92,0,-11,93,0,-12,94,0,-13,95,0,-14,96,0,-15,97,0,-16,98,0,-17,99,0,-18,100,0,-19,101,0,-20,102,0,-21,103,0,-22,104,0,-23,105,0,-24,106,0,-25,107,0,-1,108,0,-2,109,0,-3,110,0,-4,111,0,-5,112,0,-6,113,0,-7,114,0,-8,115,0,-9,116,0,-10,117,0,-11,118,0,-12,119,0,-13,120,0,-14,121,0,-15,122,0,-16,123,0,-17,124,0,-18,125,0,-19,126,0,-20,127,0,-21,128,0,-22,129,0,-23,130,0,-24,131,0,-25,132,0,-1,8,0,-2,11,0,-3,14,0,-4,17,0,-5,20,0,-6,23,0,-7,26,0,-8,29,0,-9,32,0,-10,35,0,-11,38,0,-12,41,0,-13,44,0,-14,47,0,-15,50,0,-16,53,0,-17,56,0,-18,59,0,-19,62,0,-20,65,0,-21,68,0,-22,71,0,-23,74,0,-24,77,0,-25,80,0,0,5,0,-4,133,0,-1,7,0,0,7,0,-1,9,0,-1,10,0,0,10,0,-1,12,0,-1,13,0,0,13,0,-1,15,0,-1,16,0,0,16,0,-1,18,0,-1,19,0,0,19,0,-1,21,0,-1,22,0,0,22,0,-1,24,0,-1,25,0,0,25,0,-1,27,0,-1,28,0,0,28,0,-1,30,0,-1,31,0,0,31,0,-1,33,0,-1,34,0,0,34,0,-1,36,0,-1,37,0,0,37,0,-1,39,0,-1,40,0,0,40,0,-1,42,0,-1,43,0,0,43,0,-1,45,0,-1,46,0,0,46,0,-1,48,0,-1,49,0,0,49,0,-1,51,0,-1,52,0,0,52,0,-1,54,0,-1,55,0,0,55,0,-1,57,0,-1,58,0,0,58,0,-1,60,0,-1,61,0,0,61,0,-1,63,0,-1,64,0,0,64,0,-1,66,0,-1,67,0,0,67,0,-1,69,0,-1,70,0,0,70,0,-1,72,0,-1,73,0,0,73,0,-1,75,0,-1,76,0,0,76,0,-1,78,0,-1,79,0,0,79,0,-1,81,0,-1,82,0,0,82,0,0,83,0,0,84,0,0,85,0,0,86,0,0,87,0,0,88,0,0,89,0,0,90,0,0,91,0,0,92,0,0,93,0,0,94,0,0,95,0,0,96,0,0,97,0,0,98,0,0,99,0,0,100,0,0,101,0,0,102,0,0,103,0,0,104,0,0,105,0,0,106,0,0,107,0,0,108,0,0,109,0,0,110,0,0,111,0,0,112,0,0,113,0,0,114,0,0,115,0,0,116,0,0,117,0,0,118,0,0,119,0,0,120,0,0,121,0,0,122,0,0,123,0,0,124,0,0,125,0,0,126,0,0,127,0,0,128,0,0,129,0,0,130,0,0,131,0,0,132,0,0,133,0,-1,135,0,-1,136,0,0,136,0,6,1,2,2,5,3,2,5,4,2,5,215],[0,0,0,0,0,0,0,0,0,0,0,0,0,0,0,0,0,0,0,0,0,0,0,0,0,0,0,0,0,0,0,0,0,0,0,0,0,0,0,0,0,0,0,0,0,0,0,0,0,0,0,0,0,0,0,0,0,0,0,0,0,0,0,0,0,0,0,0,0,0,0,0,0,0,0,0,0,0,0,0,0,0,0,0,0,0,0,0,0,0,0,0,0,0,0,0,0,0,0,0,0,0,0,0,0,0,0,0,0,0,0,0,0,0,0,0,0,0,0,0,0,0,0,0,0,0,0,0,0,0,0,0,0,0,0,0,0,0,0,0,0,0,0,0,0,0,0,0,0,0,0,0,0,0],[-1,1,-1,1,-1,1,-1,1,-1,1,-1,1,-1,1,-1,1,-1,1,-1,1,-1,1,-1,1,-1,1,-1,1,-1,1,-1,1,-1,1,-1,1,-1,1,-1,1,-1,1,-1,1,-1,1,-1,1,-1,1,-1,1,-1,1,-1,1,-1,1,-1,1,-1,1,-1,1,-1,1,-1,1,-1,1,-1,1,-1,1,-1,1,-1,1,-1,1,-1,1,-1,1,-1,1,-1,1,-1,1,-1,1,-1,1,-1,1,-1,1,-1,1,-1,1,-1,1,-1,1,-1,1,-1,1,-1,1,-1,1,-1,1,-1,1,-1,1,-1,1,-1,1,-1,1,-1,1,-1,1,-1,1,-1,1,-1,1,-1,1,-1,1,-1,1,-1,1,-1,1,-1,1,-1,1,-1,1,-1,1],[7,8,2,1,2,1,2,1,2,1,2,1,2,1,2,1,2,1,2,1,2,1,2,1,2,1,2,1,2,1,2,1,2,1,2,1,2,1,2,1,2,1,2,1,2,1,2,1,2,1,2,1,3,0,3,0,3,0,3,0,3,0,3,0,3,0,3,0,3,0,3,0,3,0,3,0,3,0,3,0,3,0,3,0,3,0,3,0,3,0,3,0,3,0,3,0,3,0,3,0,3,0,4,0,4,0,4,0,4,0,4,0,4,0,4,0,4,0,4,0,4,0,4,0,4,0,4,0,4,0,4,0,4,0,4,0,4,0,4,0,4,0,4,0,4,0,4,0,4,0,4,0,9,1]]]]
