[1,["ffqZ9r94FIC5W1Cjjbubf0","12Y9dMgWdJKJGmTiZyQR9H@2e76e","81TFcdwKdATrfVBHuyVR1I@6c48a","a3zQCfCrBCDZJ4uf2rk5u8"],["root","node","data","_mesh","mainTexture","_effectAsset"],[["cc.Prefab",["_name"],2],["cc.Node",["_name","_components","_prefab","_lpos","_lscale"],2,9,4,5,5],["cc.MeshRenderer",["_name","node","__prefab","_materials","bakeSettings","_mesh"],2,1,4,3,4,6],["cc.CompPrefabInfo",["fileId"],2],["cc.ModelBakeSettings",[],3],["cc.PrefabInfo",["fileId","instance","targetOverrides","nestedPrefabInstanceRoots","root","asset"],-1,1,1],["cc.Material",["_name","_techIdx","_states","_defines","_props"],-1,12]],[[0,0,2],[1,0,1,2,3,4,2],[2,0,1,2,3,4,5,2],[3,0,2],[4,1],[5,0,1,2,3,4,5,5],[6,0,1,2,3,4,5]],[[[[0,"dotItem"],[1,"dotItem",[[2,"Plane<ModelComponent>",-2,[3,"e0uHCYkZ1D1I9glcT6oLf2"],[0],[4],1]],[5,"b0yBDafqhJ+olmfgzflfSl",null,null,null,-1,0],[1,0.06,1.007,-0.192],[1,0.003,0.116,0.003]]],0,[0,0,1,0,1,1,0,2,1,2],[0,0],[-1,3],[0,1]],[[[6,"plane03",1,[{"rasterizerState":{},"depthStencilState":{},"blendState":{"targets":[{}]}}],[{"USE_INSTANCING":true,"USE_TEXTURE":true}],[[[{},"mainTexture",6,0]],11]]],0,0,[0,0],[4,5],[2,3]]]]
