[1,["47uqfAoqRD5ojpblK2w9vu","79A3I4Bt1DxIAngAPcZ1kv@7f910"],["node","root","data","_mesh"],[["cc.Node",["_name","_prefab","_children","_components","_parent","_lrot","_lscale","_euler"],2,4,2,9,1,5,5,5],["cc.Mesh",["_native","_hash","_struct"],1,11],["cc.Prefab",["_name"],2],["cc.BoxCollider",["node","__prefab","_center","_size"],3,1,4,5,5],["cc.CompPrefabInfo",["fileId"],2],["cc.PrefabInfo",["fileId","instance","targetOverrides","nestedPrefabInstanceRoots","root","asset"],-1,1,1],["cc.MeshRenderer",["node","__prefab","_materials","bakeSettings","_mesh"],3,1,4,3,4,6],["cc.ModelBakeSettings",[],3]],[[4,0,2],[3,0,1,2,3,1],[5,0,1,2,3,4,5,5],[1,0,1,2,3],[2,0,2],[0,0,2,3,1,2],[0,0,4,2,1,2],[0,0,4,3,1,5,6,7,2],[6,0,1,2,3,4,1],[7,1]],[[[[3,".bin",2305169007,[{"primitives":[{"primitiveMode":7,"vertexBundelIndices":[0],"indexView":{"offset":17712,"length":2628,"count":1314,"stride":2}}],"vertexBundles":[{"view":{"offset":0,"length":17712,"count":369,"stride":48},"attributes":[{"name":"a_position","format":32,"isNormalized":false},{"name":"a_normal","format":32,"isNormalized":false},{"name":"a_texCoord","format":21,"isNormalized":false},{"name":"a_tangent","format":44,"isNormalized":false}]}]},"minPosition",8,[1,-0.3937007486820221,0.000057601926528150216,-2.288818308215923e-7],"maxPosition",8,[1,0.39370080828666687,0.9842668771743774,0.409447580575943]]],-1],0,0,[],[],[]],[[[4,"roadStart"],[5,"roadStart",[-5],[[1,-2,[0,"46FJkrD4BFhZxcICFUvPPo"],[1,0,0.5,-1.25],[1,2,1,2.5]],[1,-3,[0,"9aAjG/8/NBLq+S6MDi1HcA"],[1,-0.55,1,-1.2],[1,0.1,1,2.7]],[1,-4,[0,"9aAjG/8/NBLq+S6MDi1HcA"],[1,0.55,1,-1.2],[1,0.1,1,2.7]]],[2,"c3mcMvdQ9Nn5NE9TL0a6Vv",null,null,null,-1,0]],[6,"RootNode",1,[-6],[2,"e2GkJFqnFOLIggchhpPjzx",null,null,null,1,0]],[7,"roadStart",2,[[8,-7,[0,"delenYXmFH4LIKwYIDiNUM"],[0],[9],1]],[2,"f4XTVmq7tAdpA+I5+iU2wO",null,null,null,1,0],[3,-0.7071067811865476,0,0,0.7071067811865476],[1,2.53999996185303,2.53999996185303,2.53999996185303],[1,-90.00000000000003,0,0]]],0,[0,1,1,0,0,1,0,0,1,0,0,1,0,-1,2,0,-1,3,0,0,3,0,2,1,7],[0,0],[-1,3],[0,1]]]]
