[1,["0exBqWeyxEVpEaScYvXJ2Z@6c48a","d1NGQ2rJZCcbhjH0/erZWw","f2VYIjbWJK2qmqyL7EJ4L6@6c48a","18aiOyRv1Her9P+hRdwTsF","d491fetH5F77HOjRrE8L6k"],["mainTexture","_effectAsset","_particleSystem","_mainTexture","root","data"],[["cc.CurveRange",["mode","constantMin","constantMax","constant","multiplier","spline"],-2,4],["cc.Node",["_name","_prefab","_parent","_components","_lrot","_euler","_children","_lpos","_lscale"],2,4,1,2,5,5,2,5,5],["cc.GradientRange",["_mode","colorMin","colorMax","color"],2,5,5,5],["cc.RealKeyframeValue",["interpolationMode","value","rightTangent","leftTangent"],-1],["cc.ParticleSystem",["duration","loop","_capacity","_name","node","__prefab","_materials","startColor","startSizeX","startSizeY","startSizeZ","startSpeed","startRotationX","startRotationY","startRotationZ","startDelay","startLifetime","gravityModifier","rateOverTime","rateOverDistance","_colorOverLifetimeModule","_shapeModule","_sizeOvertimeModule","_velocityOvertimeModule","_forceOvertimeModule","_limitVelocityOvertimeModule","_rotationOvertimeModule","_textureAnimationModule","_trailModule","renderer"],-1,1,4,3,4,4,4,4,4,4,4,4,4,4,4,4,4,4,4,4,4,4,4,4,4,4,4],["cc.ShapeModule",["_enable","radius","length","_angle","_shapeType","sphericalDirectionAmount","randomPositionAmount","arcSpeed","_scale"],-4,4,5],["cc.ParticleSystemRenderer",["_velocityScale","_renderMode","_lengthScale","_mainTexture"],0,6],["cc.Material",["_name","_states","_defines","_props"],0,12],["cc.Prefab",["_name"],2],["cc.PrefabInfo",["fileId","instance","targetOverrides","nestedPrefabInstanceRoots","root","asset"],-1,1,1],["cc.CompPrefabInfo",["fileId"],2],["cc.ColorOvertimeModule",["color"],3,4],["cc.SizeOvertimeModule",["_enable","size","x","y","z"],2,4,4,4,4],["cc.RealCurve",["preExtrapolation","_times","_values"],1,9],["cc.VelocityOvertimeModule",["x","y","z","speedModifier"],3,4,4,4,4],["cc.ForceOvertimeModule",["x","y","z"],3,4,4,4],["cc.LimitVelocityOvertimeModule",["limitX","limitY","limitZ","limit"],3,4,4,4,4],["cc.RotationOvertimeModule",["x","y","z"],3,4,4,4],["cc.TextureAnimationModule",["frameOverTime","startFrame"],3,4,4],["cc.TrailModule",["lifeTime","widthRatio","colorOverTrail","colorOvertime","_particleSystem"],3,4,4,4,4,1]],[[0,1],[0,3,2],[2,3,1],[9,0,1,2,3,4,5,5],[7,0,1,2,3,4],[10,0,2],[2,1],[0,0,1,2,4],[0,0,5,2],[11,0,1],[12,0,1,2,3,4,2],[13,0,1,2,3],[3,0,3,3],[14,0,1,2,3,1],[15,0,1,2,1],[16,0,1,2,3,1],[17,0,1,2,1],[18,0,1,1],[19,0,1,2,3,4,1],[8,0,2],[1,0,6,1,2],[1,0,2,3,1,7,4,8,5,2],[1,0,2,3,1,4,5,2],[4,3,0,1,2,4,5,6,7,8,9,10,11,12,13,14,15,16,17,18,19,20,21,22,23,24,25,26,27,28,29,5],[4,0,1,2,4,5,6,7,8,9,10,11,12,13,14,15,16,17,18,19,20,21,22,23,24,25,26,27,28,29,4],[2,0,1,2,2],[0,0,1,2,4,5],[5,0,4,5,6,1,2,3,7,8],[5,0,1,2,3,7,8,5],[3,0,1,2,4],[3,0,1,2,3,5],[6,0,3,2],[6,1,0,2,3,4]],[[[[4,"colorLightR",[{"rasterizerState":{},"depthStencilState":{},"blendState":{"targets":[{}]}}],[{}],[[[{},"tintColor",8,[4,4278190335],"mainTexture",6,0]],11]]],0,0,[0,0],[0,1],[0,1]],[[[19,"changeRed"],[20,"changeRed",[-2,-3],[3,"c3o7F1mNBDtIg4D2gN3rkI",null,null,null,-1,0]],[21,"redLight01",1,[-4],[3,"c6oBnucvFFALP2jiWPcjwD",null,null,null,1,0],[1,0,0.2,0],[3,0.7071067811865475,0,0,0.7071067811865476],[1,0.25,0.25000000000000006,0.25000000000000006],[1,89.99999999999999,0,0]],[23,"upLight01<ParticleSystem>",0.5,false,50,2,[5,"e7/Eb4UzVBO7vopN3D201x"],[0],[25,2,[4,4282923263],[4,4285595903]],[7,3,0.15,0.25],[0],[0],[7,3,3,1],[0],[0],[1,6.283185307179586],[0],[1,0.4],[0],[1,80],[0],[9,[2,[4,4279566591]]],[27,true,0,0.05,0.1,0.84,2,0.13788101090755203,[1,1]],[10,true,[8,1,[11,2,[0,1],[[29,2,0.6,0.55],[12,2,-2.09]]]],[0],[0],[0]],[13,[0],[0],[0],[1,1]],[14,[0],[0],[0]],[15,[0],[0],[0],[0]],[16,[0],[0],[0]],[17,[0],[0]],[18,[1,1],[0],[6],[6],-5],[31,0,1]],[22,"colorLightR",1,[-6],[3,"33dveWg0xJ7Jzpll/oY6lk",null,null,null,1,0],[3,0.7071067811865475,0,0,0.7071067811865476],[1,89.99999999999999,0,0]],[24,0.5,false,80,4,[5,"554xIv5IdBcq2iiOYTEgzm"],[2],[2,[4,4278205695]],[1,0.1],[0],[0],[26,3,1,0.3,2],[0],[0],[1,6.283185307179586],[0],[1,0.35],[0],[1,70],[0],[9,[2,[4,4281677311]]],[28,true,0.273,1,0.017453292519943295,[1,1],[1,0.4,0.4,0.4]],[10,true,[8,1,[11,2,[0,1],[[30,2,0.75,0.07,2],[12,2,-2.2]]]],[0],[0],[0]],[13,[0],[0],[0],[1,1]],[14,[0],[0],[0]],[15,[0],[0],[0],[0]],[16,[0],[0],[0]],[17,[0],[0]],[18,[1,1],[1,1],[2,[4,4283737885]],[2,[4,4283159944]],-7],[32,1,0,5,3]]],0,[0,4,1,0,-1,2,0,-2,4,0,-1,3,0,2,3,0,-1,5,0,2,5,0,5,1,7],[0,0,0,0],[-1,3,-1,3],[3,0,4,2]],[[[4,"redLight01",[{"rasterizerState":{},"depthStencilState":{},"blendState":{"targets":[{}]}}],[{}],[[[{},"tintColor",8,[4,4278208508],"mainTexture",6,0]],11]]],0,0,[0,0],[0,1],[2,1]]]]
