[1,["abIwto1eBB4YlYHUCnI2PR@d651d","6ftYv4uzhOUZhZAU6xES3l","edmERqGlNHuK+21ZQMKT9r@6c48a","1brw/JvvpFnIvdrxpFCgMZ"],["node","root","_mesh","data","_parent","mainTexture","_effectAsset"],[["cc.Node",["_name","_prefab","_children","_components","_lrot","_lscale","_euler","_lpos","_parent"],2,4,2,9,5,5,5,5,1],["cc.Prefab",["_name"],2],["cc.MeshRenderer",["_shadowCastingMode","node","__prefab","_materials","bakeSettings","_mesh"],2,1,4,3,4,6],["cc.CompPrefabInfo",["fileId"],2],["cc.ModelBakeSettings",[],3],["cc.MeshCollider",["_enabled","_isTrigger","node","__prefab","_mesh"],1,1,4,6],["cc.RigidBody",["_group","_type","node","__prefab"],1,1,4],["52708yzRJRNKKmsD4pqaco/",["colliderName","node"],2,1],["cc.BoxCollider",["_isTrigger","node","__prefab","_center","_size"],2,1,4,5,5],["cc.PrefabInfo",["fileId","instance","targetOverrides","nestedPrefabInstanceRoots","root","asset"],-1,1,1],["cc.Material",["_name","_states","_defines","_props"],0,12],["cc.Mesh",["_native","_hash","_struct"],1,11]],[[3,0,2],[9,0,1,2,3,4,5,5],[1,0,2],[0,0,3,1,4,5,6,2],[0,0,2,1,7,2],[0,0,8,2,1,2],[2,0,1,2,3,4,5,2],[4,1],[5,0,1,2,3,4,3],[6,0,1,2,3,3],[7,0,1,2],[8,0,1,2,3,4,2],[10,0,1,2,3,4],[11,0,1,2,3]],[[[[2,"spineRoad"],[3,"spineRoad",[[6,1,-2,[0,"2agne6JYhUEowT1RsFfrde"],[0],[7],1],[8,false,true,-3,[0,"0fnY2FjHpMkpkbGd8ARn51"],2],[9,4,2,-4,[0,"59TxcMLDdBtYq4X2+s+MNK"]],[10,28,-5],[11,true,-6,[0,"25uGtIi9tB6pBGV9/Vbb97"],[1,0,0,0.025],[1,0.09,0.37,0.05]]],[1,"c8T4qxJQhP0ZAQvr61hori",null,null,null,-1,0],[3,-0.7071067811865476,0,0,0.7071067811865476],[1,2.53999996185303,2.53999996185303,2.53999996185303],[1,-90.00000000000003,0,0]],[4,"spineRoad",[-8],[1,"20t8Z2FrZPNbaGaCeZ6Bso",null,null,null,-7,0],[1,0,-0.02,0]],[5,"RootNode",2,[1],[1,"94qvrKejlKT6U0ayxVo2El",null,null,null,2,0]]],0,[0,1,2,0,0,1,0,0,1,0,0,1,0,0,1,0,0,1,0,1,2,0,-1,3,0,3,2,1,4,3,8],[0,0,0],[-1,2,2],[1,0,0]],[[[12,"spineRoad",[{"rasterizerState":{},"depthStencilState":{},"blendState":{"targets":[{}]}},{},{}],[{"USE_INSTANCING":true,"USE_ALBEDO_MAP":true},{},{}],[[[{"roughness":0.70710676908493,"metallic":0},"albedoScale",8,[1,0.588235318660736,0.588235318660736,0.588235318660736],"mainTexture",6,0],{},{}],11,0,0]]],0,0,[0,0],[5,6],[2,3]],[[[13,".bin",4250607029,[{"primitives":[{"primitiveMode":7,"vertexBundelIndices":[0],"indexView":{"offset":3840,"length":360,"count":180,"stride":2}}],"vertexBundles":[{"view":{"offset":0,"length":3840,"count":80,"stride":48},"attributes":[{"name":"a_position","format":32,"isNormalized":false},{"name":"a_normal","format":32,"isNormalized":false},{"name":"a_texCoord","format":21,"isNormalized":false},{"name":"a_tangent","format":44,"isNormalized":false}]}]},"minPosition",8,[1,-0.05020967870950699,-0.18651647865772247,0.00012577891175169498],"maxPosition",8,[1,0.05020968243479729,0.18651647865772247,0.036148082464933395]]],-1],0,0,[],[],[]]]]
