[1,["20g1ukYUVPvKWKBRznAKo+@f9941","20g1ukYUVPvKWKBRznAKo+@6c48a"],["node","_textureSource","root","target","lbLevelTxt","data","_normalSprite","_spriteFrame"],["cc.SpriteFrame",["cc.Prefab",["_name"],2],["cc.Node",["_name","_layer","_children","_components","_prefab","_lpos"],1,2,9,4,5],["cc.Node",["_name","_layer","_parent","_components","_prefab","_lpos"],1,1,12,4,5],["cc.UITransform",["node","__prefab","_contentSize","_anchorPoint"],3,1,4,5,5],["cc.CompPrefabInfo",["fileId"],2],["cc.Button",["_transition","node","__prefab","clickEvents","_normalSprite"],2,1,4,9,6],["cc.ClickEvent",["_componentId","handler","target"],1,1],["cc.Sprite",["_sizeMode","node","__prefab","_spriteFrame"],2,1,4,6],["1cca3We2mBMHb1+U22HEfn6",["node","__prefab","lbLevelTxt"],3,1,4,1],["cc.PrefabInfo",["fileId","instance","targetOverrides","nestedPrefabInstanceRoots","root","asset"],-1,1,1],["cc.Label",["_string","_actualFontSize","_fontSize","_lineHeight","node","__prefab","_color"],-1,1,4,5]],[[5,0,2],[4,0,1,2,3,1],[10,0,1,2,3,4,5,5],[1,0,2],[2,0,1,2,3,4,5,3],[3,0,1,2,3,4,5,3],[6,0,1,2,3,4,2],[7,0,1,2,3],[8,0,1,2,3,2],[9,0,1,2,1],[11,0,1,2,3,4,5,6,5]],[[[{"name":"default_btn_normal","rect":{"x":0,"y":0,"width":40,"height":40},"offset":{"x":0,"y":0},"originalSize":{"width":40,"height":40},"rotated":false,"capInsets":[12,12,12,12],"vertices":{"rawPosition":[-20,-20,0,20,-20,0,-20,20,0,20,20,0],"indexes":[0,1,2,2,1,3],"uv":[0,40,40,40,0,0,40,0],"nuv":[0,0,1,0,0,1,1,1],"minPos":{"x":-20,"y":-20,"z":0},"maxPos":{"x":20,"y":20,"z":0}},"packable":true,"pixelsToUnit":100,"pivot":{"x":0.5,"y":0.5},"meshType":0}],[0],0,[0],[1],[1]],[[[3,"debugLevelItem"],[4,"debugLevelItem",33554432,[-8],[[1,-2,[0,"3d8stlV6pL/KRLrvrUs0F9"],[5,80,40],[0,0,1]],[6,3,-4,[0,"92gqqpzvtK7rZSCfFbR+x3"],[[7,"1cca3We2mBMHb1+U22HEfn6","onBtnClick",-3]],0],[8,0,-5,[0,"58EhACXm9Bb7Kn9qB1Wi+p"],1],[9,-7,[0,"cdTf/VJMxDO60Td3p+Um8q"],-6]],[2,"947Yw8bL5GCLPy+GDef+vs",null,null,null,-1,0],[1,-285,-10,0]],[5,"txt",33554432,1,[[[1,-9,[0,"c68UOAlNhN171Umca6yVvF"],[5,51.12,37.8],[0,0,1]],-10],4,1],[2,"67AMmu96FJEp9wfM3nqd0S",null,null,null,1,0],[1,10.407,-1.913,0]],[10,"第1关",20,20,30,2,[0,"2frm37uaJHQr0AEEaYyM82"],[4,4278190080]]],0,[0,2,1,0,0,1,0,3,1,0,0,1,0,0,1,0,4,3,0,0,1,0,-1,2,0,0,2,0,-2,3,0,5,1,10],[0,0],[6,7],[0,0]]]]
