[1,["41hiKGIixPw4RdmETlXnx/@6c48a","d2ejHFKWVLZ6Tg4LL4JHph","1brw/JvvpFnIvdrxpFCgMZ","1cwgENsBtN5pqDDdXH2zqK@6c48a","19E2xH/BFKFonUjbp11OmB@6c48a","5drZMheSdP26zUEYPd01hX","19Q7+juDFMX7aOIqxg740c@b0da7","0bIxPZ2H5GSo3bthLMk8mC","2dawAoe2hITLx3tlMLVRzT@4485d","37qs/78ExOQ5rQaKWqO7fg","d1NGQ2rJZCcbhjH0/erZWw"],["node","_particleSystem","_mainTexture","mainTexture","_effectAsset","_mesh","root","data","_material"],[["cc.Node",["_name","_active","_prefab","_parent","_children","_components","_lpos","_lrot","_lscale","_euler"],1,4,1,2,9,5,5,5,5],["cc.CurveRange",["mode","constantMax","constant","constantMin","spline"],-1,1],["cc.RealKeyframeValue",["interpolationMode","rightTangent","leftTangent","value"],-1],["cc.BoxCollider",["_isTrigger","node","__prefab","_size","_center","_material"],2,1,4,5,5,6],["cc.GradientRange",["_mode","colorMin","colorMax"],2,5,5],["cc.Material",["_name","_states","_defines","_props"],0,12],["cc.Mesh",["_native","_hash","_struct"],1,11],["cc.Prefab",["_name"],2],["cc.Node",["_name","_parent","_components","_prefab","_lpos","_lrot","_euler"],2,1,2,4,5,5,5],["cc.CompPrefabInfo",["fileId"],2],["cc.PrefabInfo",["fileId","instance","targetOverrides","nestedPrefabInstanceRoots","root","asset"],-1,1,1],["cc.RealCurve",["preExtrapolation","_times","_values"],1,9],["cc.RigidBody",["_group","_type","node","__prefab"],1,1,4],["52708yzRJRNKKmsD4pqaco/",["colliderName","node","__prefab"],2,1,4],["cc.MeshRenderer",["node","__prefab","_materials","bakeSettings","_mesh"],3,1,4,3,4,6],["cc.ModelBakeSettings",[],3],["cc.ParticleSystem",["duration","_capacity","node","__prefab","_materials","startColor","startSizeX","startSizeY","startSizeZ","startSpeed","startRotationX","startRotationY","startRotationZ","startDelay","startLifetime","gravityModifier","rateOverTime","rateOverDistance","_colorOverLifetimeModule","_shapeModule","_sizeOvertimeModule","_velocityOvertimeModule","_forceOvertimeModule","_limitVelocityOvertimeModule","_rotationOvertimeModule","_textureAnimationModule","_trailModule","renderer"],1,1,4,12,4,4,4,4,4,4,4,4,4,4,4,4,4,4,4,4,4,4,4,4,4,4,4],["cc.ColorOvertimeModule",["_enable","color"],2,4],["cc.ShapeModule",["_enable","emitFrom","radius","length","_angle","arcSpeed"],-2,4],["cc.SizeOvertimeModule",["_enable","size","x","y","z"],2,4,4,4,4],["cc.VelocityOvertimeModule",["x","y","z","speedModifier"],3,4,4,4,4],["cc.ForceOvertimeModule",["x","y","z"],3,4,4,4],["cc.LimitVelocityOvertimeModule",["limitX","limitY","limitZ","limit"],3,4,4,4,4],["cc.RotationOvertimeModule",["x","y","z"],3,4,4,4],["cc.TextureAnimationModule",["_enable","_numTilesX","_numTilesY","cycleCount","frameOverTime","startFrame"],-1,4,4],["cc.TrailModule",["lifeTime","widthRatio","colorOverTrail","colorOvertime","_particleSystem"],3,4,4,4,4,1],["cc.ParticleSystemRenderer",["_mainTexture"],3,6]],[[1,1],[1,2,2],[4,1],[9,0,2],[10,0,1,2,3,4,5,5],[1,0,4,2],[8,0,1,2,3,4,5,6,2],[16,0,1,2,3,4,5,6,7,8,9,10,11,12,13,14,15,16,17,18,19,20,21,22,23,24,25,26,27,3],[4,0,1,2,2],[1,0,3,1,4],[1,0,1,3],[17,0,1,2],[18,0,1,2,3,4,5,6],[19,0,1,2,3,4,2],[20,0,1,2,3,1],[21,0,1,2,1],[22,0,1,2,3,1],[23,0,1,2,1],[24,0,1,2,3,4,5,5],[25,0,1,2,3,4,1],[26,0,1],[5,0,1,2,3,4],[6,0,1,2,3],[0,0,3,4,2,2],[0,0,3,5,2,7,8,9,2],[3,1,2,4,3,1],[11,0,1,2,3],[14,0,1,2,3,4,1],[15,1],[7,0,2],[0,0,4,5,2,2],[0,0,1,3,4,2,3],[0,0,3,5,2,6,2],[0,0,3,4,2,6,2],[3,1,2,4,3,5,1],[3,0,1,2,3,2],[2,0,3,1,4],[2,0,2,3],[2,0,1,2,4],[2,0,3,1,2,5],[12,0,1,2,3,3],[13,0,1,2,2]],[[[[21,"finishLine",[{"rasterizerState":{},"depthStencilState":{},"blendState":{"targets":[{}]}},{},{}],[{"USE_ALBEDO_MAP":true},{},{}],[[[{"roughness":0.70710676908493,"metallic":0.1},"albedoScale",8,[1,0.588235318660736,0.588235318660736,0.588235318660736],"mainTexture",6,0],{},{}],11,0,0]]],0,0,[0,0],[3,4],[3,2]],[[[22,".bin",2006869506,[{"primitives":[{"primitiveMode":7,"vertexBundelIndices":[0],"indexView":{"offset":95520,"length":12558,"count":6279,"stride":2}}],"vertexBundles":[{"view":{"offset":0,"length":95520,"count":1990,"stride":48},"attributes":[{"name":"a_position","format":32,"isNormalized":false},{"name":"a_normal","format":32,"isNormalized":false},{"name":"a_texCoord","format":21,"isNormalized":false},{"name":"a_tangent","format":44,"isNormalized":false}]}]},"minPosition",8,[1,-0.7251856327056885,-1.4266674518585205,-2.412206367574806e-16],"maxPosition",8,[1,0.7251877188682556,-0.000024414061044808477,0.486894816160202]]],-1],0,0,[],[],[]],[[[22,".bin",2949868409,[{"primitives":[{"primitiveMode":7,"vertexBundelIndices":[0],"indexView":{"offset":192,"length":12,"count":6,"stride":2}}],"vertexBundles":[{"view":{"offset":0,"length":192,"count":4,"stride":48},"attributes":[{"name":"a_position","format":32,"isNormalized":false},{"name":"a_normal","format":32,"isNormalized":false},{"name":"a_texCoord","format":21,"isNormalized":false},{"name":"a_tangent","format":44,"isNormalized":false}]}]},"minPosition",8,[1,-0.19685038924217224,0,0],"maxPosition",8,[1,0.19685038924217224,0.3937007784843445,0]]],-1],0,0,[],[],[]],[[[21,"road02",[{"rasterizerState":{},"depthStencilState":{},"blendState":{"targets":[{}]}},{},{}],[{"USE_ALBEDO_MAP":true,"USE_ALPHA_TEST":true},{},{}],[[[{"roughness":1,"metallic":0.1},"mainTexture",6,0],{},{}],11,0,0]]],0,0,[0,0],[3,4],[4,2]],[[[29,"roadEnd"],[30,"roadEnd",[-5,-6,-7,-8],[[34,-2,[3,"57k/KfxLVJSo95o7xoZtpB"],[1,0,0.5,-1.7],[1,3,1,3.5],16],[25,-3,[3,"48yy0wjhRKbawNyvWL2vRa"],[1,-0.55,1,-0.3],[1,0.2,1,0.7]],[25,-4,[3,"48yy0wjhRKbawNyvWL2vRa"],[1,0.55,1,-0.3],[1,0.2,1,0.7]]],[4,"18CCWl/WNOIYLNjfi90Jbp",null,null,null,-1,0]],[31,"fireGroup",false,1,[-9,-10,-11,-12,-13,-14],[4,"8dFfhhMFxM55GPi9dpiwlW",null,null,null,1,0]],[26,2,[0,1],[[36,2,0.89,0.54],[37,2,-2.2]]],[26,2,[0,1],[[38,2,1,1],[39,2,1,1,1]]],[32,"endLine",1,[[35,true,-15,[3,"16PMocQ1ROh47pF9kdyI8/"],[1,1,0.5,0.5]],[40,4,2,-16,[3,"5999gHEb5I/YGrf+WFaur7"]],[41,21,-17,[3,"0eoPCg2YlNqaDAskZrooiq"]]],[4,"3fhSt7Vy1NbLmgHJn+JP4g",null,null,null,1,0],[1,0,1.108,0.44]],[23,"RootNode",1,[-18],[4,"4eAI/bFzhDtb26GMBZfRFk",null,null,null,1,0]],[24,"roadEnd",6,[[27,-19,[3,"b8l8izYgZM9YdVwFITE7Zj"],[0],[28],1]],[4,"3eB8byCMJLvb/CzRP9yL7Q",null,null,null,1,0],[3,5.338508038181781e-8,0.7071067811865455,0.7071067811865455,-5.338508038181781e-8],[1,2.53999996185303,2.53999996185303,2.53999996185303],[1,-89.99999999999999,-179.9999913485774,0]],[33,"finishLine",1,[-20],[4,"57caNORAJKLontTJi0xH+X",null,null,null,1,0],[1,0,1.01,0.354]],[23,"RootNode",8,[-21],[4,"07jaLGl/JF9KZ7LNUfmhMF",null,null,null,1,0]],[24,"finishLine",9,[[27,-22,[3,"f9VgSQpqBDvJSdpQQGDuz0"],[2],[28],3]],[4,"57BCjK1sVFBKqxAm2jlcj6",null,null,null,1,0],[3,-0.7071067811865476,0,0,0.7071067811865476],[1,2.53999996185303,2.53999996185303,2.53999996185303],[1,-90.00000000000003,0,0]],[6,"fire01",2,[-23],[4,"83TfsgbMlC4Zk2tLt4qzTi",null,null,null,1,0],[1,-1.631,1.1,-2.006],[3,0.7071067811865475,0,0,0.7071067811865476],[1,89.99999999999999,0,0]],[7,1,10,11,[3,"0b7a7v3FVOCpzmec7amMlB"],[[4,null],6,0],[2],[1,0.5],[0],[0],[9,3,0.1,0.2],[0],[0],[10,3,6.283185307179586],[0],[1,1.5],[0],[1,10],[0],[11,true,[8,2,[4,3699047162],[4,2525734911]]],[12,true,0,0.073,0.334,0.4532969133279673,[1,1]],[13,true,[5,1,3],[0],[0],[0]],[14,[0],[0],[0],[1,1]],[15,[0],[0],[0]],[16,[0],[0],[0],[0]],[17,[0],[0],[1,3.141592653589793]],[18,true,8,2,1,[5,1,4],[0]],[19,[1,1],[0],[2],[2],-24],[20,5]],[6,"fire02",2,[-25],[4,"57uSNJCMlDq67Z8WbXCpmU",null,null,null,1,0],[1,-0.829,1.1,-0.582],[3,0.7071067811865475,0,0,0.7071067811865476],[1,89.99999999999999,0,0]],[7,1,10,13,[3,"0b7a7v3FVOCpzmec7amMlB"],[[6,null],6,0],[2],[1,0.5],[0],[0],[9,3,0.1,0.2],[0],[0],[10,3,6.283185307179586],[0],[1,1.5],[0],[1,10],[0],[11,true,[8,2,[4,3699047162],[4,2525734911]]],[12,true,0,0.073,0.334,0.4532969133279673,[1,1]],[13,true,[5,1,3],[0],[0],[0]],[14,[0],[0],[0],[1,1]],[15,[0],[0],[0]],[16,[0],[0],[0],[0]],[17,[0],[0],[1,3.141592653589793]],[18,true,8,2,1,[5,1,4],[0]],[19,[1,1],[0],[2],[2],-26],[20,7]],[6,"fire03",2,[-27],[4,"6buR+h7OpIq6QN+JQ28aLw",null,null,null,1,0],[1,0.819,1.1,-0.587],[3,0.7071067811865475,0,0,0.7071067811865476],[1,89.99999999999999,0,0]],[7,1,10,15,[3,"0b7a7v3FVOCpzmec7amMlB"],[[8,null],6,0],[2],[1,0.5],[0],[0],[9,3,0.1,0.2],[0],[0],[10,3,6.283185307179586],[0],[1,1.5],[0],[1,10],[0],[11,true,[8,2,[4,3699047162],[4,2525734911]]],[12,true,0,0.073,0.334,0.4532969133279673,[1,1]],[13,true,[5,1,3],[0],[0],[0]],[14,[0],[0],[0],[1,1]],[15,[0],[0],[0]],[16,[0],[0],[0],[0]],[17,[0],[0],[1,3.141592653589793]],[18,true,8,2,1,[5,1,4],[0]],[19,[1,1],[0],[2],[2],-28],[20,9]],[6,"fire04",2,[-29],[4,"3c7Oy5KBBLTZDSpPEF+xh6",null,null,null,1,0],[1,1.635,1.1,-2],[3,0.7071067811865475,0,0,0.7071067811865476],[1,89.99999999999999,0,0]],[7,1,10,17,[3,"0b7a7v3FVOCpzmec7amMlB"],[[10,null],6,0],[2],[1,0.5],[0],[0],[9,3,0.1,0.2],[0],[0],[10,3,6.283185307179586],[0],[1,1.5],[0],[1,10],[0],[11,true,[8,2,[4,3699047162],[4,2525734911]]],[12,true,0,0.073,0.334,0.4532969133279673,[1,1]],[13,true,[5,1,3],[0],[0],[0]],[14,[0],[0],[0],[1,1]],[15,[0],[0],[0]],[16,[0],[0],[0],[0]],[17,[0],[0],[1,3.141592653589793]],[18,true,8,2,1,[5,1,4],[0]],[19,[1,1],[0],[2],[2],-30],[20,11]],[6,"fire05",2,[-31],[4,"7e07w0Ig9HWJ0YONx15uKx",null,null,null,1,0],[1,0.82,1.1,-3.411],[3,0.7071067811865475,0,0,0.7071067811865476],[1,89.99999999999999,0,0]],[7,1,10,19,[3,"0b7a7v3FVOCpzmec7amMlB"],[[12,null],6,0],[2],[1,0.5],[0],[0],[9,3,0.1,0.2],[0],[0],[10,3,6.283185307179586],[0],[1,1.5],[0],[1,10],[0],[11,true,[8,2,[4,3699047162],[4,2525734911]]],[12,true,0,0.073,0.334,0.4532969133279673,[1,1]],[13,true,[5,1,3],[0],[0],[0]],[14,[0],[0],[0],[1,1]],[15,[0],[0],[0]],[16,[0],[0],[0],[0]],[17,[0],[0],[1,3.141592653589793]],[18,true,8,2,1,[5,1,4],[0]],[19,[1,1],[0],[2],[2],-32],[20,13]],[6,"fire06",2,[-33],[4,"9doQ6MnURDYIDSVKMV0evs",null,null,null,1,0],[1,-0.811,1.1,-3.412],[3,0.7071067811865475,0,0,0.7071067811865476],[1,89.99999999999999,0,0]],[7,1,10,21,[3,"0b7a7v3FVOCpzmec7amMlB"],[[14,null],6,0],[2],[1,0.5],[0],[0],[9,3,0.1,0.2],[0],[0],[10,3,6.283185307179586],[0],[1,1.5],[0],[1,10],[0],[11,true,[8,2,[4,3699047162],[4,2525734911]]],[12,true,0,0.073,0.334,0.4532969133279673,[1,1]],[13,true,[5,1,3],[0],[0],[0]],[14,[0],[0],[0],[1,1]],[15,[0],[0],[0]],[16,[0],[0],[0],[0]],[17,[0],[0],[1,3.141592653589793]],[18,true,8,2,1,[5,1,4],[0]],[19,[1,1],[0],[2],[2],-34],[20,15]]],0,[0,6,1,0,0,1,0,0,1,0,0,1,0,-1,6,0,-2,5,0,-3,8,0,-4,2,0,-1,11,0,-2,13,0,-3,15,0,-4,17,0,-5,19,0,-6,21,0,0,5,0,0,5,0,0,5,0,-1,7,0,0,7,0,-1,9,0,-1,10,0,0,10,0,-1,12,0,1,12,0,-1,14,0,1,14,0,-1,16,0,1,16,0,-1,18,0,1,18,0,-1,20,0,1,20,0,-1,22,0,1,22,0,7,1,34],[0,0,0,0,0,0,0,0,0,0,0,0,0,0,0,0,0],[-1,5,-1,5,-1,2,-1,2,-1,2,-1,2,-1,2,-1,2,8],[5,6,7,8,1,0,1,0,1,0,1,0,1,0,1,0,9]],[[[21,"fire01",[{"rasterizerState":{},"depthStencilState":{},"blendState":{"targets":[{}]}}],[{}],[[[{},"tintColor",8,[4,4278197545],"mainTexture",6,0]],11]]],0,0,[0,0],[3,4],[0,10]]]]
