[1,["17c4fbb4b@6c48a"],["_textureSource"],["cc.SpriteFrame"],0,[[[{"name":"battleBox02c","rect":{"x":83,"y":183,"width":164,"height":27},"offset":{"x":0,"y":0},"originalSize":{"width":164,"height":27},"rotated":true,"capInsets":[70,4,70,4],"packable":true,"pixelsToUnit":100,"pivot":{"x":0.5,"y":0.5},"meshType":0}],[0],0,[0],[0],[0]],[[{"name":"battleIconFire","rect":{"x":3,"y":598,"width":113,"height":124},"offset":{"x":0,"y":0},"originalSize":{"width":113,"height":124},"rotated":false,"capInsets":[0,0,0,0],"packable":true,"pixelsToUnit":100,"pivot":{"x":0.5,"y":0.5},"meshType":0}],[0],0,[0],[0],[0]],[[{"name":"battleBox02a","rect":{"x":83,"y":3,"width":174,"height":37},"offset":{"x":0,"y":0},"originalSize":{"width":174,"height":37},"rotated":true,"capInsets":[70,8,70,8],"packable":true,"pixelsToUnit":100,"pivot":{"x":0.5,"y":0.5},"meshType":0}],[0],0,[0],[0],[0]],[[{"name":"battleBox01a","rect":{"x":3,"y":3,"width":440,"height":39},"offset":{"x":0,"y":0},"originalSize":{"width":440,"height":39},"rotated":true,"capInsets":[15,0,15,0],"packable":true,"pixelsToUnit":100,"pivot":{"x":0.5,"y":0.5},"meshType":0}],[0],0,[0],[0],[0]],[[{"name":"battleIconArrow","rect":{"x":3,"y":449,"width":143,"height":100},"offset":{"x":0,"y":0},"originalSize":{"width":143,"height":100},"rotated":true,"capInsets":[0,0,0,0],"packable":true,"pixelsToUnit":100,"pivot":{"x":0.5,"y":0.5},"meshType":0}],[0],0,[0],[0],[0]],[[{"name":"battleBox02b","rect":{"x":3,"y":728,"width":164,"height":27},"offset":{"x":0,"y":0},"originalSize":{"width":164,"height":27},"rotated":true,"capInsets":[70,4,70,4],"packable":true,"pixelsToUnit":100,"pivot":{"x":0.5,"y":0.5},"meshType":0}],[0],0,[0],[0],[0]],[[{"name":"battleIconPlayer","rect":{"x":36,"y":728,"width":65,"height":65},"offset":{"x":0,"y":0},"originalSize":{"width":65,"height":65},"rotated":false,"capInsets":[0,0,0,0],"packable":true,"pixelsToUnit":100,"pivot":{"x":0.5,"y":0.5},"meshType":0}],[0],0,[0],[0],[0]],[[{"name":"battleBox01b","rect":{"x":48,"y":3,"width":430,"height":29},"offset":{"x":0,"y":0},"originalSize":{"width":430,"height":29},"rotated":true,"capInsets":[15,0,15,0],"packable":true,"pixelsToUnit":100,"pivot":{"x":0.5,"y":0.5},"meshType":0}],[0],0,[0],[0],[0]]]]
