[1,["359fvxeO5PHKxx+Wk4DBOB","96Qi/tH11MLYWVt42qWTmf","ccS0VWJFZJsJglJenobtPz@d043b","40iS3KBfZApa3TuATs3W56","0exBqWeyxEVpEaScYvXJ2Z@6c48a","c0s+5oLBVFBp6VRl1z0TZH@6c48a","a3zQCfCrBCDZJ4uf2rk5u8"],["node","root","_particleSystem","data","_mesh","_mainTexture","_defaultClip","mainTexture","_effectAsset"],[["cc.CurveRange",["mode","constantMin","constantMax","constant","spline"],-1,4],["cc.Node",["_name","_prefab","_children","_components","_lscale","_parent","_lrot","_euler"],2,4,2,9,5,1,5,5],["cc.GradientRange",["_mode","colorMin","colorMax"],2,5,5],["cc.RealKeyframeValue",["interpolationMode","value","leftTangent","rightTangent"],-1],["cc.Prefab",["_name"],2],["cc.Node",["_name","_parent","_components","_prefab","_lpos","_lrot","_euler"],2,1,2,4,5,5,5],["cc.BoxCollider",["_isTrigger","node","__prefab","_center","_size"],2,1,4,5,5],["cc.CompPrefabInfo",["fileId"],2],["cc.RigidBody",["_group","_type","node","__prefab"],1,1,4],["cc.Animation",["playOnLoad","node","__prefab","_clips","_defaultClip"],2,1,4,3,6],["52708yzRJRNKKmsD4pqaco/",["colliderName","node"],2,1],["cc.PrefabInfo",["fileId","instance","targetOverrides","nestedPrefabInstanceRoots","root","asset"],-1,1,1],["cc.MeshRenderer",["node","__prefab","_materials","bakeSettings","_mesh"],3,1,4,3,4,6],["cc.ModelBakeSettings",[],3],["cc.ParticleSystem",["scaleSpace","duration","_simulationSpace","node","__prefab","_materials","startColor","startSizeX","startSizeY","startSizeZ","startSpeed","startRotationX","startRotationY","startRotationZ","startDelay","startLifetime","gravityModifier","rateOverTime","rateOverDistance","_colorOverLifetimeModule","_shapeModule","_sizeOvertimeModule","_velocityOvertimeModule","_forceOvertimeModule","_limitVelocityOvertimeModule","_rotationOvertimeModule","_textureAnimationModule","_trailModule","renderer"],0,1,4,3,4,4,4,4,4,4,4,4,4,4,4,4,4,4,4,4,4,4,4,4,4,4,4],["cc.ColorOvertimeModule",["_enable","color"],2,4],["cc.ShapeModule",["_enable","_shapeType","emitFrom","arcSpeed","_scale"],0,4,5],["cc.SizeOvertimeModule",["_enable","size","x","y","z"],2,4,4,4,4],["cc.RealCurve",["preExtrapolation","_times","_values"],1,9],["cc.VelocityOvertimeModule",["x","y","z","speedModifier"],3,4,4,4,4],["cc.ForceOvertimeModule",["x","y","z"],3,4,4,4],["cc.LimitVelocityOvertimeModule",["limitX","limitY","limitZ","limit"],3,4,4,4,4],["cc.RotationOvertimeModule",["x","y","z"],3,4,4,4],["cc.TextureAnimationModule",["frameOverTime","startFrame"],3,4,4],["cc.TrailModule",["lifeTime","widthRatio","colorOverTrail","colorOvertime","_particleSystem"],3,4,4,4,4,1],["cc.ParticleSystemRenderer",["_mainTexture"],3,6],["cc.Material",["_name","_techIdx","_states","_defines","_props"],-1,12],["cc.Mesh",["_native","_hash","_struct"],1,11]],[[0,1],[7,0,2],[0,3,2],[11,0,1,2,3,4,5,5],[2,0,1,2,2],[2,1],[0,0,1,2,4],[4,0,2],[1,0,2,3,1,4,2],[1,0,5,2,1,2],[1,0,5,3,1,6,4,7,2],[5,0,1,2,3,4,5,6,2],[6,0,1,2,3,4,2],[8,0,1,2,3,3],[9,0,1,2,3,4,2],[10,0,1,2],[12,0,1,2,3,4,1],[13,1],[14,0,1,2,3,4,5,6,7,8,9,10,11,12,13,14,15,16,17,18,19,20,21,22,23,24,25,26,27,28,4],[0,0,4,2],[15,0,1,2],[16,0,1,2,3,4,4],[17,0,1,2,3,4,2],[18,0,1,2,3],[3,0,1,3,2,5],[3,0,1,2,4],[19,0,1,2,3,1],[20,0,1,2,1],[21,0,1,2,3,1],[22,0,1,2,1],[23,0,1,1],[24,0,1,2,3,4,1],[25,0,1],[26,0,1,2,3,4,5],[27,0,1,2,3]],[[[[7,"colorLightYellow"],[8,"colorLightYellow",[-6,-7],[[12,true,-2,[1,"6cT+9OHAJC7bitnarSeOjl"],[1,0,0.3,0],[1,1.8,0.6,0.5]],[13,4,2,-3,[1,"40/fzttcFJaL7SWvOYDw0v"]],[14,true,-4,[1,"d8ktvwlUpMqZtKXVt57boJ"],[4],5],[15,13,-5]],[3,"e5K9rOjYFI6rjWcN2nOX5B",null,null,null,-1,0],[1,0.7,1,1]],[9,"RootNode",1,[-8],[3,"82i8XLEaRIh5xN82uIfI2X",null,null,null,1,0]],[10,"colorLight-y",2,[[16,-9,[1,"9f7f1ADZJRm6UM1l/LEoWe"],[0],[17],1]],[3,"c7fhLcTphP4qkq75yAebEn",null,null,null,1,0],[3,-0.7071067811865476,0,0,0.7071067811865476],[1,1.2,7.17298030853271,0.75],[1,-90.00000000000003,0,0]],[11,"colorLightY",1,[-10],[3,"14mWwPiW9IW7hSn1Mvj49+",null,null,null,1,0],[1,0,0.081,0],[3,0.7071067811865475,0,0,0.7071067811865476],[1,89.99999999999999,0,0]],[18,0,1,0,4,[1,"0b7a7v3FVOCpzmec7amMlB"],[2],[4,2,[4,4285525759],[4,4282829823]],[6,3,0.07,0.03],[0],[0],[6,3,0.5,0.2],[0],[0],[0],[0],[2,0.5],[0],[2,80],[0],[20,true,[4,2,[4,4285000701],[4,2520506623]]],[21,true,0,2,[2,1],[1,1.4,0.499,0.522]],[22,true,[19,1,[23,2,[0,1],[[24,2,0.2,2.56,2],[25,2,0.31,-2.44]]]],[0],[0],[0]],[26,[0],[0],[0],[2,1]],[27,[0],[0],[0]],[28,[0],[0],[0],[0]],[29,[0],[0],[0]],[30,[0],[0]],[31,[2,1],[0],[5],[5],-11],[32,3]]],0,[0,1,1,0,0,1,0,0,1,0,0,1,0,0,1,0,-1,2,0,-2,4,0,-1,3,0,0,3,0,-1,5,0,2,5,0,3,1,11],[0,0,0,0,0,0],[-1,4,-1,5,-1,6],[1,2,3,4,0,0]],[[[33,"colorLight-y",1,[{"rasterizerState":{},"depthStencilState":{},"blendState":{"targets":[{}]}}],[{"USE_TEXTURE":true}],[[[{},"tilingOffset",8,[2,1,1,0,1.02],"mainTexture",6,0]],11]]],0,0,[0,0],[7,8],[5,6]],[[[34,".bin",4003412447,[{"primitives":[{"primitiveMode":7,"vertexBundelIndices":[0],"indexView":{"offset":5376,"length":384,"count":192,"stride":2}}],"vertexBundles":[{"view":{"offset":0,"length":5376,"count":112,"stride":48},"attributes":[{"name":"a_position","format":32,"isNormalized":false},{"name":"a_normal","format":32,"isNormalized":false},{"name":"a_texCoord","format":21,"isNormalized":false},{"name":"a_tangent","format":44,"isNormalized":false}]}]},"minPosition",8,[1,-0.5806288123130798,-0.03581050783395767,0.0002629089285619557],"maxPosition",8,[1,0.5806293487548828,0.0358104333281517,0.9938390851020813]]],-1],0,0,[],[],[]]]]
