[1,["12Y9dMgWdJKJGmTiZyQR9H@2e76e","41hnCCQG5JG7pPR7QDmXRJ","c81iYkTmBJBrJIR/EGTqbb","3a5rfTbONPSpwQqExEa6XB","c1s1U56i5E+ppunI7hiTdr","95Ps3JarFDEq5Qi/bz6Gum","a3zQCfCrBCDZJ4uf2rk5u8","0djGUCqeJJWILvdpI249RQ@6c48a","ccqfz6LqNPQbA295vMsQ+h@6c48a"],["node","_mesh","asset","root","data","_defaultClip","mainTexture","_effectAsset"],[["cc.Node",["_name","_components","_prefab","_children","_parent","_lscale"],2,9,4,2,1,5],["cc.Prefab",["_name"],2],["cc.Animation",["node","__prefab","_clips","_defaultClip"],3,1,4,3,6],["cc.CompPrefabInfo",["fileId"],2],["cc.PrefabInfo",["fileId","instance","targetOverrides","nestedPrefabInstanceRoots","root","asset"],-1,1,6],["cc.PrefabInfo",["fileId","instance","targetOverrides","nestedPrefabInstanceRoots","root","asset"],-1,1,1],["cc.MeshRenderer",["_name","node","__prefab","_materials","bakeSettings","_mesh"],2,1,4,3,4,6],["cc.ModelBakeSettings",[],3],["cc.Mesh",["_native","_hash","_struct"],1,11],["cc.Material",["_name","_techIdx","_states","_defines","_props"],-1,12]],[[3,0,2],[0,0,4,1,2,5,2],[6,0,1,2,3,4,5,2],[7,1],[4,0,1,2,3,4,5,5],[5,0,1,2,3,4,5,5],[1,0,2],[0,0,3,1,2,2],[2,0,1,2,3,1],[9,0,1,2,3,4,5],[8,0,1,2,3]],[[[[6,"circleRed"],[7,"circleRed",[-3,-4],[[8,-2,[0,"aaJvg3Gn9Ex6alKi9DfhMk"],[6,7],8]],[4,"e9mMxpsTdObriLY2OfNseH",null,null,null,-1,9]],[1,"circleRed01",1,[[2,"Plane<ModelComponent>",-5,[0,"e0uHCYkZ1D1I9glcT6oLf2"],[0],[3],1]],[4,"52XDPGI/VKuJ63ZmDP245b",null,null,null,1,2],[1,0.05,0.05,0.05]],[1,"circleRed02",1,[[2,"Plane<ModelComponent>",-6,[0,"e0uHCYkZ1D1I9glcT6oLf2"],[3],[3],4]],[4,"ecM5fSXqJIQLz6JwvPcsZJ",null,null,null,1,5],[1,0.05,0.05,0.05]]],0,[0,3,1,0,0,1,0,-1,2,0,-2,3,0,0,2,0,0,3,0,4,1,6],[0,0,0,0,0,0,0,0,0,0],[-1,1,2,-1,1,2,-1,-2,5,2],[3,0,2,4,0,2,1,5,1,2]],[[[10,".bin",2489017538,[{"primitives":[{"primitiveMode":7,"vertexBundelIndices":[0],"indexView":{"offset":6776,"length":1200,"count":600,"stride":2}}],"vertexBundles":[{"view":{"offset":0,"length":6776,"count":121,"stride":56},"attributes":[{"name":"a_position","format":32,"isNormalized":false},{"name":"a_normal","format":32,"isNormalized":false},{"name":"a_texCoord","format":21,"isNormalized":false},{"name":"a_tangent","format":44,"isNormalized":false},{"name":"a_texCoord1","format":21,"isNormalized":false}]}]},"minPosition",8,[1,-5,0,-5],"maxPosition",8,[1,5,0,5]]],-1],0,0,[],[],[]],[[[9,"circleRed01",1,[{"rasterizerState":{},"depthStencilState":{},"blendState":{"targets":[{}]}}],[{"USE_TEXTURE":true}],[[[{},"mainTexture",6,0]],11]]],0,0,[0,0],[6,7],[7,6]],[[[9,"circleRed02",1,[{"rasterizerState":{},"depthStencilState":{},"blendState":{"targets":[{}]}}],[{"USE_TEXTURE":true}],[[[{},"mainTexture",6,0]],11]]],0,0,[0,0],[6,7],[8,6]],[[[6,"circleRed"],[7,"circleRed",[-3,-4],[[8,-2,[0,"aaJvg3Gn9Ex6alKi9DfhMk"],[4,5],6]],[5,"e9mMxpsTdObriLY2OfNseH",null,null,null,-1,0]],[1,"circleRed01",1,[[2,"Plane<ModelComponent>",-5,[0,"e0uHCYkZ1D1I9glcT6oLf2"],[0],[3],1]],[5,"52XDPGI/VKuJ63ZmDP245b",null,null,null,1,0],[1,0.05,0.05,0.05]],[1,"circleRed02",1,[[2,"Plane<ModelComponent>",-6,[0,"e0uHCYkZ1D1I9glcT6oLf2"],[2],[3],3]],[5,"ecM5fSXqJIQLz6JwvPcsZJ",null,null,null,1,0],[1,0.05,0.05,0.05]]],0,[0,3,1,0,0,1,0,-1,2,0,-2,3,0,0,2,0,0,3,0,4,1,6],[0,0,0,0,0,0,0],[-1,1,-1,1,-1,-2,5],[3,0,4,0,1,5,1]]]]
