[1,["d1NGQ2rJZCcbhjH0/erZWw","42WkziOwdFhJUkRtBH2gPi@6c48a","78I2Pfd6NOvbzc7fpBteZ2@6c48a","89gbCCUHREM4UQTz+NNOSv@6c48a","73KYVe/HdLSr1qIgN+yhHb@6c48a","7fcwvDS+RJUpMO9FCVp8/N","67acu9KPVHFY3LGsdPS9PU","d2uTvquE9Lvb3cDlo/wGSX","21CSLvhRpOkrORwyGZcMf1"],["mainTexture","_effectAsset","_particleSystem","_mainTexture","root","spline","data"],[["cc.GradientRange",["_mode","colorMin","colorMax","gradient","color"],2,5,5,4,5],["cc.CurveRange",["mode","constantMin","constantMax","constant","spline"],-1,4],["cc.Node",["_name","_prefab","_parent","_components","_lrot","_euler","_children","_lpos"],2,4,1,2,5,5,2,5],["cc.RealKeyframeValue",["interpolationMode","leftTangent","rightTangent","value"],-1],["cc.ParticleSystem",["duration","node","__prefab","_materials","startColor","startSizeX","startSizeY","startSizeZ","startSpeed","startRotationX","startRotationY","startRotationZ","startDelay","startLifetime","gravityModifier","rateOverTime","rateOverDistance","_colorOverLifetimeModule","_shapeModule","_sizeOvertimeModule","_velocityOvertimeModule","_forceOvertimeModule","_limitVelocityOvertimeModule","_rotationOvertimeModule","_textureAnimationModule","_trailModule","renderer","bursts"],2,1,4,3,4,4,4,4,4,4,4,4,4,4,4,4,4,4,4,4,4,4,4,4,4,4,4,9],["cc.AlphaKey",["alpha","time"],1],["cc.ShapeModule",["emitFrom","_enable","radius","_angle","arcSpeed"],-1,4],["cc.SizeOvertimeModule",["_enable","size","x","y","z"],2,4,4,4,4],["cc.ForceOvertimeModule",["_enable","x","y","z"],2,4,4,4],["cc.LimitVelocityOvertimeModule",["_enable","dampen","limitX","limitY","limitZ","limit"],1,4,4,4,4],["cc.RotationOvertimeModule",["_enable","x","y","z"],2,4,4,4],["cc.ParticleSystemRenderer",["_renderMode","_velocityScale","_lengthScale","_mainTexture"],0,6],["cc.Material",["_name","_states","_defines","_props"],0,12],["cc.Prefab",["_name"],2],["cc.PrefabInfo",["fileId","instance","targetOverrides","nestedPrefabInstanceRoots","root","asset"],-1,1,1],["cc.ParticleSystem",["duration","node","__prefab","_materials","startColor","startSizeX","startSizeY","startSizeZ","startSpeed","startRotationX","startRotationY","startRotationZ","startDelay","startLifetime","gravityModifier","rateOverTime","rateOverDistance","_colorOverLifetimeModule","_shapeModule","_sizeOvertimeModule","_velocityOvertimeModule","_forceOvertimeModule","_limitVelocityOvertimeModule","_rotationOvertimeModule","_textureAnimationModule","_trailModule","renderer"],2,1,4,12,4,4,4,4,4,4,4,4,4,4,4,4,4,4,4,4,4,4,4,4,4,4,4],["cc.CompPrefabInfo",["fileId"],2],["cc.CurveRange",["mode","spline"],2,1],["cc.ColorOvertimeModule",["_enable","color"],2,4],["cc.Gradient",["alphaKeys"],3,9],["cc.RealCurve",["preExtrapolation","_times","_values"],1,9],["cc.VelocityOvertimeModule",["x","y","z","speedModifier"],3,4,4,4,4],["cc.TextureAnimationModule",["frameOverTime","startFrame"],3,4,4],["cc.TrailModule",["lifeTime","widthRatio","colorOverTrail","colorOvertime","_particleSystem"],3,4,4,4,4,1],["cc.Burst",["count"],3,4]],[[1,1],[1,3,2],[1,0,1,2,4],[5,0,1,3],[0,1],[14,0,1,2,3,4,5,5],[12,0,1,2,3,4],[16,0,2],[0,0,3,2],[18,0,1,2],[19,0,1],[5,0,2],[21,0,1,2,3,1],[22,0,1,1],[23,0,1,2,3,4,1],[2,0,2,3,1,7,4,5,2],[0,0,1,2,2],[6,1,0,2,3,4,5],[7,0,1,2,3,4,2],[10,1,2,3,1],[4,0,1,2,3,4,5,6,7,8,9,10,11,12,13,14,15,16,17,18,19,20,21,22,23,24,25,26,2],[17,0,1,2],[20,0,1,2,3],[3,0,2,1,4],[3,0,3,3],[3,0,1,3],[8,1,2,3,1],[8,0,1,2,3,2],[9,2,3,4,5,1],[9,0,1,2,3,4,5,3],[11,3,1],[11,0,1,2,3,4],[13,0,2],[2,0,6,1,2],[2,0,2,3,1,4,5,2],[15,0,1,2,3,4,5,6,7,8,9,10,11,12,13,14,15,16,17,18,19,20,21,22,23,24,25,26,2],[4,0,1,2,3,4,5,6,7,8,9,10,11,12,13,14,15,16,27,17,18,19,20,21,22,23,24,25,26,2],[0,4,1],[1,0,4,2],[6,0,4,2],[7,1,2,3,4,1],[10,0,1,2,3,2],[24,0,1]],[[[[6,"glow04",[{"rasterizerState":{},"depthStencilState":{},"blendState":{"targets":[{}]}}],[{}],[[[{},"mainTexture",6,0]],11]]],0,0,[0,0],[0,1],[1,0]],[[[6,"jr_tx",[{"rasterizerState":{},"depthStencilState":{},"blendState":{"targets":[{}]}}],[{}],[[[{},"mainTexture",6,0]],11]]],0,0,[0,0],[0,1],[2,0]],[[[6,"star01",[{"rasterizerState":{},"depthStencilState":{},"blendState":{"targets":[{}]}}],[{}],[[[{},"mainTexture",6,0]],11]]],0,0,[0,0],[0,1],[3,0]],[[[32,"boxOpen"],[33,"boxOpen",[-2,-3,-4,-5],[5,"8dGBhidPFOtbj/zsQkxNE9",null,null,null,-1,0]],[34,"Particle",1,[-6],[5,"8e2ioZz9pAUKfMi4OUfaaR",null,null,null,1,0],[3,0.7071067811865475,0,0,0.7071067811865476],[1,90,0,0]],[35,1,2,[7,"0b7a7v3FVOCpzmec7amMlB"],[[0,null],6,0],[16,2,[4,4294927359],[4,4294946750]],[2,3,0.03,0.1],[0],[0],[2,3,0.01,0.8],[0],[0],[0],[0],[2,3,0.2,1],[0],[1,15],[0],[9,true,[8,1,[10,[[11,0],[3,255,0.3058035714285714],[3,255,0.6808035714285714],[3,0,1]]]]],[17,true,0,0.2,0.5235987755982988,[1,1]],[18,true,[38,1,[22,2,[0,0.48,1],[[23,2,2,2],[24,2,0.97],[25,2,-1.83]]]],[0],[0],[0]],[12,[0],[0],[0],[1,1]],[26,[0],[0],[0]],[28,[0],[0],[0],[0]],[41,true,[0],[0],[2,3,-3.141592653589793,3.141592653589793]],[13,[0],[0]],[14,[1,1],[0],[4],[4],-7],[30,1]],[15,"Particle-001",1,[-8],[5,"6aTj6J0YtDqIvid8JDg7Dh",null,null,null,1,0],[1,-0.05,0.05,0],[3,0.7071067811865475,0,0,0.7071067811865476],[1,90,0,0]],[20,1,4,[7,"d64eBcfn9LOqS+Ex5Fd0MQ"],[2],[16,2,[4,4288878847],[4,4294920042]],[2,3,0.01,0.03],[0],[0],[2,3,0.5,1],[0],[0],[2,3,6.283185307179586,-3.141592653589793],[0],[2,3,0.5,0.8],[0],[2,3,30,20],[0],[9,true,[8,1,[10,[[11,0],[3,255,0.3058035714285714],[3,255,0.6808035714285714],[3,0,1]]]]],[17,true,0,0.1,0,[1,1]],[18,true,[21,1,-10],[0],[0],[0]],[12,[0],[0],[0],[1,1]],[27,true,[1,0.3],[0],[0]],[29,true,0.15,[1,0.3],[0],[0],[0]],[19,[0],[0],[2,3,15.707963267948966,3.141592653589793]],[13,[0],[0]],[14,[1,1],[0],[4],[4],-9],[31,1,0.3,0.8,3]],[22,2,[0,0.48,1],[[23,2,2,2],[24,2,0.97],[25,2,-1.83]]],[15,"Particle-002",1,[-11],[5,"bbf5rmkEZBuapAavbGU1T3",null,null,null,1,0],[1,0.05,0.05,0],[3,0.7071067811865475,0,0,0.7071067811865476],[1,90,0,0]],[20,1,7,[7,"d64eBcfn9LOqS+Ex5Fd0MQ"],[4],[16,2,[4,4294917623],[4,4294907662]],[2,3,0.015,0.03],[0],[0],[2,3,0.2,0.8],[0],[0],[2,3,6.283185307179586,-3.141592653589793],[0],[2,3,0.5,0.8],[0],[1,20],[0],[9,true,[8,1,[10,[[11,0],[3,255,0.3058035714285714],[3,255,0.6808035714285714],[3,0,1]]]]],[17,true,0,0.1,0,[1,1]],[18,true,[21,1,6],[0],[0],[0]],[12,[0],[0],[0],[1,1]],[27,true,[1,-0.3],[0],[0]],[29,true,0.15,[1,-0.3],[0],[0],[0]],[19,[0],[0],[2,3,15.707963267948966,3.141592653589793]],[13,[0],[0]],[14,[1,1],[0],[4],[4],-12],[31,1,0.3,0.8,5]],[15,"Particle-002",1,[-13],[5,"85t5e2ZPVEXopp/klopEqY",null,null,null,1,0],[1,0,0.134,-0.002],[3,0.7071067811865475,0,0,0.7071067811865476],[1,89.99999999999999,0,0]],[36,2,9,[7,"d2qwSHE9JKUKeplBB3Wtc8"],[6],[37,[4,2030000363]],[1,0.8],[0],[0],[0],[0],[0],[0],[0],[1,2],[0],[0],[0],[[42,[1,2]]],[9,true,[8,1,[10,[[11,0],[3,255,0.46875],[3,0,1]]]]],[39,0,[1,1]],[40,[0],[0],[0],[0]],[12,[0],[0],[0],[1,1]],[26,[0],[0],[0]],[28,[0],[0],[0],[0]],[19,[0],[0],[0]],[13,[0],[0]],[14,[1,1],[0],[4],[4],-14],[30,7]]],0,[0,4,1,0,-1,2,0,-2,4,0,-3,7,0,-4,9,0,-1,3,0,2,3,0,-1,5,0,2,5,0,5,6,0,-1,8,0,2,8,0,-1,10,0,2,10,0,6,1,14],[0,0,0,0,0,0,0,0],[-1,3,-1,3,-1,3,-1,3],[5,3,6,2,7,4,8,1]],[[[6,"jr_tx1",[{"rasterizerState":{},"depthStencilState":{},"blendState":{"targets":[{}]}}],[{}],[[[{},"mainTexture",6,0]],11]]],0,0,[0,0],[0,1],[4,0]]]]
