[1,["d4cxjTd0xOA69bE9X3EP2l@8d883","75kDek6+9DNqwkZvuzrUTF","cawMFrdYFOIr+/83mxPj+K@12496","1brw/JvvpFnIvdrxpFCgMZ","cawMFrdYFOIr+/83mxPj+K@3eea5","cawMFrdYFOIr+/83mxPj+K@438fe","d4cxjTd0xOA69bE9X3EP2l@7a3ca","d4cxjTd0xOA69bE9X3EP2l@cd3cd","d4cxjTd0xOA69bE9X3EP2l@501e3","cawMFrdYFOIr+/83mxPj+K@34918","cawMFrdYFOIr+/83mxPj+K@89933","cawMFrdYFOIr+/83mxPj+K@1f586","cawMFrdYFOIr+/83mxPj+K@cf5ee","cawMFrdYFOIr+/83mxPj+K@151e9","cawMFrdYFOIr+/83mxPj+K@13c14","cawMFrdYFOIr+/83mxPj+K@07a11","cawMFrdYFOIr+/83mxPj+K@67bfe","cawMFrdYFOIr+/83mxPj+K@74167","cawMFrdYFOIr+/83mxPj+K@b4251","cawMFrdYFOIr+/83mxPj+K@a9e48","cawMFrdYFOIr+/83mxPj+K@ee525","cawMFrdYFOIr+/83mxPj+K@562d4","cawMFrdYFOIr+/83mxPj+K@34ab7","cawMFrdYFOIr+/83mxPj+K@a2751","cawMFrdYFOIr+/83mxPj+K@56689","2ccjMLWIpBk4sU7oDXbu/0"],["_parent","node","_mesh","_effectAsset","root","colliderCom","rigidBodyCom","ndSocketRightFoot","ndSocketLeftFoot","ndSocketRightFinger","ndSocketLeftFinger","ndSocketHead","aniComPlayer","data","_skeleton","_defaultClip","_material"],[["cc.Node",["_name","_prefab","_parent","_children","_lpos","_euler","_lrot","_components","_lscale"],2,4,1,2,5,5,5,12,5],["cc.Node",["_name","_parent","_prefab","_lrot","_euler","_lpos","_components","_children","_lscale"],2,1,4,5,5,5,9,12,5],["cc.Material",["_name","_states","_defines","_props"],0,12],["cc.Prefab",["_name"],2],["cc.Node",["_name","_parent","_children","_prefab","_lpos","_lrot","_euler"],2,1,9,4,5,5,5],["a8551HLRYlA2ajDiowZE3qA",["node","__prefab","rigidBodyCom","colliderCom"],3,1,4,1,1],["cc.CompPrefabInfo",["fileId"],2],["cc.PrefabInfo",["fileId","instance","targetOverrides","nestedPrefabInstanceRoots","root","asset"],-1,1,1],["b5c0duurqVK/5KonAmAxa+H",["node","__prefab","aniComPlayer","ndSocketHead","ndSocketLeftFinger","ndSocketRightFinger","ndSocketLeftFoot","ndSocketRightFoot"],3,1,4,1,1,1,1,1,1],["cc.SkinnedMeshRenderer",["_shadowCastingMode","node","__prefab","_materials","bakeSettings","_skinningRoot","_mesh","_skeleton"],2,1,4,3,4,1,6,6],["cc.ModelBakeSettings",[],3],["cc.MeshRenderer",["_name","node","__prefab","_materials","bakeSettings","_mesh"],2,1,4,3,4,6],["cc.SkeletalAnimation",["node","__prefab","_clips","_sockets"],3,1,4,3,9],["cc.SkeletalAnimation.Socket",["path","target"],2,1],["cc.RigidBody",["_enabled","_group","_type","node","__prefab"],0,1,4],["cc.BoxCollider",["_enabled","node","__prefab","_center","_size"],2,1,4,5,5]],[[7,0,1,2,3,4,5,5],[0,0,2,3,1,4,6,5,2],[4,0,1,2,3,4,5,6,2],[6,0,2],[0,0,2,1,4,6,8,5,2],[13,0,1,2],[0,0,3,1,4,6,5,2],[0,0,2,1,4,6,5,2],[0,0,2,1,4,5,2],[0,0,2,1,4,2],[10,1],[2,0,1,2,3,4],[3,0,2],[0,0,3,7,1,2],[0,0,2,3,7,1,2],[0,0,2,3,1,2],[0,0,2,3,1,6,5,2],[1,0,1,7,2,5,3,4,2],[1,0,1,6,2,3,4,2],[1,0,1,6,2,5,3,8,4,2],[5,0,1,2,3,1],[8,0,1,2,3,4,5,6,7,1],[9,0,1,2,3,4,5,6,7,2],[11,0,1,2,3,4,5,2],[12,0,1,2,3,1],[14,0,1,2,3,4,4],[15,0,1,2,3,4,2]],[[[[11,"manEnemy",[{"rasterizerState":{},"depthStencilState":{},"blendState":{"targets":[{}]}},{"rasterizerState":{},"depthStencilState":{},"blendState":{"targets":[{}]}},{"rasterizerState":{},"depthStencilState":{},"blendState":{"targets":[{}]}},{"rasterizerState":{},"depthStencilState":{},"blendState":{"targets":[{}]}},{"rasterizerState":{},"depthStencilState":{},"blendState":{"targets":[{}]}}],[{},{},{},{},{}],[[[{"roughness":0.9,"metallic":0.1},"mainColor",8,[4,4278386949]],{},{},{},{}],11,0,0,0,0]]],0,0,[0],[3],[3]],[[[12,"peopleEnemy"],[13,"peopleEnemy",[-7],[[-2,[20,-5,[3,"d1PJ43MYpFM5gLe+g3drfA"],-4,-3],-6],1,4,1],[0,"1et0yXLFJFNJ4MRMxe3bF1",null,null,null,-1,0]],[14,"body",1,[-16,-17,-18,-19,-20,-21],[[-8,[21,-15,[3,"071NefSu9MFbNy3mKDFenN"],-14,-13,-12,-11,-10,-9]],1,4],[0,"205SitSoRIXoUQq5F1JDjR",null,null,null,1,0]],[6,"Bip001 Spine",[-22,-23,-24],[0,"f6iX1JQdxAp6jq2zCjGwge",null,null,null,1,0],[1,0.128864362835884,-0.0000965264262049459,-0.00000151875235587795],[3,0.008733645083303801,-0.00015628484837643092,0.07014568151476114,0.9974985124717906],[1,1.0095400277996882,-0.08894125391218519,8.044241004259279]],[6,"Bip001 Neck",[-25,-26,-27],[0,"18maMqfSJDmJf/VcIydGlg",null,null,null,1,0],[1,0.212578877806664,0.00962642673403025,2.71201123780429e-8],[3,-1.8475486040987631e-9,-3.858544725525512e-7,0.13917304918278733,0.9902680760183157],[1,0.0000061835145933861395,-0.00004551923387138154,15.999994008450503]],[1,"Bip001 HeadNub Socket",2,[-28],[0,"781ZHYZqFAW532aelVzC80",null,null,null,1,0],[1,0.0032117649947660293,1.5997817658064433,0.40186208180469696],[3,0.6382249427061343,0.30441633675416707,0.6382234442574328,0.3044182182871203],[1,179.99969828175617,-89.99972156644235,50.99999310345663]],[15,"RootNode",2,[-29,-30],[0,"661oH9Xp1FMq6UjxXFjYNW",null,null,null,1,0]],[17,"Bip001",6,[[[7,"Bip001 Footsteps",-31,[0,"e31iZ5o19D75fMoem2gw9t",null,null,null,1,0],[1,0,0,-0.555011093616486],[3,5.336032718956553e-34,-5.336045116748745e-34,0.7071059467210143,0.7071076156510959],[1,0,8.647400971870837e-32,90]],-32],4,1],[0,"97KxEb4VJMUoerDmwE+Ldg",null,null,null,1,0],[1,0,0.555011749267578,2.65892765582976e-8],[3,-0.5000005960460927,-0.49999940395319675,-0.49999940395319675,0.5000005960460927],[1,-90,-89.99986339621655,0]],[6,"Bip001 R Hand",[-33,-34],[0,"22hGw8jllJfIj+ybwV/uPt",null,null,null,1,0],[1,0.157784879207611,0,0],[3,0.7713712640366001,1.1494327545711382e-8,9.48288137629758e-9,0.6363853966100872],[1,100.95437471278932,-1.0426670758753628e-21,0.000001707547292503187]],[6,"Bip001 L Hand",[-35,-36],[0,"52DqPZsIRC/bRpFCONWIZB",null,null,null,1,0],[1,0.157784879207611,1.90734859017994e-8,0],[3,-0.7713712640366001,-9.48288137629758e-9,-1.1494327545711382e-8,0.6363853966100872],[1,-100.95437471278932,-0.000001707547292503187,1.0426670758753622e-21]],[7,"Bip001 L Finger0Nub Socket",2,[0,"36xacqdmtFXY1M3NSeLYny",null,null,null,1,0],[1,0.41145445194234276,0.7279267591968973,0.2318161086225521],[3,0.7594861130151507,-0.2361705811918846,0.5899663828972872,0.13908259333114545],[1,150.03442802993456,-78.69242450524747,-11.223019172004669]],[4,"Bip001 R Finger0Nub Socket",2,[0,"8aEJfoY5RD/414El5Gf1zd",null,null,null,1,0],[1,-0.4051735909378546,0.7142683700401391,0.2562354834903475],[3,0.7594849789483021,0.23616967308569117,-0.589968440309727,0.13908160088596566],[1,-1.0000000000000009,1.0000000000000009,1.0000000000000002],[1,150.0345664631924,78.69266567469023,11.222942281467999]],[4,"Bip001 L Toe0Nub Socket",2,[0,"97Wrvd6aRM04orylNi6qoL",null,null,null,1,0],[1,0.1472255493592071,5.669322943097399e-7,0.11068986417364413],[3,8.692152095790138e-7,0.7071077514416388,-2.4348467672828082e-8,0.7071058109295902],[1,-1.0000000000000004,1.0000000000000004,1.0000000000000004],[1,0.00007240400228873301,90.00015723667607,0.00006845835751374776]],[7,"Bip001 R Toe0Nub Socket",2,[0,"b3KHNckKBLr6JbpFZRZGMF",null,null,null,1,0],[1,-0.14722653702355792,5.836942713589525e-7,0.11069158365778614],[3,1.365393487809989e-9,-0.7071058093294197,-9.218054915490305e-7,0.7071077530417388],[1,-0.00007458174863363331,-89.99984250401636,-0.00007480322544117793]],[16,"Bip001 Pelvis",7,[3],[0,"44GgR2e8tEZaFlFr95yEHQ",null,null,null,1,0],[3,-0.4999999925491744,-0.4999999925491744,-0.4999993070957696,0.5000007078049007],[1,-89.9999197452773,-89.9999197452773,-0.0000017074910412130916]],[1,"Bip001 Spine1",3,[-37],[0,"72Ch3ZvTtFO5OOjrKZXmmu",null,null,null,1,0],[1,0.122477792203426,-0.000117311472422443,-0.00000204287471206044],[3,0.008703324746909994,-0.0007680083334878284,-0.0000053486645510679125,0.9999618304080119],[1,0.9973393780893769,-0.08799861332914427,-0.0013788442858920892]],[1,"Bip001 Spine2",15,[4],[0,"555b6qNtNB9aBDb2ppZkqh",null,null,null,1,0],[1,0.147379070520401,-0.000119180673209485,-0.00000209562472264224],[3,0.00873570513540258,-0.00015921679675165521,0.06974851314783115,0.9975263440227861],[1,1.009709180771276,-0.08888544994828718,7.998615783602494]],[2,"Bip001 Head",4,[[8,"Bip001 HeadNub",-38,[0,"e99+6umz5DxZTzWVonTdGI",null,null,null,1,0],[1,0.453705817461014,7.62939436071974e-8,-2.98023217215615e-10],[1,6.513775017009068e-12,1.3027550325206567e-11,0.0000017075470889476864]]],[0,"14k/khUnNO64eLY79/Ms4f",null,null,null,1,0],[1,0.0858618170022964,-0.040811650454998,-5.57303430070988e-8],[3,-0.022681111519388758,0.013018433033043304,0.06062454743509593,0.9978179953427876],[1,-2.7045015311085674,1.6584073042696874,6.91484103614892]],[1,"Bip001 R Clavicle",4,[-39],[0,"59/uz6sglPWIGrwALYokuK",null,null,null,1,0],[1,-0.0536658465862274,0.0066114803776145,-0.0620000809431076],[3,-0.640553942689399,0.05653833522220025,0.7539117831406024,0.13457743643391898],[1,-164.9370563722865,98.30217067270029,7.497753750255295]],[1,"Bip001 R UpperArm",18,[-40],[0,"a8UCulT2VHvKPv/9GZtBAk",null,null,null,1,0],[1,0.11127582192421,1.90734859017994e-8,-7.62939436071974e-8],[3,0.13574615410572163,-0.4198994726142828,0.015854899178534967,0.8972212863701972],[1,14.942460713184307,-49.515203018867766,-4.907582077143972]],[1,"Bip001 R Forearm",19,[8],[0,"42Qe0vxVZFo7vx8vrrbB3n",null,null,null,1,0],[1,0.272181123495102,4.76837147544984e-9,-1.42108543975646e-16],[3,-4.008138446956855e-18,5.20384259487526e-17,-0.2802529070033214,0.959926199307107],[1,1.4595763557884324e-15,6.638234147622797e-15,-32.55059912666805]],[2,"Bip001 R Finger0",8,[[4,"Bip001 R Finger0Nub",-41,[0,"deCvY7SYlFM6QENgjYtGMO",null,null,null,1,0],[1,0.0363800786435604,0,5.32907039908674e-17],[3,-3.72529029846191e-9,2.60208521396521e-17,1,-6.12323426292584e-17],[1,-1,-1,-1],[1,-180,179.99999957311317,-7.016709615818961e-15]]],[0,"adWPUyr5dGgYEDybw/Fxug",null,null,null,1,0],[1,0.0494820587337017,-0.00755889853462577,0.0630084201693535],[3,-0.29610421652564844,-0.389288924183099,-0.09212143532204647,0.867346567191168],[1,-35.93334851343224,-47.02782539721863,4.056362939348276]],[2,"Bip001 R Finger1",8,[[4,"Bip001 R Finger1Nub",-42,[0,"43w9JYZ1pBMI/JL/FHIXop",null,null,null,1,0],[1,0.0418459698557854,-3.81469718035987e-8,3.81469718035987e-8],[3,2.77555756156289e-17,-7.45058059692383e-9,1,-6.12323426292584e-17],[1,-1,-1,-1],[1,179.99999914622634,-180,-7.016709628407981e-15]]],[0,"d5C08b9MREIoYMkpJPnNCi",null,null,null,1,0],[1,0.118127800524235,7.10542719878232e-17,7.10542719878232e-17],[3,0.00039815162689992023,-2.7763860110870045e-17,-2.0805628515385606e-17,0.9999999207376378],[1,0.04562481686070929,-3.180554509549813e-15,-2.385415940123387e-15]],[1,"Bip001 L Clavicle",4,[-43],[0,"3an8OgDQZGw6CRI5Ec2yXg",null,null,null,1,0],[1,-0.0536658465862274,0.00661109900102019,0.0620001219213009],[3,0.668978050143793,-0.09429130910317578,0.7300611894745015,0.10289886819831574],[1,164.01230341310946,-94.80614355719264,1.3802345788509272]],[1,"Bip001 L UpperArm",23,[-44],[0,"7eyofpn2lNsrg3HOyMxHO5",null,null,null,1,0],[1,0.111275859177113,0,-7.62939436071974e-8],[3,-0.08352427966076119,0.4608852585394014,-0.05864162768673169,0.8815722503972495],[1,-5.437838098324208,54.706190609433534,-10.392120627878956]],[1,"Bip001 L Forearm",24,[9],[0,"d318OmtDtORK/jZ7emiJDs",null,null,null,1,0],[1,0.272181123495102,-9.53674295089968e-9,-1.42108543975646e-16],[3,6.919090351022439e-19,3.15782919270944e-17,-0.2802529070033214,0.959926199307107],[1,1.2934071447407118e-15,4.14728425834733e-15,-32.55059912666805]],[2,"Bip001 L Finger0",9,[[8,"Bip001 L Finger0Nub",-45,[0,"ebKR71+UhHY6Nwc9TFowpb",null,null,null,1,0],[1,0.0363800898194313,1.42108543975646e-16,-3.81469718035987e-8],[1,-0.0000017075472893226383,-4.268868104035778e-7,8.537736526127034e-7]]],[0,"e2/x5F+clOWaML6jENOuoG",null,null,null,1,0],[1,0.0494821146130562,-0.00755893671885133,-0.0630084574222565],[3,0.29610421792862834,0.38928889622527857,-0.09212151026433456,0.8673465713007679],[1,35.93335220083386,47.02782470236962,4.056354540315111]],[2,"Bip001 L Finger1",9,[[9,"Bip001 L Finger1Nub",-46,[0,"97d+EL+uxMW5Cy6xF61m1q",null,null,null,1,0],[1,0.0418460257351398,7.62939436071974e-8,-3.81469718035987e-8]]],[0,"dbRZK/Lp9CUJQo8XrEy6dp",null,null,null,1,0],[1,0.118127822875977,3.81469718035987e-8,3.81469718035987e-8],[3,-0.0003981590774791896,-1.4895223428261696e-8,-1.4907088603537118e-8,0.999999920734671],[1,-0.045625670634296525,-0.0000017075468852889675,-0.0000017075467836771473]],[1,"Bip001 L Thigh",3,[-47],[0,"fewEWJCHFGwLsCdJ4OCBZl",null,null,null,1,0],[1,-0.127423480153084,0.0199340488761663,0.103567786514759],[3,0.26810976769390965,0.9622102942283536,-0.019235284931920407,-0.04357184827031071],[1,0.914296916126987,-175.0695372904239,31.173557136157207]],[1,"Bip001 L Calf",28,[-48],[0,"de3Ead1URLSqvGZds91KCj",null,null,null,1,0],[1,0.264848709106445,-1.90734859017994e-8,9.53674295089968e-9],[3,-1.3354301751249077e-18,1.3545277077419948e-17,-0.42293566963148843,0.9061597096281454],[1,8.06228903130876e-16,2.089209395043312e-15,-50.0401356324986]],[1,"Bip001 L Foot",29,[-49],[0,"c0hngaJulHwYsOWKXL1w+K",null,null,null,1,0],[1,0.254705280065536,1.43051144263495e-8,1.77635679969558e-17],[3,0.006236056622193572,-0.04598385339073205,0.23312341512647589,0.9713393177180223],[1,2.1561485222884262,-5.936348218404575,26.892011286362813]],[2,"Bip001 L Toe0",30,[[4,"Bip001 L Toe0Nub",-50,[0,"925glNKA9ANosTzCxKQXoR",null,null,null,1,0],[1,0.0112636275589466,0,1.77635679969558e-17],[3,-1.08024449574275e-13,3.55271410231697e-15,1,7.16665936935802e-15],[1,-1,-1,-1],[1,-179.9999999999996,179.99999999998764,8.212386701441615e-13]]],[0,"fckgwccvZJJZGcks58hJjt",null,null,null,1,0],[1,0.0863545760512352,0.111134469509125,-9.53674295089968e-9],[3,1.109856190404638e-7,7.010414271384816e-7,0.7071071388141535,0.7071064235584044],[1,0,0.000017985998559211455,90]],[1,"Bip001 R Thigh",3,[-51],[0,"6cBB7UgzNPbZoAGF3vSIEk",null,null,null,1,0],[1,-0.127742007374763,0.0163245666772127,-0.103803545236588],[3,0.26734041861100966,0.9624650367995958,0.002074918685901985,0.0467530558112469],[1,1.4038783767771938,174.04878744327527,30.984463860772802]],[1,"Bip001 R Calf",32,[-52],[0,"65rD26h6VGHqUZDhQ4TkqX",null,null,null,1,0],[1,0.264848709106445,0,0],[3,-3.3272939711243874e-18,1.0743635038274849e-18,-0.42293424372511035,0.906160375145961],[1,-4.568788877045785e-16,-7.737784602378704e-17,-50.039955314643855]],[1,"Bip001 R Foot",33,[-53],[0,"18lvDWwwBHtooIsxWHw2Ty",null,null,null,1,0],[1,0.254705280065536,4.76837147544984e-9,0],[3,-0.006235228501621293,0.045982626189771295,0.23312150375040272,0.9713398398621234],[1,-2.1559932865251312,5.9361594126716835,26.89179425585347]],[2,"Bip001 R Toe0",34,[[9,"Bip001 R Toe0Nub",-54,[0,"42I0rKEDNHsLgisY/Zrby2",null,null,null,1,0],[1,0.0112636275589466,3.63797872577655e-14,1.77635679969558e-17]]],[0,"735l/BtWtMB47EzMs1Egvn",null,null,null,1,0],[1,0.0863545760512352,0.111134462058544,-9.53674295089968e-9],[3,1.109856190404638e-7,7.010414271384816e-7,0.7071071388141535,0.7071064235584044],[1,0,0.000017985998559211455,90]],[18,"man01",6,[[22,1,-55,[3,"e2awhUPpJDPaaeNv0lK/4+"],[0],[10],2,1,2]],[0,"57VBwr4/VN47l4996Ppeiu",null,null,null,1,0],[3,-0.7071067811865447,-6.18172403853676e-8,6.18172403853676e-8,0.7071067811865447],[1,-89.99999999999999,0,0.000010017912624975451]],[19,"snowman",5,[[23,"Capsule<ModelComponent>",-56,[3,"c1mnxBIVRPb5j9jD7pPWA+"],[3,4,5,6,7,8],[10],9]],[0,"32pMjU1b9Lma1m5tAbPEkC",null,null,null,1,0],[1,-0.884,0.026,0],[3,0.5,0.4999999999999999,0.5,0.5000000000000001],[1,74,67,96],[1,90,0,90]],[24,2,[3,"abcIVuTCNO7oeBuQO6j4WM"],[10,11,12,13,14,15,16,17,18,19,20,21,22,23,24,25,26],[[5,"RootNode/Bip001/Bip001 Pelvis/Bip001 Spine/Bip001 Spine1/Bip001 Spine2/Bip001 Neck/Bip001 Head/Bip001 HeadNub",5],[5,"RootNode/Bip001/Bip001 Pelvis/Bip001 Spine/Bip001 Spine1/Bip001 Spine2/Bip001 Neck/Bip001 L Clavicle/Bip001 L UpperArm/Bip001 L Forearm/Bip001 L Hand/Bip001 L Finger0/Bip001 L Finger0Nub",10],[5,"RootNode/Bip001/Bip001 Pelvis/Bip001 Spine/Bip001 Spine1/Bip001 Spine2/Bip001 Neck/Bip001 R Clavicle/Bip001 R UpperArm/Bip001 R Forearm/Bip001 R Hand/Bip001 R Finger0/Bip001 R Finger0Nub",11],[5,"RootNode/Bip001/Bip001 Pelvis/Bip001 Spine/Bip001 L Thigh/Bip001 L Calf/Bip001 L Foot/Bip001 L Toe0/Bip001 L Toe0Nub",12],[5,"RootNode/Bip001/Bip001 Pelvis/Bip001 Spine/Bip001 R Thigh/Bip001 R Calf/Bip001 R Foot/Bip001 R Toe0/Bip001 R Toe0Nub",13]]],[25,false,4,2,1,[3,"2aUVgXdVlGRKiSYpWVLkGn"]],[26,false,1,[3,"daTOxvuV9Ayps7G/xxqwYF"],[1,0,0.85,0],[1,0.7,1.7,0.7]]],0,[0,4,1,0,-1,39,0,5,40,0,6,39,0,1,1,0,-3,40,0,-1,2,0,-1,38,0,7,13,0,8,12,0,9,11,0,10,10,0,11,5,0,12,38,0,1,2,0,-1,6,0,-2,5,0,-3,10,0,-4,11,0,-5,12,0,-6,13,0,-1,15,0,-2,28,0,-3,32,0,-1,17,0,-2,18,0,-3,23,0,-1,37,0,-1,7,0,-2,36,0,0,7,0,-2,14,0,-1,21,0,-2,22,0,-1,26,0,-2,27,0,-1,16,0,0,17,0,-1,19,0,-1,20,0,0,21,0,0,22,0,-1,24,0,-1,25,0,0,26,0,0,27,0,-1,29,0,-1,30,0,-1,31,0,0,31,0,-1,33,0,-1,34,0,-1,35,0,0,35,0,1,36,0,1,37,0,13,1,3,0,14,4,0,16,8,0,20,9,0,25,56],[0,0,0,0,0,0,0,0,0,0,0,0,0,0,0,0,0,0,0,0,0,0,0,0,0,0,0,38,40],[-1,2,14,-1,-2,-3,-4,-5,-6,2,-1,-2,-3,-4,-5,-6,-7,-8,-9,-10,-11,-12,-13,-14,-15,-16,-17,15,16],[1,4,5,1,6,0,0,7,0,8,2,9,10,11,12,13,14,15,16,17,18,19,20,21,22,23,24,2,25]]]]
