[1,["d53SRCOxJNFr7ApRQ3l7bk@e1752","724O32SH9KsrssYNT7R6R2","f6RAb5mxpH/bBlL7jvQYcV@c5295","69bHHAhtZCipkGcR9GyWKF@6c48a","1brw/JvvpFnIvdrxpFCgMZ"],["root","node","data","asset","_mesh","mainTexture","_effectAsset"],[["cc.Node",["_name","_objFlags","__editorExtras__","_active","_prefab","_parent","_children","_lrot","_euler","_lpos","_components","_lscale"],-1,4,1,2,5,5,5,9,5],["cc.Prefab",["_name"],2],["cc.PrefabInfo",["fileId","instance","targetOverrides","root","asset","nestedPrefabInstanceRoots"],0,1,1,2],["cc.PrefabInfo",["fileId","instance","targetOverrides","nestedPrefabInstanceRoots","root","asset"],-1,1,1],["cc.PrefabInfo",["fileId","targetOverrides","nestedPrefabInstanceRoots","root","instance","asset"],0,1,4,6],["cc.TargetInfo",["localID"],2],["cc.PrefabInstance",["fileId","prefabRootNode","propertyOverrides"],2,1,9],["CCPropertyOverrideInfo",["value","propertyPath","targetInfo"],1,1],["CCPropertyOverrideInfo",["propertyPath","targetInfo","value"],2,1,8],["cc.MeshRenderer",["_shadowCastingMode","node","__prefab","_materials","bakeSettings","_mesh"],2,1,4,3,4,6],["cc.CompPrefabInfo",["fileId"],2],["cc.ModelBakeSettings",[],3],["cc.Material",["_name","_states","_defines","_props"],0,12],["cc.Mesh",["_native","_hash","_struct"],1,11]],[[8,0,1,2,2],[3,0,1,2,3,4,5,5],[1,0,2],[0,0,6,4,9,7,8,2],[0,0,5,6,4,2],[0,1,2,5,4,3],[0,0,3,5,10,4,7,11,8,3],[2,0,1,2,3,4,5,4],[4,0,1,2,3,4,5,4],[5,0,2],[6,0,1,2,2],[7,0,1,2,3],[9,0,1,2,3,4,5,2],[10,0,2],[11,1],[12,0,1,2,3,4],[13,0,1,2,3]],[[[[2,"sharkHat"],[3,"sharkHat",[-3],[7,"f99LEpUZBDfoIsxDSQpUF5",null,null,-2,0,[-1]],[1,-0.244,0.041,0],[3,0.5754586970187372,0.410910316280204,0.5754586970187372,-0.41091031628020386],[1,71.058,90,180]],[9,["c7uLxNmYpVHp/5NHQxYG9R"]],[4,"RootNode",1,[-4,-5],[1,"f3HkDlCGpEPbfQW7gYyY6h",null,null,null,1,0]],[5,0,{},3,[8,"c7uLxNmYpVHp/5NHQxYG9R",null,null,-6,[10,"9fO6CZcVNEgJCr+8UreU2N",1,[[11,"3",["_name"],2],[0,["_lpos"],2,[1,6.162975822039155e-33,0.023999999999999966,-6.938893903907228e-18]],[0,["_lrot"],2,[3,1.1564823173178724e-17,1.79753461476142e-32,1.0271626370065257e-32,1]],[0,["_euler"],2,[1,1.3252311172764664e-15,2.059822939090074e-30,1.1770416794800422e-30]],[0,["_lscale"],2,[1,0.3,0.30000000000000004,0.30000000000000004]]]],0]],[6,"sharkHat",false,3,[[12,1,-7,[13,"53ID4FudVYk6AK/t6IDIPv"],[1],[14],2]],[1,"21SC23SIpDJIKH5yfwN40H",null,null,null,1,0],[3,-0.7071067811865476,0,0,0.7071067811865476],[1,98.0050735473633,98.0050735473633,98.0050735473633],[1,-90.00000000000003,0,0]]],0,[0,-1,4,0,0,1,0,-1,3,0,-1,4,0,-2,5,0,0,4,0,1,5,0,2,1,7],[0,0,0],[3,-1,4],[0,1,2]],[[[15,"sharkHat",[{"rasterizerState":{},"depthStencilState":{},"blendState":{"targets":[{}]}},{},{}],[{"USE_ALBEDO_MAP":true},{},{}],[[[{"roughness":0.4,"metallic":0},"albedoScale",8,[1,0.588235318660736,0.588235318660736,0.588235318660736],"mainTexture",6,0],{},{}],11,0,0]]],0,0,[0,0],[5,6],[3,4]],[[[16,".bin",1159700977,[{"primitives":[{"primitiveMode":7,"vertexBundelIndices":[0],"indexView":{"offset":29280,"length":5856,"count":2928,"stride":2}}],"vertexBundles":[{"view":{"offset":0,"length":29280,"count":610,"stride":48},"attributes":[{"name":"a_position","format":32,"isNormalized":false},{"name":"a_normal","format":32,"isNormalized":false},{"name":"a_texCoord","format":21,"isNormalized":false},{"name":"a_tangent","format":44,"isNormalized":false}]}]},"minPosition",8,[1,-0.002509737852960825,-0.002286971313878894,-0.00009604957449482754],"maxPosition",8,[1,0.002509737852960825,0.0059564076364040375,0.006690689828246832]]],-1],0,0,[],[],[]]]]
