[1,["1brw/JvvpFnIvdrxpFCgMZ","27xeBjWxRHpbKH9kKqjZOq","92XsU9HYdDkanS7+uKDQI3@31455","d53SRCOxJNFr7ApRQ3l7bk@e1752","2ccjMLWIpBk4sU7oDXbu/0"],["node","root","_effectAsset","data","_mesh","asset","_material"],[["cc.Node",["_name","_objFlags","__editorExtras__","_active","_prefab","_components","_parent","_children","_lpos","_lrot","_euler"],-1,4,9,1,2,5,5,5],["cc.Material",["_name","_states","_defines","_props"],0,12],["cc.Prefab",["_name"],2],["cc.BoxCollider",["_isTrigger","node","__prefab","_center","_size","_material"],2,1,4,5,5,6],["cc.CompPrefabInfo",["fileId"],2],["cc.RigidBody",["_group","_type","node","__prefab"],1,1,4],["52708yzRJRNKKmsD4pqaco/",["colliderName","node","__prefab"],2,1,4],["cc.PrefabInfo",["fileId","instance","targetOverrides","root","asset","nestedPrefabInstanceRoots"],0,1,1,2],["cc.PrefabInfo",["fileId","targetOverrides","nestedPrefabInstanceRoots","root","instance","asset"],0,1,4,6],["cc.PrefabInfo",["fileId","instance","targetOverrides","nestedPrefabInstanceRoots","root","asset"],-1,1,1],["cc.TargetInfo",["localID"],2],["cc.PrefabInstance",["fileId","prefabRootNode","propertyOverrides"],2,1,9],["CCPropertyOverrideInfo",["value","propertyPath","targetInfo"],1,1],["CCPropertyOverrideInfo",["propertyPath","targetInfo","value"],2,1,8],["cc.MeshRenderer",["_shadowCastingMode","node","__prefab","_materials","bakeSettings","_mesh"],2,1,4,3,4,6],["cc.ModelBakeSettings",[],3]],[[4,0,2],[13,0,1,2,2],[1,0,1,2,3,4],[2,0,2],[0,0,7,5,4,8,2],[0,1,2,6,4,3],[0,0,3,6,5,4,9,10,3],[3,0,1,2,3,4,5,2],[5,0,1,2,3,3],[6,0,1,2,2],[7,0,1,2,3,4,5,4],[8,0,1,2,3,4,5,4],[9,0,1,2,3,4,5,5],[10,0,2],[11,0,1,2,2],[12,0,1,2,3],[14,0,1,2,3,4,5,2],[15,1]],[[[[2,"manRed01",[{"rasterizerState":{},"depthStencilState":{},"blendState":{"targets":[{}]}},{},{}],[{"USE_INSTANCING":true},{},{}],[[[{"roughness":0.85,"metallic":0.1},"mainColor",8,[4,4282729981],"albedoScale",8,[1,0.588235318660736,0.588235318660736,0.588235318660736]],{},{}],11,0,0]]],0,0,[0],[2],[0]],[[[3,"peopleRed"],[4,"peopleRed",[-6,-7],[[7,true,-3,[0,"daTOxvuV9Ayps7G/xxqwYF"],[1,0,0.75,0],[1,0.356,0.795,0.3],3],[8,4,2,-4,[0,"3eM+fw0cxLSKJFPi7dROd1"]],[9,15,-5,[0,"f3kdPNE9RFk5urfgXbvznF"]]],[10,"36vmbQkQlAxoMOv2+g9kXw",null,null,-2,0,[-1]],[1,0,1,0]],[13,["c7uLxNmYpVHp/5NHQxYG9R"]],[5,0,{},1,[11,"c7uLxNmYpVHp/5NHQxYG9R",null,null,-8,[14,"02QNi6HRlBmZCgDo+v9Uku",1,[[15,"3",["_name"],2],[1,["_lpos"],2,[1,-0.004,0.524,0.015]],[1,["_lrot"],2,[3,0.10114075904074217,-0.12176908753075816,0.012474074798697528,0.9873131385940864]],[1,["_euler"],2,[1,11.698,-14.062,0]],[1,["_lscale"],2,[1,0.4,0.4,0.4]]]],2]],[6,"people",false,1,[[16,1,-9,[0,"e8aVHfIOlYR4BpBdpQ8h7T"],[0],[17],1]],[12,"7evmNsIDVBnIK3rVedXEu5",null,null,null,1,0],[3,-0.7071067811865449,-6.181724038536757e-8,6.181724038536757e-8,0.7071067811865449],[1,-90.00000000000003,0,0.00001001791262497545]]],0,[0,-1,3,0,1,1,0,0,1,0,0,1,0,0,1,0,-1,4,0,-2,3,0,1,3,0,0,4,0,3,1,9],[0,0,0,0],[-1,4,5,6],[1,2,3,4]]]]
