[1,["1913de233@6c48a"],["_textureSource"],["cc.SpriteFrame"],0,[[[{"name":"fightIconStar","rect":{"x":260,"y":888,"width":62,"height":59},"offset":{"x":0,"y":0},"originalSize":{"width":62,"height":59},"rotated":true,"capInsets":[0,0,0,0],"packable":true,"pixelsToUnit":100,"pivot":{"x":0.5,"y":0.5},"meshType":0}],[0],0,[0],[0],[0]],[[{"name":"fightBox01","rect":{"x":239,"y":305,"width":440,"height":39},"offset":{"x":0,"y":0},"originalSize":{"width":440,"height":39},"rotated":true,"capInsets":[0,0,0,0],"packable":true,"pixelsToUnit":100,"pivot":{"x":0.5,"y":0.5},"meshType":0}],[0],0,[0],[0],[0]],[[{"name":"fightIconKeyLose","rect":{"x":124,"y":888,"width":62,"height":69},"offset":{"x":0,"y":0},"originalSize":{"width":62,"height":69},"rotated":false,"capInsets":[0,0,0,0],"packable":true,"pixelsToUnit":100,"pivot":{"x":0.5,"y":0.5},"meshType":0}],[0],0,[0],[0],[0]],[[{"name":"fightEnergy02","rect":{"x":131,"y":305,"width":491,"height":48},"offset":{"x":0,"y":0},"originalSize":{"width":491,"height":48},"rotated":true,"capInsets":[0,0,0,0],"packable":true,"pixelsToUnit":100,"pivot":{"x":0.5,"y":0.5},"meshType":0}],[0],0,[0],[0],[0]],[[{"name":"fightEnergy01","rect":{"x":3,"y":305,"width":501,"height":58},"offset":{"x":0,"y":0},"originalSize":{"width":501,"height":58},"rotated":true,"capInsets":[0,0,0,0],"packable":true,"pixelsToUnit":100,"pivot":{"x":0.5,"y":0.5},"meshType":0}],[0],0,[0],[0],[0]],[[{"name":"fightIconTime","rect":{"x":53,"y":888,"width":69,"height":65},"offset":{"x":0,"y":0},"originalSize":{"width":69,"height":65},"rotated":true,"capInsets":[0,0,0,0],"packable":true,"pixelsToUnit":100,"pivot":{"x":0.5,"y":0.5},"meshType":0}],[0],0,[0],[0],[0]],[[{"name":"fightEnergy03","rect":{"x":185,"y":305,"width":491,"height":48},"offset":{"x":0,"y":0},"originalSize":{"width":491,"height":48},"rotated":true,"capInsets":[0,0,0,0],"packable":true,"pixelsToUnit":100,"pivot":{"x":0.5,"y":0.5},"meshType":0}],[0],0,[0],[0],[0]],[[{"name":"fightIconDiamond","rect":{"x":138,"y":963,"width":58,"height":71},"offset":{"x":0,"y":0},"originalSize":{"width":58,"height":71},"rotated":true,"capInsets":[0,0,0,0],"packable":true,"pixelsToUnit":100,"pivot":{"x":0.5,"y":0.5},"meshType":0}],[0],0,[0],[0],[0]],[[{"name":"fightIconCharacter","rect":{"x":53,"y":963,"width":56,"height":79},"offset":{"x":0,"y":0},"originalSize":{"width":56,"height":79},"rotated":true,"capInsets":[0,0,0,0],"packable":true,"pixelsToUnit":100,"pivot":{"x":0.5,"y":0.5},"meshType":0}],[0],0,[0],[0],[0]],[[{"name":"fightBoxNum","rect":{"x":3,"y":888,"width":105,"height":44},"offset":{"x":0,"y":0},"originalSize":{"width":105,"height":44},"rotated":true,"capInsets":[20,0,20,0],"packable":true,"pixelsToUnit":100,"pivot":{"x":0.5,"y":0.5},"meshType":0}],[0],0,[0],[0],[0]],[[{"name":"fightLight","rect":{"x":3,"y":3,"width":296,"height":302},"offset":{"x":0,"y":0},"originalSize":{"width":296,"height":302},"rotated":true,"capInsets":[0,0,0,0],"packable":true,"pixelsToUnit":100,"pivot":{"x":0.5,"y":0.5},"meshType":0}],[0],0,[0],[0],[0]],[[{"name":"fightEnergy04","rect":{"x":67,"y":305,"width":501,"height":58},"offset":{"x":0,"y":0},"originalSize":{"width":501,"height":58},"rotated":true,"capInsets":[0,0,0,0],"packable":true,"pixelsToUnit":100,"pivot":{"x":0.5,"y":0.5},"meshType":0}],[0],0,[0],[0],[0]],[[{"name":"fightBox02","rect":{"x":284,"y":305,"width":430,"height":29},"offset":{"x":0,"y":0},"originalSize":{"width":430,"height":29},"rotated":true,"capInsets":[15,0,15,0],"packable":true,"pixelsToUnit":100,"pivot":{"x":0.5,"y":0.5},"meshType":0}],[0],0,[0],[0],[0]],[[{"name":"fightIconKey","rect":{"x":192,"y":888,"width":62,"height":69},"offset":{"x":0,"y":0},"originalSize":{"width":62,"height":69},"rotated":false,"capInsets":[0,0,0,0],"packable":true,"pixelsToUnit":100,"pivot":{"x":0.5,"y":0.5},"meshType":0}],[0],0,[0],[0],[0]],[[{"name":"arrow01","rect":{"x":3,"y":812,"width":303,"height":70},"offset":{"x":-0.5,"y":0},"originalSize":{"width":304,"height":70},"rotated":false,"capInsets":[0,0,0,0],"packable":true,"pixelsToUnit":100,"pivot":{"x":0.5,"y":0.5},"meshType":0}],[0],0,[0],[0],[0]],[[{"name":"fightImgLine","rect":{"x":311,"y":3,"width":7,"height":99},"offset":{"x":0,"y":0},"originalSize":{"width":7,"height":99},"rotated":false,"capInsets":[0,0,0,0],"packable":true,"pixelsToUnit":100,"pivot":{"x":0.5,"y":0.5},"meshType":0}],[0],0,[0],[0],[0]]]]
