[1,["a3boHF7NZNjbC2a4unRfKm","dcPRreH6xLJaku8VSviyd7","12Y9dMgWdJKJGmTiZyQR9H@2e76e","644IWZD4pNEKKEv6xRYJye@6c48a","a3zQCfCrBCDZJ4uf2rk5u8"],["node","root","data","_mesh","_defaultClip","mainTexture","_effectAsset"],[["cc.Prefab",["_name"],2],["cc.Node",["_name","_components","_prefab","_lrot","_lscale","_euler"],2,9,4,5,5,5],["cc.MeshRenderer",["_name","node","__prefab","_materials","bakeSettings","_mesh"],2,1,4,3,4,6],["cc.CompPrefabInfo",["fileId"],2],["cc.ModelBakeSettings",[],3],["cc.Animation",["node","__prefab","_clips","_defaultClip"],3,1,4,3,6],["cc.PrefabInfo",["fileId","instance","targetOverrides","nestedPrefabInstanceRoots","root","asset"],-1,1,1],["cc.Material",["_name","_techIdx","_states","_defines","_props"],-1,12]],[[3,0,2],[0,0,2],[1,0,1,2,3,4,5,2],[2,0,1,2,3,4,5,2],[4,1],[5,0,1,2,3,1],[6,0,1,2,3,4,5,5],[7,0,1,2,3,4,5]],[[[[1,"winLight03"],[2,"winLight03",[[3,"Plane<ModelComponent>",-2,[0,"e0uHCYkZ1D1I9glcT6oLf2"],[0],[4],1],[5,-3,[0,"4c9xy/feJFW6aHRxanMaso"],[2],3]],[6,"d7AB+KPulPr6Wi1VbaT/EJ",null,null,null,-1,0],[3,0.7071067811865475,0,0,0.7071067811865476],[1,40,40,40],[1,89.99999999999999,0,0]]],0,[0,1,1,0,0,1,0,0,1,0,2,1,3],[0,0,0,0],[-1,3,-1,4],[1,2,0,0]],[[[7,"winLight03",1,[{"rasterizerState":{},"depthStencilState":{},"blendState":{"targets":[{}]}}],[{"USE_TEXTURE":true}],[[[{},"mainTexture",6,0]],11]]],0,0,[0,0],[5,6],[3,4]]]]
