[1,["0exBqWeyxEVpEaScYvXJ2Z@6c48a","f2VYIjbWJK2qmqyL7EJ4L6@6c48a","d1NGQ2rJZCcbhjH0/erZWw","f2V3dWcchMramuau0fp4mp","f9bPGKmApP8IkHJfUK5uZ7"],["_particleSystem","_mainTexture","mainTexture","_effectAsset","root","data"],[["cc.CurveRange",["mode","constantMin","constantMax","constant","multiplier","spline"],-2,4],["cc.RealKeyframeValue",["interpolationMode","value","rightTangent","leftTangent"],-1],["cc.Node",["_name","_prefab","_parent","_components","_lrot","_euler","_children","_lpos","_lscale"],2,4,1,2,5,5,2,5,5],["cc.GradientRange",["_mode","color","colorMin","colorMax"],2,5,5,5],["cc.ParticleSystem",["duration","loop","_name","_capacity","node","__prefab","_materials","startColor","startSizeX","startSizeY","startSizeZ","startSpeed","startRotationX","startRotationY","startRotationZ","startDelay","startLifetime","gravityModifier","rateOverTime","rateOverDistance","_colorOverLifetimeModule","_shapeModule","_sizeOvertimeModule","_velocityOvertimeModule","_forceOvertimeModule","_limitVelocityOvertimeModule","_rotationOvertimeModule","_textureAnimationModule","_trailModule","renderer"],-1,1,4,3,4,4,4,4,4,4,4,4,4,4,4,4,4,4,4,4,4,4,4,4,4,4,4],["cc.ShapeModule",["_enable","radius","length","_angle","_shapeType","emitFrom","sphericalDirectionAmount","randomPositionAmount","arcSpeed","_scale"],-5,4,5],["cc.ParticleSystemRenderer",["_velocityScale","_lengthScale","_renderMode","_mainTexture"],0,6],["cc.Material",["_name","_states","_defines","_techIdx","_props"],-1,12],["cc.Prefab",["_name"],2],["cc.PrefabInfo",["fileId","instance","targetOverrides","nestedPrefabInstanceRoots","root","asset"],-1,1,1],["cc.CompPrefabInfo",["fileId"],2],["cc.ColorOvertimeModule",["_enable","color"],2,4],["cc.SizeOvertimeModule",["_enable","size","x","y","z"],2,4,4,4,4],["cc.RealCurve",["preExtrapolation","_times","_values"],1,9],["cc.VelocityOvertimeModule",["x","y","z","speedModifier"],3,4,4,4,4],["cc.ForceOvertimeModule",["x","y","z"],3,4,4,4],["cc.LimitVelocityOvertimeModule",["limitX","limitY","limitZ","limit"],3,4,4,4,4],["cc.RotationOvertimeModule",["x","y","z"],3,4,4,4],["cc.TextureAnimationModule",["frameOverTime","startFrame"],3,4,4],["cc.TrailModule",["lifeTime","widthRatio","colorOverTrail","colorOvertime","_particleSystem"],3,4,4,4,4,1]],[[0,1],[0,3,2],[3,1,1],[9,0,1,2,3,4,5,5],[10,0,2],[3,0,2,3,2],[3,1],[0,0,1,2,4],[0,0,5,2],[11,0,1,2],[12,0,1,2,3,4,2],[13,0,1,2,3],[14,0,1,2,3,1],[15,0,1,2,1],[16,0,1,2,3,1],[17,0,1,2,1],[18,0,1,1],[19,0,1,2,3,4,1],[8,0,2],[2,0,6,1,2],[2,0,2,3,1,7,4,8,5,2],[2,0,2,3,1,4,5,2],[4,2,0,1,4,5,6,7,8,9,10,11,12,13,14,15,16,17,18,19,20,21,22,23,24,25,26,27,28,29,4],[4,0,1,3,4,5,6,7,8,9,10,11,12,13,14,15,16,17,18,19,20,21,22,23,24,25,26,27,28,29,4],[0,0,1,2,4,5],[5,0,4,5,6,7,1,2,3,8,9],[5,0,1,2,3,8,9,5],[1,0,1,2,4],[1,0,1,3,4],[1,0,1,3],[1,0,2],[6,0,1,3,3],[6,2,0,1,3,4],[7,0,3,1,2,4,5],[7,0,1,2,4,4]],[[[[18,"changeGreen"],[19,"changeGreen",[-2,-3],[3,"46Yi+aNW5Lz5O2IPzyL/Hu",null,null,null,-1,0]],[20,"greenLight01",1,[-4],[3,"3aZVnq4ClNybIjTdaaA5L2",null,null,null,1,0],[1,0,0.2,0],[3,0.7071067811865475,0,0,0.7071067811865477],[1,0.25,0.25,0.25],[1,89.99999999999999,0,0]],[22,"upLight01<ParticleSystem>",0.5,false,2,[4,"e7/Eb4UzVBO7vopN3D201x"],[0],[2,[4,4278245001]],[7,3,0.15,0.25],[0],[0],[7,3,3,0.5],[0],[0],[1,6.283185307179586],[0],[1,0.35],[0],[1,80],[0],[9,true,[5,2,[4,4278250334],[4,4278249795]]],[25,true,0,2,0.05,0.1,0.842,2,0.1386838623634694,[1,1]],[10,true,[8,1,[11,2,[0,1],[[27,2,0.43,1.63],[28,2,0.1,-1.61]]]],[0],[0],[0]],[12,[0],[0],[0],[1,1]],[13,[0],[0],[0]],[14,[0],[0],[0],[0]],[15,[0],[0],[0]],[16,[0],[0]],[17,[1,1],[0],[6],[6],-5],[31,0,0,1]],[21,"colorLightG",1,[-6],[3,"78hGn8m3pHcrSqXti9XC0w",null,null,null,1,0],[3,0.7071067811865475,0,0,0.7071067811865477],[1,89.99999999999999,0,0]],[23,0.5,false,80,4,[4,"554xIv5IdBcq2iiOYTEgzm"],[2],[2,[4,4282384222]],[1,0.1],[0],[0],[24,3,1,0.2,2],[0],[0],[1,6.283185307179586],[0],[1,0.4],[0],[1,60],[0],[9,true,[5,2,[4,4278452112],[4,4278583135]]],[26,true,0.4,0.907,0.017453292519943295,[1,1],[1,0.4,0.4,0.4]],[10,true,[8,1,[11,2,[0,1],[[29,2,1],[30,2]]]],[0],[0],[0]],[12,[0],[0],[0],[1,1]],[13,[0],[0],[0]],[14,[0],[0],[0],[0]],[15,[0],[0],[0]],[16,[0],[0]],[17,[1,1],[1,1],[2,[4,4283737885]],[2,[4,4283159944]],-7],[32,1,0,5,3]]],0,[0,4,1,0,-1,2,0,-2,4,0,-1,3,0,0,3,0,-1,5,0,0,5,0,5,1,7],[0,0,0,0],[-1,1,-1,1],[3,0,4,1]],[[[33,"colorLightG",1,[{"rasterizerState":{},"depthStencilState":{},"blendState":{"targets":[{}]}}],[{}],[[[{},"tintColor",8,[4,4294967295],"mainTexture",6,0]],11]]],0,0,[0,0],[2,3],[0,2]],[[[34,"greenLight01",[{"rasterizerState":{},"depthStencilState":{},"blendState":{"targets":[{}]}}],[{}],[[[{},"tintColor",8,[4,4294967295],"mainTexture",6,0]],11]]],0,0,[0,0],[2,3],[1,2]]]]
