[1,["47uqfAoqRD5ojpblK2w9vu","58l5fXpbFD6JA2aS0qHk3s@6474d","58l5fXpbFD6JA2aS0qHk3s@1a29f","58l5fXpbFD6JA2aS0qHk3s@817a9","37qs/78ExOQ5rQaKWqO7fg","58l5fXpbFD6JA2aS0qHk3s@53e16","58l5fXpbFD6JA2aS0qHk3s@56467"],["node","_mesh","root","data","_material"],[["cc.Node",["_name","_prefab","_children","_parent","_components","_lrot","_lscale","_euler"],2,4,2,1,9,5,5,5],["cc.MeshRenderer",["_enabled","node","__prefab","_materials","bakeSettings","_mesh"],2,1,4,3,4,6],["cc.MeshCollider",["_convex","node","__prefab","_mesh"],2,1,4,6],["cc.BoxCollider",["node","__prefab","_center","_size","_material"],3,1,4,5,5,6],["cc.Mesh",["_native","_hash","_struct"],1,11],["cc.Prefab",["_name"],2],["cc.PrefabInfo",["fileId","instance","targetOverrides","nestedPrefabInstanceRoots","root","asset"],-1,1,1],["cc.CompPrefabInfo",["fileId"],2],["cc.ModelBakeSettings",[],3],["cc.RigidBody",["_group","_type","node","__prefab"],1,1,4]],[[7,0,2],[6,0,1,2,3,4,5,5],[0,0,3,4,1,5,6,7,2],[8,1],[1,1,2,3,4,5,1],[4,0,1,2,3],[3,0,1,2,3,1],[2,1,2,3,1],[9,0,1,2,3,3],[5,0,2],[0,0,2,1,2],[0,0,3,2,1,2],[1,0,1,2,3,4,5,2],[2,0,1,2,3,2],[3,0,1,2,3,4,1]],[[[[5,".bin",4092696939,[{"primitives":[{"primitiveMode":7,"vertexBundelIndices":[0],"indexView":{"offset":4704,"length":540,"count":270,"stride":2}}],"vertexBundles":[{"view":{"offset":0,"length":4704,"count":98,"stride":48},"attributes":[{"name":"a_position","format":32,"isNormalized":false},{"name":"a_normal","format":32,"isNormalized":false},{"name":"a_texCoord","format":21,"isNormalized":false},{"name":"a_tangent","format":44,"isNormalized":false}]}]},"minPosition",8,[1,0.009842431172728539,7.629394360719743e-8,-7.629394360719743e-8],"maxPosition",8,[1,0.19685053825378418,2.3622047901153564,0.3937009274959564]]],-1],0,0,[],[],[]],[[[5,".bin",1191632554,[{"primitives":[{"primitiveMode":7,"vertexBundelIndices":[0],"indexView":{"offset":38304,"length":4740,"count":2370,"stride":2}}],"vertexBundles":[{"view":{"offset":0,"length":38304,"count":798,"stride":48},"attributes":[{"name":"a_position","format":32,"isNormalized":false},{"name":"a_normal","format":32,"isNormalized":false},{"name":"a_texCoord","format":21,"isNormalized":false},{"name":"a_tangent","format":44,"isNormalized":false}]}]},"minPosition",8,[1,-0.1968504935503006,7.629394360719743e-8,-7.629394360719743e-8],"maxPosition",8,[1,-0.1771651953458786,2.3622047901153564,0.6064532399177551]]],-1],0,0,[],[],[]],[[[5,".bin",1778636658,[{"primitives":[{"primitiveMode":7,"vertexBundelIndices":[0],"indexView":{"offset":38736,"length":4770,"count":2385,"stride":2}}],"vertexBundles":[{"view":{"offset":0,"length":38736,"count":807,"stride":48},"attributes":[{"name":"a_position","format":32,"isNormalized":false},{"name":"a_normal","format":32,"isNormalized":false},{"name":"a_texCoord","format":21,"isNormalized":false},{"name":"a_tangent","format":44,"isNormalized":false}]}]},"minPosition",8,[1,-0.00984260905534029,7.629394360719743e-8,-7.629394360719743e-8],"maxPosition",8,[1,0.009842717088758945,2.3622047901153564,0.6064532399177551]]],-1],0,0,[],[],[]],[[[5,".bin",2464124722,[{"primitives":[{"primitiveMode":7,"vertexBundelIndices":[0],"indexView":{"offset":4704,"length":540,"count":270,"stride":2}}],"vertexBundles":[{"view":{"offset":0,"length":4704,"count":98,"stride":48},"attributes":[{"name":"a_position","format":32,"isNormalized":false},{"name":"a_normal","format":32,"isNormalized":false},{"name":"a_texCoord","format":21,"isNormalized":false},{"name":"a_tangent","format":44,"isNormalized":false}]}]},"minPosition",8,[1,-0.19685044884681702,7.629394360719743e-8,-7.629394360719743e-8],"maxPosition",8,[1,-0.009842351078987122,2.3622047901153564,0.5911835432052612]]],-1],0,0,[],[],[]],[[[5,".bin",3565178246,[{"primitives":[{"primitiveMode":7,"vertexBundelIndices":[0],"indexView":{"offset":37440,"length":4740,"count":2370,"stride":2}}],"vertexBundles":[{"view":{"offset":0,"length":37440,"count":780,"stride":48},"attributes":[{"name":"a_position","format":32,"isNormalized":false},{"name":"a_normal","format":32,"isNormalized":false},{"name":"a_texCoord","format":21,"isNormalized":false},{"name":"a_tangent","format":44,"isNormalized":false}]}]},"minPosition",8,[1,0.17716512084007263,7.629394360719743e-8,-7.629394360719743e-8],"maxPosition",8,[1,0.19685053825378418,2.3622047901153564,0.40944889187812805]]],-1],0,0,[],[],[]],[[[9,"road06"],[10,"road06",[-2],[1,"e9aAXa9n1NnbWk2pc7bgxg",null,null,null,-1,0]],[11,"RootNode",1,[-3,-4,-5,-6,-7,-8,-9],[1,"b9AIX0c29PXY2vGYdzggfe",null,null,null,1,0]],[2,"road06LA-001",2,[[12,false,-10,[0,"2eUpyG50tNHZXybRR2KpvR"],[12],[3],13],[7,-11,[0,"484GJ0fI1CH4gsgIzArxDv"],14],[8,16,2,-12,[0,"f0vATGo+tMEqJBnFClGafX"]]],[1,"35YAUMlk1Bz4Oe1mAzGhij",null,null,null,1,0],[3,-0.7071067811865476,0,0,0.7071067811865476],[1,2.53999996185303,2.53999996185303,2.53999996185303],[1,-90.00000000000003,0,0]],[2,"road06RA-001",2,[[4,-13,[0,"630HzpN+lK/pU6PByunPDg"],[15],[3],16],[7,-14,[0,"02AS3SjcVFdqcsXVEioB0g"],17],[8,16,2,-15,[0,"b6k+uVBttNMIutUeMnTmEE"]]],[1,"30XNrvkDxOJpco9IephpFM",null,null,null,1,0],[3,-0.7071067811865476,0,0,0.7071067811865476],[1,2.53999996185303,2.53999996185303,2.53999996185303],[1,-90.00000000000003,0,0]],[2,"road06RB",2,[[4,-16,[0,"afXMNJAGBF94v2yYoTp0Zv"],[0],[3],1],[14,-17,[0,"64A6lXATJMNa+aoEb53Shg"],[1,0.187,1.184,0.6],[1,0.02,2.368,0.7],2]],[1,"18F4oa1vhHPJuJjWfWkCRV",null,null,null,1,0],[3,-0.7071067811865476,0,0,0.7071067811865476],[1,2.53999996185303,2.53999996185303,2.53999996185303],[1,-90.00000000000003,0,0]],[2,"road06LA",2,[[4,-18,[0,"97YpHGA5hCNKUQYHcDTLsX"],[3],[3],4],[13,true,-19,[0,"6fajfMmpxPJLhG5jTeoiBx"],5]],[1,"51GIB/OWFJwLUnhCVwuAzR",null,null,null,1,0],[3,-0.7071067811865476,0,0,0.7071067811865476],[1,2.53999996185303,2.53999996185303,2.53999996185303],[1,-90.00000000000003,0,0]],[2,"road06RA",2,[[4,-20,[0,"4a6dt5d1RG4rPXhfu8EikF"],[6],[3],7],[6,-21,[0,"64A6lXATJMNa+aoEb53Shg"],[1,0.095,1.181,0.194],[1,0.169,2.364,0.4]]],[1,"3alQ+zUL1EVJo+N0WpF93/",null,null,null,1,0],[3,-0.7071067811865476,0,0,0.7071067811865476],[1,2.53999996185303,2.53999996185303,2.53999996185303],[1,-90.00000000000003,0,0]],[2,"road06LB",2,[[4,-22,[0,"8cG3Ld3BdD/ZNoDj3W6/p6"],[8],[3],9],[6,-23,[0,"64A6lXATJMNa+aoEb53Shg"],[1,-0.187,1.184,0.6],[1,0.02,2.368,0.7]]],[1,"e6+Rl+zr5KRqPDIQd6nKeW",null,null,null,1,0],[3,-0.7071067811865476,0,0,0.7071067811865476],[1,2.53999996185303,2.53999996185303,2.53999996185303],[1,-90.00000000000003,0,0]],[2,"road06LC",2,[[4,-24,[0,"04cQ0oMdJM2KCDdNhdYrIb"],[10],[3],11],[6,-25,[0,"64A6lXATJMNa+aoEb53Shg"],[1,0,1.184,0.6],[1,0.02,2.368,0.7]]],[1,"3bs9zWOv5BI5NC360QcxBp",null,null,null,1,0],[3,-0.7071067811865476,0,0,0.7071067811865476],[1,2.53999996185303,2.53999996185303,2.53999996185303],[1,-90.00000000000003,0,0]]],0,[0,2,1,0,-1,2,0,-1,5,0,-2,6,0,-3,7,0,-4,8,0,-5,9,0,-6,3,0,-7,4,0,0,3,0,0,3,0,0,3,0,0,4,0,0,4,0,0,4,0,0,5,0,0,5,0,0,6,0,0,6,0,0,7,0,0,7,0,0,8,0,0,8,0,0,9,0,0,9,0,3,1,25],[0,0,0,0,0,0,0,0,0,0,0,0,0,0,0,0,0,0],[-1,1,4,-1,1,1,-1,1,-1,1,-1,1,-1,1,1,-1,1,1],[0,3,4,0,1,1,0,2,0,5,0,6,0,1,1,0,2,2]]]]
