[1,["d6eEbq5nFO2KviOrnGM3xh","26KZCvtdtABboxPSN5R+j2@6c48a","1brw/JvvpFnIvdrxpFCgMZ","66e8aHk+dJub60hf19WCxI","46uquly1ZJr6CxEUIv62LC@c1df8"],["node","mainTexture","_effectAsset","root","data","_parent","_mesh","_defaultClip"],[["cc.Node",["_name","_prefab","_children","_components","_lpos","_lrot","_lscale","_euler","_parent"],2,4,2,9,5,5,5,5,1],["cc.Mesh",["_native","_hash","_struct"],1,11],["cc.Material",["_name","_states","_defines","_props"],0,12],["cc.Prefab",["_name"],2],["cc.Animation",["playOnLoad","node","__prefab","_clips","_defaultClip"],2,1,4,3,6],["cc.CompPrefabInfo",["fileId"],2],["cc.PrefabInfo",["fileId","instance","targetOverrides","nestedPrefabInstanceRoots","root","asset"],-1,1,1],["cc.MeshRenderer",["_shadowCastingMode","node","__prefab","_materials","bakeSettings","_mesh"],2,1,4,3,4,6],["cc.ModelBakeSettings",[],3],["cc.RigidBody",["_type","node","__prefab"],2,1,4],["52708yzRJRNKKmsD4pqaco/",["colliderName","node","__prefab"],2,1,4],["cc.BoxCollider",["_isTrigger","node","__prefab","_center","_size"],2,1,4,5,5]],[[5,0,2],[6,0,1,2,3,4,5,5],[1,0,1,2,3],[2,0,1,2,3,4],[3,0,2],[0,0,2,3,1,2],[0,0,3,1,4,5,6,7,2],[0,0,8,2,1,2],[4,0,1,2,3,4,2],[7,0,1,2,3,4,5,2],[8,1],[9,0,1,2,2],[10,0,1,2,2],[11,0,1,2,3,4,2]],[[[[2,".bin",3969994605,[{"primitives":[{"primitiveMode":7,"vertexBundelIndices":[0],"indexView":{"offset":28224,"length":1644,"count":822,"stride":2}}],"vertexBundles":[{"view":{"offset":0,"length":28224,"count":588,"stride":48},"attributes":[{"name":"a_position","format":32,"isNormalized":false},{"name":"a_normal","format":32,"isNormalized":false},{"name":"a_texCoord","format":21,"isNormalized":false},{"name":"a_tangent","format":44,"isNormalized":false}]}]},"minPosition",8,[1,-0.04192405566573143,-0.14446114003658295,-0.04308554530143738],"maxPosition",8,[1,0.32797878980636597,0.14446112513542175,0.043497152626514435]]],-1],0,0,[],[],[]],[[[3,"spikePlate",[{"rasterizerState":{},"depthStencilState":{},"blendState":{"targets":[{}]}},{},{}],[{"USE_INSTANCING":true,"USE_ALBEDO_MAP":true},{},{}],[[[{"roughness":0.9,"metallic":0.3},"emissive",8,[4,0],"mainTexture",6,0],{},{}],11,0,0]]],0,0,[0,0],[1,2],[1,2]],[[[4,"maceSector"],[5,"maceSector",[-3],[[8,true,-2,[0,"e1hBpdt7dJFpCf690nrQ9h"],[2],3]],[1,"bbxxc3dgBPp7wvuawTpsBP",null,null,null,-1,0]],[6,"spikePlate",[[9,1,-4,[0,"69h0mbc8FXyajgVBhZUwAp"],[0],[10],1],[11,2,-5,[0,"408SPq+whFLYhozUUtr+s/"]],[12,2,-6,[0,"13eAjbAaFAmrnH5y2fLqx6"]],[13,true,-7,[0,"67u25mfuFEALqqTW7n1kLf"],[1,0.15,0,0],[1,0.3,0.2,0.03]]],[1,"e3Ryh36ypGNI6eal6PTtZN",null,null,null,1,0],[1,0,0.106000021100044,0],[3,-0.7071067811865477,0,0,0.7071067811865474],[1,2.53999996185303,2.53999996185303,2.53999996185303],[1,-90.00000000000003,0,0]],[7,"RootNode",1,[2],[1,"d5o5LBQwBHxoq5kpxZswNv",null,null,null,1,0]]],0,[0,3,1,0,0,1,0,-1,3,0,0,2,0,0,2,0,0,2,0,0,2,0,4,1,2,5,3,7],[0,0,0,0],[-1,6,-1,7],[3,4,0,0]]]]
