[1,["7auP//ht5KlZ2vJE2xCZaK@6c48a","6dLDx/Zy9DIqTeIw/X8gBa@6c48a","d1NGQ2rJZCcbhjH0/erZWw","bcU5YvUY9GzJ1EvjCCh9Km","fcewRkmutOQZ+UdhgHOcwM"],["_particleSystem","_mainTexture","mainTexture","_effectAsset","root","data"],[["cc.RealKeyframeValue",["interpolationMode","value","rightTangent","leftTangent"],-1],["cc.CurveRange",["mode","constantMax","constant","constantMin","spline"],-1,4],["cc.Node",["_name","_prefab","_children","_parent","_components","_lrot","_euler"],2,4,2,1,2,5,5],["cc.ParticleSystem",["duration","loop","_capacity","scaleSpace","_simulationSpace","node","__prefab","_materials","startColor","startSizeX","startSizeY","startSizeZ","startSpeed","startRotationX","startRotationY","startRotationZ","startDelay","startLifetime","gravityModifier","rateOverTime","rateOverDistance","_colorOverLifetimeModule","_shapeModule","_sizeOvertimeModule","_velocityOvertimeModule","_forceOvertimeModule","_limitVelocityOvertimeModule","_rotationOvertimeModule","_textureAnimationModule","_trailModule","renderer"],-2,1,4,3,4,4,4,4,4,4,4,4,4,4,4,4,4,4,4,4,4,4,4,4,4,4,4],["cc.ShapeModule",["_enable","_shapeType","emitFrom","radius","length","arcSpeed","_scale"],-2,4,5],["cc.SizeOvertimeModule",["_enable","size","x","y","z"],2,4,4,4,4],["cc.TextureAnimationModule",["_enable","_numTilesX","_numTilesY","cycleCount","frameOverTime","startFrame"],-1,4,4],["cc.ParticleSystemRenderer",["_renderMode","_velocityScale","_lengthScale","_mainTexture"],0,6],["cc.Prefab",["_name"],2],["cc.PrefabInfo",["fileId","instance","targetOverrides","nestedPrefabInstanceRoots","root","asset"],-1,1,1],["cc.CompPrefabInfo",["fileId"],2],["cc.GradientRange",[],3],["cc.ColorOvertimeModule",["color"],3,4],["cc.RealCurve",["preExtrapolation","_times","_values"],1,9],["cc.VelocityOvertimeModule",["x","y","z","speedModifier"],3,4,4,4,4],["cc.ForceOvertimeModule",["x","y","z"],3,4,4,4],["cc.LimitVelocityOvertimeModule",["limitX","limitY","limitZ","limit"],3,4,4,4,4],["cc.RotationOvertimeModule",["x","y","z"],3,4,4,4],["cc.TrailModule",["lifeTime","widthRatio","colorOverTrail","colorOvertime","_particleSystem"],3,4,4,4,4,1],["cc.Material",["_name","_techIdx","_states","_defines","_props"],-1,12]],[[1,1],[1,2,2],[11,1],[9,0,1,2,3,4,5,5],[1,0,4,2],[13,0,1,2,3],[2,0,3,4,1,5,6,2],[10,0,2],[1,0,3,1,4],[12,0,1],[14,0,1,2,3,1],[15,0,1,2,1],[16,0,1,2,3,1],[17,0,1,2,1],[18,0,1,2,3,4,1],[19,0,1,2,3,4,5],[8,0,2],[2,0,2,1,2],[3,3,0,1,2,4,5,6,7,8,9,10,11,12,13,14,15,16,17,18,19,20,21,22,23,24,25,26,27,28,29,30,6],[3,0,1,2,5,6,7,8,9,10,11,12,13,14,15,16,17,18,19,20,21,22,23,24,25,26,27,28,29,30,4],[1,0,1,3],[4,0,1,2,3,4,5,6,6],[4,0,1,2,3,5,5],[5,1,2,3,4,1],[5,0,1,2,3,4,2],[0,0,1,2,4],[0,0,3,3],[0,0,2,3,4],[0,0,1,2,3,5],[0,0,1,3],[0,0,2],[6,0,1,2,3,4,5,5],[6,4,5,1],[7,3,1],[7,0,1,2,3,4]],[[[[16,"fightBoom"],[17,"fightBoom",[-2,-3],[3,"81uMTJLCRIzYhe1ujckPMp",null,null,null,-1,0]],[6,"hitLineQ",1,[-4],[3,"38RcyXdYxFBqadKGsllEag",null,null,null,1,0],[3,0.7071067811865475,0,0,0.7071067811865476],[1,89.99999999999999,0,0]],[18,0,0.5,false,8,2,2,[7,"0b7a7v3FVOCpzmec7amMlB"],[0],[2],[1,0.3],[0],[0],[20,3,0.3],[0],[0],[0],[0],[1,0.4],[0],[1,4],[0],[9,[2]],[21,true,1,2,0.36,0.5,[1,1],[1,0.1,0.1,0.1]],[23,[4,1,[5,2,[0,0.5],[[25,2,0.9,4.07],[26,2,-6.67]]]],[0],[0],[0]],[10,[0],[0],[0],[1,1]],[11,[0],[0],[0]],[12,[0],[0],[0],[0]],[13,[0],[0],[0]],[31,true,2,2,1,[4,1,[5,2,[0,1],[[27,2,1,1],[28,2,1,1,1]]]],[0]],[14,[1,1],[0],[2],[2],-5],[33,1]],[6,"hitLineW",1,[-6],[3,"27CJC4PdVDIp3puoVXe8oV",null,null,null,1,0],[3,0.7071067811865475,0,0,0.7071067811865476],[1,90,0,0]],[19,0.3,false,90,4,[7,"0b7a7v3FVOCpzmec7amMlB"],[2],[2],[8,3,0.07,0.03],[0],[0],[8,3,0.7,0.1],[0],[0],[0],[1,0.3],[1,0.4],[0],[1,90],[0],[9,[2]],[22,true,3,2,0.15,[1,1]],[24,true,[4,1,[5,2,[0,1],[[29,2,1],[30,2]]]],[0],[0],[0]],[10,[0],[0],[0],[1,1]],[11,[0],[0],[0]],[12,[0],[0],[0],[0]],[13,[0],[0],[0]],[32,[0],[0]],[14,[1,1],[0],[2],[2],-7],[34,1,0.25,2,3]]],0,[0,4,1,0,-1,2,0,-2,4,0,-1,3,0,0,3,0,-1,5,0,0,5,0,5,1,7],[0,0,0,0],[-1,1,-1,1],[3,0,4,1]],[[[15,"hitLineQ",1,[{"rasterizerState":{},"depthStencilState":{},"blendState":{"targets":[{}]}}],[{}],[[[{},"mainTexture",6,0]],11]]],0,0,[0,0],[2,3],[0,2]],[[[15,"hitLineW",1,[{"rasterizerState":{},"depthStencilState":{},"blendState":{"targets":[{}]}}],[{}],[[[{},"mainTexture",6,0]],11]]],0,0,[0,0],[2,3],[1,2]]]]
