[1,["5cwjWTOERMEJLoCaV4uVqY","73W0wECj1PIIzUp+WeUNNr@1e692","79YgbG7K1OvJ4/IO7ECNad@6c48a","1brw/JvvpFnIvdrxpFCgMZ"],["node","root","data","_mesh","mainTexture","_effectAsset"],[["cc.Node",["_name","_prefab","_children","_components","_lrot","_euler","_parent","_lpos","_lscale"],2,4,2,9,5,5,1,5,5],["cc.Prefab",["_name"],2],["cc.BoxCollider",["_isTrigger","node","__prefab","_center","_size"],2,1,4,5,5],["cc.CompPrefabInfo",["fileId"],2],["cc.RigidBody",["_group","_type","node","__prefab"],1,1,4],["52708yzRJRNKKmsD4pqaco/",["colliderName","node","__prefab"],2,1,4],["cc.PrefabInfo",["fileId","instance","targetOverrides","nestedPrefabInstanceRoots","root","asset"],-1,1,1],["cc.MeshRenderer",["_shadowCastingMode","node","__prefab","_materials","bakeSettings","_mesh"],2,1,4,3,4,6],["cc.ModelBakeSettings",[],3],["cc.Material",["_name","_states","_defines","_props"],0,12],["cc.Mesh",["_native","_hash","_struct"],1,11]],[[3,0,2],[6,0,1,2,3,4,5,5],[1,0,2],[0,0,2,3,1,7,4,5,2],[0,0,6,2,1,2],[0,0,6,3,1,4,8,5,2],[2,0,1,2,3,4,2],[4,0,1,2,3,3],[5,0,1,2,2],[7,0,1,2,3,4,5,2],[8,1],[9,0,1,2,3,4],[10,0,1,2,3]],[[[[2,"hatchet"],[3,"hatchet",[-5],[[6,true,-2,[0,"87HnAwBnNE0ID9rgG38GQs"],[1,-0.2,0.75,0],[1,0.3,0.3,0.05]],[7,4,2,-3,[0,"092DhKZYFEtricdIwUOnYK"]],[8,26,-4,[0,"a2AetbNYFEW6SoUf1TY7V6"]]],[1,"53xU3B+2RePreDZnMuAvUe",null,null,null,-1,0],[1,0.1,0.04,-0.05],[3,-0.019011960800737027,0.6558113794555541,0.7544699574599664,0.01802950951831372],[1,262,-183,0.13]],[4,"RootNode",1,[-6],[1,"782wWfztlQz6Oz0WECVGKK",null,null,null,1,0]],[5,"hatchet",2,[[9,1,-7,[0,"2f/9558PxYT62EMkgTjcz7"],[0],[10],1]],[1,"farTML5m9a7L8G/vRoAIV9",null,null,null,1,0],[3,-0.7071067811865476,0,0,0.7071067811865476],[1,2.53999996185303,2.53999996185303,2.53999996185303],[1,-90.00000000000003,0,0]]],0,[0,1,1,0,0,1,0,0,1,0,0,1,0,-1,2,0,-1,3,0,0,3,0,2,1,7],[0,0],[-1,3],[0,1]],[[[11,"hatchet",[{"rasterizerState":{},"depthStencilState":{},"blendState":{"targets":[{}]}},{},{}],[{"USE_ALBEDO_MAP":true},{},{}],[[[{"roughness":0.6,"metallic":0.2},"albedoScale",8,[1,0.588235318660736,0.588235318660736,0.588235318660736],"mainTexture",6,0],{},{}],11,0,0]]],0,0,[0,0],[4,5],[2,3]],[[[12,".bin",1387611460,[{"primitives":[{"primitiveMode":7,"vertexBundelIndices":[0],"indexView":{"offset":9168,"length":1176,"count":588,"stride":2}}],"vertexBundles":[{"view":{"offset":0,"length":9168,"count":191,"stride":48},"attributes":[{"name":"a_position","format":32,"isNormalized":false},{"name":"a_normal","format":32,"isNormalized":false},{"name":"a_texCoord","format":21,"isNormalized":false},{"name":"a_tangent","format":44,"isNormalized":false}]}]},"minPosition",8,[1,-0.15612956881523132,-0.02712995931506157,0.0000064468381424376275],"maxPosition",8,[1,0.050432752817869186,0.027130020782351494,0.41563597321510315]]],-1],0,0,[],[],[]]]]
