[1,["186744160@6c48a"],["_textureSource"],["cc.SpriteFrame"],0,[[[{"name":"commonBox01","rect":{"x":463,"y":3,"width":119,"height":35},"offset":{"x":0,"y":0},"originalSize":{"width":119,"height":35},"rotated":true,"capInsets":[0,0,0,0],"packable":true,"pixelsToUnit":100,"pivot":{"x":0.5,"y":0.5},"meshType":0}],[0],0,[0],[0],[0]],[[{"name":"load","rect":{"x":79,"y":704,"width":120,"height":120},"offset":{"x":0,"y":0},"originalSize":{"width":120,"height":120},"rotated":false,"capInsets":[0,0,0,0],"packable":true,"pixelsToUnit":100,"pivot":{"x":0.5,"y":0.5},"meshType":0}],[0],0,[0],[0],[0]],[[{"name":"commonRectangle8","rect":{"x":79,"y":645,"width":400,"height":53},"offset":{"x":0,"y":2.5},"originalSize":{"width":400,"height":60},"rotated":false,"capInsets":[0,0,0,0],"packable":true,"pixelsToUnit":100,"pivot":{"x":0.5,"y":0.5},"meshType":0}],[0],0,[0],[0],[0]],[[{"name":"commonBtn01","rect":{"x":205,"y":704,"width":280,"height":90},"offset":{"x":0,"y":0},"originalSize":{"width":280,"height":90},"rotated":false,"capInsets":[25,0,25,0],"packable":true,"pixelsToUnit":100,"pivot":{"x":0.5,"y":0.5},"meshType":0}],[0],0,[0],[0],[0]],[[{"name":"commonRectangle","rect":{"x":3,"y":3,"width":636,"height":454},"offset":{"x":0,"y":0},"originalSize":{"width":636,"height":454},"rotated":true,"capInsets":[15,15,15,15],"packable":true,"pixelsToUnit":100,"pivot":{"x":0.5,"y":0.5},"meshType":0}],[0],0,[0],[0],[0]],[[{"name":"commonBtn02","rect":{"x":3,"y":645,"width":179,"height":70},"offset":{"x":0,"y":0},"originalSize":{"width":179,"height":70},"rotated":true,"capInsets":[25,0,25,0],"packable":true,"pixelsToUnit":100,"pivot":{"x":0.5,"y":0.5},"meshType":0}],[0],0,[0],[0],[0]],[[{"name":"commonIconClose","rect":{"x":463,"y":128,"width":30,"height":30},"offset":{"x":0,"y":0},"originalSize":{"width":30,"height":30},"rotated":false,"capInsets":[0,0,0,0],"packable":true,"pixelsToUnit":100,"pivot":{"x":0.5,"y":0.5},"meshType":0}],[0],0,[0],[0],[0]],[[{"name":"commonIconPlay","rect":{"x":463,"y":164,"width":26,"height":21},"offset":{"x":0,"y":0},"originalSize":{"width":26,"height":21},"rotated":false,"capInsets":[0,0,0,0],"packable":true,"pixelsToUnit":100,"pivot":{"x":0.5,"y":0.5},"meshType":0}],[0],0,[0],[0],[0]],[[{"name":"singleColor","rect":{"x":504,"y":3,"width":2,"height":2},"offset":{"x":0,"y":0},"originalSize":{"width":2,"height":2},"rotated":false,"capInsets":[0,0,0,0],"packable":true,"pixelsToUnit":100,"pivot":{"x":0.5,"y":0.5},"meshType":0}],[0],0,[0],[0],[0]]]]
