[1,["8aNqc8vHlI/qD2J3ucUy7a@6c48a","d1NGQ2rJZCcbhjH0/erZWw","d2g9NgVNZLRKDOeA/XF0hI@6c48a","30oTdZBxZPkLvep5dAv4Sd","a27EAVtvFKNYnbioQF+JI0"],["mainTexture","_effectAsset","_particleSystem","_mainTexture","root","data"],[["cc.CurveRange",["mode","constantMax","constantMin","constant","multiplier","spline"],-2,4],["cc.RealKeyframeValue",["interpolationMode","leftTangent","value","rightTangent"],-1],["cc.GradientRange",["_mode","color","colorMin","colorMax"],2,5,5,5],["cc.Node",["_name","_layer","_prefab","_children","_parent","_components","_lpos","_lrot","_euler"],1,4,2,1,2,5,5,5],["cc.ParticleSystem",["duration","loop","_capacity","_name","node","__prefab","_materials","startColor","startSizeX","startSizeY","startSizeZ","startSpeed","startRotationX","startRotationY","startRotationZ","startDelay","startLifetime","gravityModifier","rateOverTime","rateOverDistance","_colorOverLifetimeModule","_shapeModule","_sizeOvertimeModule","_velocityOvertimeModule","_forceOvertimeModule","_limitVelocityOvertimeModule","_rotationOvertimeModule","_textureAnimationModule","_trailModule","renderer"],-1,1,4,3,4,4,4,4,4,4,4,4,4,4,4,4,4,4,4,4,4,4,4,4,4,4,4],["cc.ColorOvertimeModule",["_enable","color"],2,4],["cc.ShapeModule",["_enable","radius","length","_angle","_shapeType","arcSpeed","_scale"],-2,4,5],["cc.RotationOvertimeModule",["_enable","x","y","z"],2,4,4,4],["cc.TextureAnimationModule",["_enable","_numTilesX","_numTilesY","cycleCount","frameOverTime","startFrame"],-1,4,4],["cc.ParticleSystemRenderer",["_renderMode","_mainTexture"],2,6],["cc.Material",["_name","_states","_defines","_props"],0,12],["cc.Prefab",["_name"],2],["cc.PrefabInfo",["fileId","instance","targetOverrides","nestedPrefabInstanceRoots","root","asset"],-1,1,1],["cc.CompPrefabInfo",["fileId"],2],["cc.SizeOvertimeModule",["_enable","size","x","y","z"],2,4,4,4,4],["cc.RealCurve",["preExtrapolation","_times","_values"],1,9],["cc.VelocityOvertimeModule",["x","y","z","speedModifier"],3,4,4,4,4],["cc.ForceOvertimeModule",["x","y","z"],3,4,4,4],["cc.LimitVelocityOvertimeModule",["limitX","limitY","limitZ","limit"],3,4,4,4,4],["cc.TrailModule",["lifeTime","widthRatio","colorOverTrail","colorOvertime","_particleSystem"],3,4,4,4,4,1]],[[0,1],[0,3,2],[2,1],[12,0,1,2,3,4,5,5],[0,0,1,3],[0,0,5,2],[0,0,2,1,4],[15,0,1,2,3],[1,0,2,3,1,5],[10,0,1,2,3,4],[3,0,1,4,5,2,6,7,8,3],[13,0,2],[2,0,2,3,2],[14,0,1,2,3,4,2],[16,0,1,2,3,1],[17,0,1,2,1],[18,0,1,2,3,1],[19,0,1,2,3,4,1],[11,0,2],[3,0,1,3,2,3],[4,0,1,2,4,5,6,7,8,9,10,11,12,13,14,15,16,17,18,19,20,21,22,23,24,25,26,27,28,29,4],[4,3,0,1,2,4,5,6,7,8,9,10,11,12,13,14,15,16,17,18,19,20,21,22,23,24,25,26,27,28,29,5],[2,1,1],[0,0,2,1,4,5],[5,0,1,2],[5,1,1],[6,0,1,2,3,5,6,5],[6,0,4,5,6,3],[1,0,2,1,4],[1,0,1,3],[1,0,3,1,4],[7,0,1,2,3,2],[7,1,2,3,1],[8,4,5,1],[8,0,1,2,3,4,5,5],[9,1,1],[9,0,1,2]],[[[[9,"boxOpen",[{"rasterizerState":{},"depthStencilState":{},"blendState":{"targets":[{}]}}],[{}],[[[{},"tintColor",8,[4,4294967295],"mainTexture",6,0]],11]]],0,0,[0,0],[0,1],[0,1]],[[[9,"boxUpLight01",[{"rasterizerState":{},"depthStencilState":{},"blendState":{"targets":[{}]}}],[{}],[[[{},"tintColor",8,[4,4285887861],"mainTexture",6,0]],11]]],0,0,[0,0],[0,1],[2,1]],[[[18,"boxOpen02"],[19,"boxOpen02",524288,[-2,-3],[3,"e4mNuIGHdHgJ2emn9xOhKY",null,null,null,-1,0]],[10,"boxOpen",524288,1,[-4],[3,"60my0vdKdIIIMKGVdamseC",null,null,null,1,0],[1,0,0.2,0],[3,0.7071067811865475,0,0,0.7071067811865476],[1,89.99999999999999,0,0]],[20,1,false,90,2,[11,"0b7a7v3FVOCpzmec7amMlB"],[0],[22,[4,4294954658]],[1,0.5],[0],[0],[23,3,2,1,6],[0],[0],[4,3,6.283185307179586],[0],[1,0.5],[0],[1,90],[0],[24,true,[12,2,[4,4294523903],[4,4288086252]]],[26,true,0.447,1.393,0.3398505119483359,[1,1],[1,0.4,0.4,0.4]],[13,true,[5,1,[7,2,[0,1],[[8,2,0.61,2.1,2],[28,2,0.21,-1.95]]]],[0],[0],[0]],[14,[0],[0],[0],[1,1]],[15,[0],[0],[0]],[16,[0],[0],[0],[0]],[31,true,[0],[0],[4,3,6.283185307179586]],[33,[0],[0]],[17,[1,1],[0],[2],[2],-5],[35,1]],[10,"boxUpLight01",524288,1,[-6],[3,"ffNSm/NOJMRKwuXVqy4L1W",null,null,null,1,0],[1,0,0.39,0],[3,0.7071067811865475,0,0,0.7071067811865476],[1,89.99999999999999,0,0]],[21,"upLight01<ParticleSystem>",1,false,90,4,[11,"e7/Eb4UzVBO7vopN3D201x"],[2],[12,2,[4,4294926053],[4,4284374783]],[6,3,0.1,0.3],[0],[0],[6,3,1.5,0.8],[0],[0],[4,3,6.283185307179586],[0],[1,0.6],[0],[6,3,90,85],[0],[25,[2]],[27,true,4,[1,1],[1,0.3,0.3,0.3]],[13,true,[5,1,[7,2,[0,1],[[8,2,0.6,2,2],[29,2,-3.17]]]],[0],[0],[0]],[14,[0],[0],[0],[1,1]],[15,[0],[0],[0]],[16,[0],[0],[0],[0]],[32,[0],[0],[0]],[34,true,4,2,1,[5,1,[7,2,[0,1],[[30,2,1,1],[8,2,1,1,1]]]],[0]],[17,[1,1],[0],[2],[2],-7],[36,3,3]]],0,[0,4,1,0,-1,2,0,-2,4,0,-1,3,0,2,3,0,-1,5,0,2,5,0,5,1,7],[0,0,0,0],[-1,3,-1,3],[3,0,4,2]]]]
