[1,["e9DHIZJR9H/7UvJ+PWTrBg","c3081UoKhLwa40gRCh4clL@7ef92","0aU3asWG5AJLwrXVWGMrMT@6c48a","1brw/JvvpFnIvdrxpFCgMZ"],["root","node","data","_mesh","mainTexture","_effectAsset"],[["cc.Node",["_name","_prefab","_children","_lrot","_euler","_parent","_lpos","_components","_lscale"],2,4,2,5,5,1,5,9,5],["cc.Prefab",["_name"],2],["cc.PrefabInfo",["fileId","instance","targetOverrides","nestedPrefabInstanceRoots","root","asset"],-1,1,1],["cc.MeshRenderer",["node","__prefab","_materials","bakeSettings","_mesh"],3,1,4,3,4,6],["cc.CompPrefabInfo",["fileId"],2],["cc.ModelBakeSettings",[],3],["cc.Mesh",["_native","_hash","_struct"],1,11],["cc.Material",["_name","_states","_defines","_props"],0,12]],[[2,0,1,2,3,4,5,5],[1,0,2],[0,0,2,1,6,3,4,2],[0,0,5,2,1,2],[0,0,5,7,1,3,8,4,2],[3,0,1,2,3,4,1],[4,0,2],[5,1],[6,0,1,2,3],[7,0,1,2,3,4]],[[[[1,"shoesL"],[2,"shoesL",[-2],[0,"98YEYAoutJd5eF8N3ia6Nw",null,null,null,-1,0],[1,-0.09,-0.008,0],[3,0,0.7071067811865475,0,0.7071067811865477],[1,0,89.99999999999999,0]],[3,"RootNode",1,[-3],[0,"d1AqEgocVNV5XFhkb4aK5Q",null,null,null,1,0]],[4,"shoes",2,[[5,-4,[6,"d8PN5caW5N25mECqTt1NZd"],[0],[7],1]],[0,"b2vZMkMS9CpIyGBDk0B8bD",null,null,null,1,0],[3,-0.7071067811865476,0,0,0.7071067811865476],[1,2.53999996185303,2.53999996185303,2.53999996185303],[1,-90.00000000000003,0,0]]],0,[0,0,1,0,-1,2,0,-1,3,0,1,3,0,2,1,4],[0,0],[-1,3],[0,1]],[[[8,".bin",3436633638,[{"primitives":[{"primitiveMode":7,"vertexBundelIndices":[0],"indexView":{"offset":34608,"length":1956,"count":978,"stride":2}}],"vertexBundles":[{"view":{"offset":0,"length":34608,"count":721,"stride":48},"attributes":[{"name":"a_position","format":32,"isNormalized":false},{"name":"a_normal","format":32,"isNormalized":false},{"name":"a_texCoord","format":21,"isNormalized":false},{"name":"a_tangent","format":44,"isNormalized":false}]}]},"minPosition",8,[1,-0.03818066418170929,-0.08753110468387604,-7.796287491146359e-7],"maxPosition",8,[1,0.0375269316136837,0.037047792226076126,0.0313652828335762]]],-1],0,0,[],[],[]],[[[9,"shoes",[{"rasterizerState":{},"depthStencilState":{},"blendState":{"targets":[{}]}},{},{}],[{"USE_ALBEDO_MAP":true},{},{}],[[[{"roughness":0.7,"metallic":0},"albedoScale",8,[1,0.588235318660736,0.588235318660736,0.588235318660736],"emissive",8,[4,4278205255],"mainTexture",6,0],{},{}],11,0,0]]],0,0,[0,0],[4,5],[2,3]]]]
